category,article_type,majority_service,style_id,product_total_gmv,category_total_gmv,overall_total_gmv,overall_category_percentage_contribution,category__product_percentage_contribution,overall_product_percentage_contribution,rnk
Indoor Equipment,Treadmill,OTHERS,,41440549,370477394,1078814296,34.341164681785045,11.185715963009608,3.841305139693848,1
Indoor Equipment,Spin Bike,OTHERS,,13172661,370477394,1078814296,34.341164681785045,3.555591032903886,1.2210313720203056,2
Indoor Equipment,Massage Chair,OTHERS,804382,12639702,370477394,1078814296,34.341164681785045,3.4117336724734137,1.1716290789680082,3
Indoor Equipment,Treadmill,GYM,,12352444,370477394,1078814296,34.341164681785045,3.3341964179331276,1.1450018826965935,4
Indoor Equipment,Treadmill,OTHERS,802154,10318825,370477394,1078814296,34.341164681785045,2.785277905512367,0.9564968723773752,5
Indoor Equipment,Strength,OTHERS,,10005696,370477394,1078814296,34.341164681785045,2.700757498850254,0.9274715803358246,6
Indoor Equipment,Elliptical,OTHERS,,8967983,370477394,1078814296,34.341164681785045,2.420655928064534,0.8312814386360338,7
Indoor Equipment,Treadmill,GX,,8204268,370477394,1078814296,34.341164681785045,2.214512446068437,0.7604893660029881,8
Indoor Equipment,Treadmill,OTHERS,802153,6719068,370477394,1078814296,34.341164681785045,1.8136242882338998,0.6228197035312554,9
Indoor Equipment,Treadmill,OTHERS,801725,6653917,370477394,1078814296,34.341164681785045,1.7960385998612376,0.6167805733267739,10
Indoor Equipment,Massage Chair,OTHERS,900026,6279890,370477394,1078814296,34.341164681785045,1.695080483102297,0.5821103801909574,11
Indoor Equipment,Treadmill,OTHERS,801724,6214507,370477394,1078814296,34.341164681785045,1.6774321728250983,0.5760497448951122,12
Indoor Equipment,Treadmill,HYBRID_GYM,,5127997,370477394,1078814296,34.341164681785045,1.3841592180925348,0.47533639654326565,13
Indoor Equipment,Spin Bike,GYM,,4629464,370477394,1078814296,34.341164681785045,1.2495941925136733,0.4291251995051426,14
Indoor Equipment,Treadmill,GYM,802154,3999695,370477394,1078814296,34.341164681785045,1.0796056830393272,0.3707491655264457,15
Indoor Equipment,Massage Chair,GX,804382,3879476,370477394,1078814296,34.341164681785045,1.04715592984332,0.359605542342572,16
Indoor Equipment,Massage Chair,GYM,804382,3695948,370477394,1078814296,34.341164681785045,0.9976176846029099,0.34259353196409625,17
Indoor Equipment,Treadmill,OTHERS,900111,3374575,370477394,1078814296,34.341164681785045,0.9108720409537323,0.3128040676242577,18
Indoor Equipment,Walkpad,OTHERS,,3297375,370477394,1078814296,34.341164681785045,0.8900340623752067,0.30564806308425113,19
Indoor Equipment,Treadmill,HYBRID_GX,,3238540,370477394,1078814296,34.341164681785045,0.8741532013691502,0.30019439045327595,20
Indoor Equipment,Strength,OTHERS,700059,3185683,370477394,1078814296,34.341164681785045,0.8598859340929179,0.29529484470235456,21
Indoor Equipment,Spin Bike,GX,,3179186,370477394,1078814296,34.341164681785045,0.8581322508438936,0.29469260944981024,22
Indoor Equipment,Massage Chair,OTHERS,900180,2882676,370477394,1078814296,34.341164681785045,0.7780976779382118,0.2672078049659068,23
Indoor Equipment,Strength,GYM,,2868027,370477394,1078814296,34.341164681785045,0.7741435905263359,0.2658499252961327,24
Indoor Equipment,Elliptical,GYM,,2826990,370477394,1078814296,34.341164681785045,0.7630668013174375,0.2620460268724507,25
Indoor Equipment,Strength,GX,,2716005,370477394,1078814296,34.341164681785045,0.7331095078907838,0.251758343402598,26
Indoor Equipment,Treadmill,OTHERS,805010,2596922,370477394,1078814296,34.341164681785045,0.7009663860894033,0.24072002101091922,27
Indoor Equipment,Walkpad,OTHERS,805001,2581129,370477394,1078814296,34.341164681785045,0.696703507906882,0.23925609899407563,28
Indoor Equipment,Walkpad,OTHERS,805000,2420818,370477394,1078814296,34.341164681785045,0.6534320417941614,0.22439617355608346,29
Indoor Equipment,Massage Chair,GYM,900026,2392985,370477394,1078814296,34.341164681785045,0.6459193027037974,0.22181621145294872,30
Indoor Equipment,Walkpad,OTHERS,805002,2390625,370477394,1078814296,34.341164681785045,0.6452822867783399,0.22159745276493814,31
Indoor Equipment,Treadmill,GYM,801724,2389318,370477394,1078814296,34.341164681785045,0.6449294987213173,0.2214763012372984,32
Indoor Equipment,Massage Chair,OTHERS,805109,2377281,370477394,1078814296,34.341164681785045,0.6416804475794817,0.22036053923408522,33
Indoor Equipment,Treadmill,OTHERS,801723,2375614,370477394,1078814296,34.341164681785045,0.6412304876016268,0.2202060177370879,34
Indoor Equipment,Massage Chair,HYBRID_GX,804382,2370314,370477394,1078814296,34.341164681785045,0.6397999009893705,0.21971473763265742,35
Indoor Equipment,Treadmill,GYM,802153,2284961,370477394,1078814296,34.341164681785045,0.616761248325991,0.21180299598106178,36
Indoor Equipment,Treadmill,GYM,801725,2268218,370477394,1078814296,34.341164681785045,0.6122419442412727,0.21025101432285803,37
Indoor Equipment,Treadmill,GX,802154,2202590,370477394,1078814296,34.341164681785045,0.5945275030735074,0.20416766890897783,38
Indoor Equipment,Treadmill,OTHERS,900033,2148688,370477394,1078814296,34.341164681785045,0.5799781673048585,0.1991712575525603,39
Indoor Equipment,Treadmill,OTHERS,900031,1974434,370477394,1078814296,34.341164681785045,0.5329431787138947,0.1830188946624786,40
Indoor Equipment,Elliptical,GX,,1960183,370477394,1078814296,34.341164681785045,0.5290965202589393,0.1816979073477165,41
Indoor Equipment,Rowing Machine,OTHERS,801306,1921549,370477394,1078814296,34.341164681785045,0.5186683536215978,0.1781167534694961,42
Indoor Equipment,Treadmill,OTHERS,805014,1803355,370477394,1078814296,34.341164681785045,0.48676519248027317,0.1671608363632586,43
Indoor Equipment,Treadmill,HYBRID_GYM,802154,1721023,370477394,1078814296,34.341164681785045,0.4645419741858797,0.15952912437118835,44
Indoor Equipment,Treadmill,OTHERS,900034,1714162,370477394,1078814296,34.341164681785045,0.46269003932801367,0.15889314837184917,45
Indoor Equipment,Treadmill,HYBRID_GYM,802153,1705901,370477394,1078814296,34.341164681785045,0.46046021366691,0.15812740026945285,46
Indoor Equipment,Spin Bike,OTHERS,805084,1639161,370477394,1078814296,34.341164681785045,0.4424456192325732,0.15194097872800158,47
Indoor Equipment,Strength,HYBRID_GYM,,1614532,370477394,1078814296,34.341164681785045,0.4357977102376185,0.14965800935214896,48
Indoor Equipment,Massage Chair,OTHERS,804383,1602061,370477394,1078814296,34.341164681785045,0.4324315129467791,0.14850201799698806,49
Indoor Equipment,Treadmill,GX,801724,1602022,370477394,1078814296,34.341164681785045,0.432420985988689,0.14849840291697433,50
Indoor Equipment,Spin Bike,HYBRID_GYM,,1585384,370477394,1078814296,34.341164681785045,0.42793002371421346,0.14695615416649985,51
Indoor Equipment,Massage Chair,OTHERS,805107,1552875,370477394,1078814296,34.341164681785045,0.4191551293410361,0.14394275323915431,52
Indoor Equipment,Treadmill,GYM,900111,1546013,370477394,1078814296,34.341164681785045,0.4173029245611677,0.1433066845454558,53
Indoor Equipment,Treadmill,HYBRID_GX,802154,1488201,370477394,1078814296,34.341164681785045,0.40169819376347693,0.1379478382440716,54
Indoor Equipment,Strength,GYM,700059,1482188,370477394,1078814296,34.341164681785045,0.40007515276357186,0.1373904670614413,55
Indoor Equipment,Massage Chair,PLAY,804382,1465535,370477394,1078814296,34.341164681785045,0.39558014165906163,0.13584682789557692,56
Indoor Equipment,Treadmill,GX,801725,1457035,370477394,1078814296,34.341164681785045,0.3932858046394054,0.1350589258413016,57
Indoor Equipment,Treadmill,OTHERS,900030,1438500,370477394,1078814296,34.341164681785045,0.388282800326543,0.13334083589118473,58
Indoor Equipment,Massage Chair,HYBRID_GYM,804382,1427307,370477394,1078814296,34.341164681785045,0.3852615633546591,0.13230330792724312,59
Indoor Equipment,Treadmill,GX,802153,1392015,370477394,1078814296,34.341164681785045,0.37573547604904606,0.12903193859789192,60
Indoor Equipment,Spin Bike,HYBRID_GX,,1386117,370477394,1078814296,34.341164681785045,0.3741434760794069,0.12848522726658418,61
Indoor Equipment,Treadmill,PLAY,,1365260,370477394,1078814296,34.341164681785045,0.36851371287717494,0.12655190101411112,62
Indoor Equipment,Treadmill,OTHERS,805012,1282625,370477394,1078814296,34.341164681785045,0.3462087082160808,0.11889210263116498,63
Indoor Equipment,Rowing Machine,OTHERS,900060,1237874,370477394,1078814296,34.341164681785045,0.3341294286905937,0.11474393735694433,64
Indoor Equipment,Treadmill,GYM,805014,1228765,370477394,1078814296,34.341164681785045,0.33167070917152913,0.11389958443783915,65
Indoor Equipment,Treadmill,OTHERS,805011,1208712,370477394,1078814296,34.341164681785045,0.32625796325915635,0.11204078445026465,66
Indoor Equipment,Walkpad,GYM,805001,1168930,370477394,1078814296,34.341164681785045,0.31551992616316016,0.10835321744753741,67
Indoor Equipment,Treadmill,GYM,805010,1126959,370477394,1078814296,34.341164681785045,0.3041910298041019,0.10446274249224446,68
Indoor Equipment,Walkpad,GYM,805002,1108894,370477394,1078814296,34.341164681785045,0.29931488883232643,0.10278821889101106,69
Indoor Equipment,Treadmill,OTHERS,805055,1104996,370477394,1078814296,34.341164681785045,0.2982627328673123,0.10242689627835633,70
Indoor Equipment,Rowing Machine,OTHERS,802155,1100645,370477394,1078814296,34.341164681785045,0.2970883022352505,0.10202358312092667,71
Indoor Equipment,Treadmill,HYBRID_GYM,900111,1098192,370477394,1078814296,34.341164681785045,0.29642618356357797,0.10179620385749874,72
Indoor Equipment,Treadmill,HYBRID_GYM,900033,1089896,370477394,1078814296,34.341164681785045,0.29418691063239344,0.10102721145252601,73
Indoor Equipment,Elliptical,HYBRID_GYM,,1076582,370477394,1078814296,34.341164681785045,0.29059316909360466,0.09979307875245286,74
Indoor Equipment,Massage Chair,OTHERS,805108,1075485,370477394,1078814296,34.341164681785045,0.29029706465706784,0.09969139304027168,75
Indoor Equipment,Strength,HYBRID_GX,,1064484,370477394,1078814296,34.341164681785045,0.28732765270962796,0.09867166239332076,76
Indoor Equipment,Treadmill,HYBRID_GYM,801724,1041587,370477394,1078814296,34.341164681785045,0.2811472486226784,0.09654923964782164,77
Indoor Equipment,Walkpad,GYM,,1040730,370477394,1078814296,34.341164681785045,0.28091592546669664,0.09646980058187883,78
Indoor Equipment,Treadmill,OTHERS,900032,1010983,370477394,1078814296,34.341164681785045,0.2728865556639064,0.09371242147499313,79
Indoor Equipment,Strength,OTHERS,900181,1002752,370477394,1078814296,34.341164681785045,0.2706648276628722,0.09294945420337664,80
Indoor Equipment,Rowing Machine,OTHERS,900059,938135,370477394,1078814296,34.341164681785045,0.25322327763944485,0.08695982278677554,81
Indoor Equipment,Massage Chair,GYM,804383,927834,370477394,1078814296,34.341164681785045,0.2504428110936237,0.08600497819135315,82
Indoor Equipment,Treadmill,OTHERS,805009,901797,370477394,1078814296,34.341164681785045,0.24341485191941292,0.08359149515756881,83
Indoor Equipment,Treadmill,GYM,900031,871003,370477394,1078814296,34.341164681785045,0.23510287378020156,0.08073706505646824,84
Indoor Equipment,Strength,HYBRID_GYM,700059,870942,370477394,1078814296,34.341164681785045,0.23508640853806048,0.08073141070054934,85
Indoor Equipment,Strength,GX,700059,866304,370477394,1078814296,34.341164681785045,0.2338345102913351,0.08030149426199298,86
Indoor Equipment,Walkpad,GX,,865913,370477394,1078814296,34.341164681785045,0.23372897078843086,0.08026525076749633,87
Indoor Equipment,Walkpad,GYM,805000,863906,370477394,1078814296,34.341164681785045,0.2331872373297897,0.08007921318832802,88
Indoor Equipment,Elliptical,HYBRID_GX,,861448,370477394,1078814296,34.341164681785045,0.23252376904810557,0.07985137045310345,89
Indoor Equipment,Treadmill,HYBRID_GYM,801725,851325,370477394,1078814296,34.341164681785045,0.229791348618696,0.07891302545364119,90
Indoor Equipment,Treadmill,GYM,900030,837098,370477394,1078814296,34.341164681785045,0.22595116829179596,0.07759426280350293,91
Indoor Equipment,Rowing Machine,OTHERS,,805212,370477394,1078814296,34.341164681785045,0.21734443532605932,0.07463861046201783,92
Indoor Equipment,Treadmill,GYM,805012,789450,370477394,1078814296,34.341164681785045,0.21308992472560956,0.07317756197031337,93
Indoor Equipment,Massage Chair,GYM,805109,783489,370477394,1078814296,34.341164681785045,0.2114809196698247,0.07262501089436804,94
Indoor Equipment,Cardio,OTHERS,900369,778965,370477394,1078814296,34.341164681785045,0.21025979253136295,0.07220566161277492,95
Indoor Equipment,Walkpad,GX,805002,773342,370477394,1078814296,34.341164681785045,0.20874202111235968,0.07168444123028195,96
Indoor Equipment,Spin Bike,OTHERS,802291,762123,370477394,1078814296,34.341164681785045,0.2057137661684157,0.07064450321299784,97
Indoor Equipment,Treadmill,OTHERS,802152,749949,370477394,1078814296,34.341164681785045,0.2024277357122632,0.0695160420825569,98
Indoor Equipment,Massage Chair,GX,804383,743287,370477394,1078814296,34.341164681785045,0.20062951533285725,0.06889851226072369,99
Indoor Equipment,Treadmill,GYM,900034,740720,370477394,1078814296,34.341164681785045,0.19993662555292105,0.06866056584033255,100
Indoor Equipment,Treadmill,OTHERS,805053,728078,370477394,1078814296,34.341164681785045,0.19652427159968633,0.06748872374972681,101
Indoor Equipment,Elliptical,OTHERS,900064,721840,370477394,1078814296,34.341164681785045,0.19484049814926088,0.06691049633624803,102
Indoor Equipment,Treadmill,HYBRID_GX,900111,719059,370477394,1078814296,34.341164681785045,0.19408984506082982,0.06665271332296101,103
Indoor Equipment,Massage Chair,GX,805109,694293,370477394,1078814296,34.341164681785045,0.18740495675155822,0.06435704481988067,104
Indoor Equipment,Massage Chair,HYBRID_GYM,805109,689991,370477394,1078814296,34.341164681785045,0.1862437522976098,0.06395827368605801,105
Indoor Equipment,Rowing Machine,GX,801306,689757,370477394,1078814296,34.341164681785045,0.18618059054906871,0.0639365832059756,106
Indoor Equipment,Spin Bike,OTHERS,701006,687613,370477394,1078814296,34.341164681785045,0.1856018777761107,0.06373784649957957,107
Indoor Equipment,Treadmill,GX,900111,676991,370477394,1078814296,34.341164681785045,0.18273476626754723,0.06275324701481338,108
Indoor Equipment,Treadmill,GYM,801723,676436,370477394,1078814296,34.341164681785045,0.18258495955626378,0.06270180164538718,109
Indoor Equipment,Spin Bike,OTHERS,900276,675526,370477394,1078814296,34.341164681785045,0.1823393305341594,0.06261744977840004,110
Indoor Equipment,Walkpad,GX,805001,655844,370477394,1078814296,34.341164681785045,0.17702672568464461,0.06079303939813568,111
Indoor Equipment,Treadmill,GYM,805011,653613,370477394,1078814296,34.341164681785045,0.1764245296974854,0.06058623828247823,112
Indoor Equipment,Treadmill,HYBRID_GYM,805010,651785,370477394,1078814296,34.341164681785045,0.17593111227725813,0.06041679299362937,113
Indoor Equipment,Treadmill,HYBRID_GX,802153,644082,370477394,1078814296,34.341164681785045,0.1738519030934449,0.059702768343737264,114
Indoor Equipment,Treadmill,GYM,805055,635492,370477394,1078814296,34.341164681785045,0.17153327309358044,0.05890652379712254,115
Indoor Equipment,Treadmill,GX,900033,633991,370477394,1078814296,34.341164681785045,0.17112812016810938,0.05876738956377345,116
Indoor Equipment,Massage Chair,HYBRID_GX,900026,632497,370477394,1078814296,34.341164681785045,0.1707248566966545,0.05862890419093965,117
Indoor Equipment,Treadmill,GYM,900033,621925,370477394,1078814296,34.341164681785045,0.16787124128820663,0.05764893942413978,118
Indoor Equipment,Massage Chair,GX,900026,615997,370477394,1078814296,34.341164681785045,0.1662711436584981,0.057099447262052225,119
Indoor Equipment,Elliptical,OTHERS,900065,615376,370477394,1078814296,34.341164681785045,0.16610352209506205,0.05704188406491047,120
Indoor Equipment,Spin Bike,PLAY,,602253,370477394,1078814296,34.341164681785045,0.162561335658715,0.05582545598746867,121
Indoor Equipment,Walkpad,HYBRID_GYM,805001,601295,370477394,1078814296,34.341164681785045,0.1623027503804996,0.055736654791233874,122
Indoor Equipment,Treadmill,OTHERS,900278,600973,370477394,1078814296,34.341164681785045,0.16221583549575497,0.05570680720753074,123
Indoor Equipment,Walkpad,GX,805000,600200,370477394,1078814296,34.341164681785045,0.1620071857879674,0.05563515446777135,124
Indoor Equipment,Massage Chair,HYBRID_GYM,900026,595955,370477394,1078814296,34.341164681785045,0.1608613668881508,0.05524166691243031,125
Indoor Equipment,Treadmill,HYBRID_GYM,900030,592785,370477394,1078814296,34.341164681785045,0.16000571414082015,0.05494782579336528,126
Indoor Equipment,Strength,HYBRID_GX,700059,583932,370477394,1078814296,34.341164681785045,0.1576160946543475,0.05412720263024768,127
Indoor Equipment,Spin Bike,OTHERS,900075,578724,370477394,1078814296,34.341164681785045,0.15621034086630398,0.05364445040687522,128
Indoor Equipment,Strength,GYM,900181,567566,370477394,1078814296,34.341164681785045,0.153198551164501,0.052610166745510015,129
Indoor Equipment,Treadmill,OTHERS,900305,557245,370477394,1078814296,34.341164681785045,0.15041268617863363,0.051653468262901105,130
Indoor Equipment,Walkpad,HYBRID_GYM,805002,552332,370477394,1078814296,34.341164681785045,0.14908655938127227,0.051198060875529965,131
Indoor Equipment,Massage Chair,HYBRID_GX,805109,549793,370477394,1078814296,34.341164681785045,0.1484012274174008,0.050962709897199955,132
Indoor Equipment,Massage Chair,GYM,805107,548437,370477394,1078814296,34.341164681785045,0.14803521318226504,0.05083701634595321,133
Indoor Equipment,Strength,OTHERS,805266,547222,370477394,1078814296,34.341164681785045,0.14770725794945536,0.0507243926993715,134
Indoor Equipment,Spin Bike,OTHERS,802289,542012,370477394,1078814296,34.341164681785045,0.1463009643174072,0.05024145508728038,135
Indoor Equipment,Treadmill,HYBRID_GX,801724,536490,370477394,1078814296,34.341164681785045,0.1448104550206375,0.04972959683507939,136
Indoor Equipment,Strength,PLAY,,528671,370477394,1078814296,34.341164681785045,0.142699934884556,0.049004819639505405,137
Indoor Equipment,Treadmill,HYBRID_GX,801725,511885,370477394,1078814296,34.341164681785045,0.13816902415373825,0.04744885212385061,138
Indoor Equipment,Walkpad,HYBRID_GX,805001,509577,370477394,1078814296,34.341164681785045,0.137546044172401,0.04723491354252502,139
Indoor Equipment,Walkpad,HYBRID_GYM,,508590,370477394,1078814296,34.341164681785045,0.13727963115611855,0.047143424209869764,140
Indoor Equipment,Strength,OTHERS,900040,508163,370477394,1078814296,34.341164681785045,0.13716437446113108,0.047103843718437344,141
Indoor Equipment,Treadmill,PLAY,802154,496492,370477394,1078814296,34.341164681785045,0.1340141147721418,0.04602200785073764,142
Indoor Equipment,Walkpad,HYBRID_GX,,489084,370477394,1078814296,34.341164681785045,0.13201453257901075,0.04533532803684685,143
Indoor Equipment,Strength,OTHERS,700056,487884,370477394,1078814296,34.341164681785045,0.13169062617623573,0.045224094805655035,144
Indoor Equipment,Treadmill,OTHERS,802156,483374,370477394,1078814296,34.341164681785045,0.13047327794580632,0.04480604324509248,145
Indoor Equipment,Treadmill,HYBRID_GYM,900031,452755,370477394,1078814296,34.341164681785045,0.12220853615699963,0.04196783465687407,146
Indoor Equipment,Treadmill,OTHERS,900338,451581,370477394,1078814296,34.341164681785045,0.12189164772628475,0.041859011479024745,147
Indoor Equipment,Treadmill,GX,805010,443984,370477394,1078814296,34.341164681785045,0.11984105027471662,0.04115481243122125,148
Indoor Equipment,Treadmill,OTHERS,805054,438960,370477394,1078814296,34.341164681785045,0.11848496213509858,0.04068911596996486,149
Indoor Equipment,Elliptical,GYM,900064,437990,370477394,1078814296,34.341164681785045,0.11822313779285545,0.040599202441418146,150
Indoor Equipment,Spin Bike,GX,805084,437809,370477394,1078814296,34.341164681785045,0.11817428191043688,0.04058242476238005,151
Indoor Equipment,Massage Chair,GX,805107,434493,370477394,1078814296,34.341164681785045,0.11727922055076861,0.040275050266853345,152
Indoor Equipment,Elliptical,PLAY,,433469,370477394,1078814296,34.341164681785045,0.1170028204204006,0.040180131242903,153
Indoor Equipment,Massage Chair,HYBRID_GX,805107,432993,370477394,1078814296,34.341164681785045,0.11687433754729985,0.040136008727863576,154
Indoor Equipment,Treadmill,GX,900031,427492,370477394,1078814296,34.341164681785045,0.11538949661257873,0.039626097057208445,155
Indoor Equipment,Rowing Machine,GYM,801306,425190,370477394,1078814296,34.341164681785045,0.11476813616325536,0.03941271464203881,156
Indoor Equipment,Treadmill,HYBRID_GYM,805014,422505,370477394,1078814296,34.341164681785045,0.11404339558704626,0.03916383028724714,157
Indoor Equipment,Treadmill,HYBRID_GYM,900034,410846,370477394,1078814296,34.341164681785045,0.11089637496208474,0.03808310675185936,158
Indoor Equipment,Treadmill,GYM,900032,409493,370477394,1078814296,34.341164681785045,0.11053117049295591,0.037957691283690594,159
Indoor Equipment,Treadmill,GYM,805009,405884,370477394,1078814296,34.341164681785045,0.10955702198661008,0.037623157340881216,160
Indoor Equipment,Spin Bike,GYM,802291,405799,370477394,1078814296,34.341164681785045,0.10953407861641351,0.03761527832033846,161
Indoor Equipment,Rowing Machine,GX,802155,403473,370477394,1078814296,34.341164681785045,0.10890624003903461,0.037399671240544996,162
Indoor Equipment,Treadmill,HYBRID_GX,805010,401652,370477394,1078814296,34.341164681785045,0.10841471207282352,0.03723087481221143,163
Indoor Equipment,Massage Chair,GYM,900180,397998,370477394,1078814296,34.341164681785045,0.10742841707637363,0.03689216962323236,164
Indoor Equipment,Spin Bike,GYM,805084,397858,370477394,1078814296,34.341164681785045,0.10739062799604987,0.03687919241292665,165
Indoor Equipment,Treadmill,GX,900030,393990,370477394,1078814296,34.341164681785045,0.10634656969110509,0.036520650631051706,166
Indoor Equipment,Cardio,GYM,900369,389482,370477394,1078814296,34.341164681785045,0.10512976130468031,0.036102784459207796,167
Indoor Equipment,Treadmill,HYBRID_GYM,805012,380955,370477394,1078814296,34.341164681785045,0.10282813639096156,0.03531237965723064,168
Indoor Equipment,Massage Chair,HYBRID_GYM,805108,377995,370477394,1078814296,34.341164681785045,0.10202916726411652,0.035038004353624176,169
Indoor Equipment,Walkpad,HYBRID_GYM,805000,376982,370477394,1078814296,34.341164681785045,0.10175573627577396,0.03494410496762642,170
Indoor Equipment,Walkpad,HYBRID_GX,805002,376632,370477394,1078814296,34.341164681785045,0.10166126357496458,0.03491166194186214,171
Indoor Equipment,Treadmill,GX,805014,370979,370477394,1078814296,34.341164681785045,0.10013539449589197,0.03438766072858938,172
Indoor Equipment,Spin Bike,GYM,701006,370135,370477394,1078814296,34.341164681785045,0.0999075803259402,0.03430942668931781,173
Indoor Equipment,Treadmill,GX,805011,359244,370477394,1078814296,34.341164681785045,0.09696785979875468,0.03329989242189278,174
Indoor Equipment,Massage Chair,HYBRID_GYM,900180,358998,370477394,1078814296,34.341164681785045,0.09690145898618581,0.03327708960949846,175
Indoor Equipment,Rowing Machine,GX,900059,354343,370477394,1078814296,34.341164681785045,0.09564497206542108,0.03284559736683356,176
Indoor Equipment,Strength,GYM,900040,348754,370477394,1078814296,34.341164681785045,0.09413637799449646,0.03232752859255769,177
Indoor Equipment,Strength,OTHERS,802151,346966,370477394,1078814296,34.341164681785045,0.0936537574543617,0.03216179107808189,178
Indoor Equipment,,OTHERS,,341811,370477394,1078814296,34.341164681785045,0.09226230953244073,0.03168395165575373,179
Indoor Equipment,Strength,OTHERS,900037,340573,370477394,1078814296,34.341164681785045,0.09192814609357784,0.03156919603890752,180
Indoor Equipment,Elliptical,GYM,900065,337587,370477394,1078814296,34.341164681785045,0.09112215899467269,0.03129241068195856,181
Indoor Equipment,Walkpad,HYBRID_GX,805000,330868,370477394,1078814296,34.341164681785045,0.08930855306113496,0.030669597281643732,182
Indoor Equipment,Massage Chair,GYM,805108,330495,370477394,1078814296,34.341164681785045,0.08920787215427238,0.03063502228561495,183
Indoor Equipment,Spin Bike,HYBRID_GYM,805084,324265,370477394,1078814296,34.341164681785045,0.08752625807986546,0.030057536427010787,184
Indoor Equipment,Rowing Machine,HYBRID_GX,801306,318663,370477394,1078814296,34.341164681785045,0.08601415502291078,0.02953826262606368,185
Indoor Equipment,Spin Bike,OTHERS,900277,315212,370477394,1078814296,34.341164681785045,0.08508265419293032,0.029218374392027895,186
Indoor Equipment,Treadmill,GYM,805054,312242,370477394,1078814296,34.341164681785045,0.08428098584606217,0.028943072144828157,187
Indoor Equipment,Rowing Machine,GYM,900059,309645,370477394,1078814296,34.341164681785045,0.0835799984060566,0.028702344893657212,188
Indoor Equipment,Strength,HYBRID_GYM,900181,306539,370477394,1078814296,34.341164681785045,0.08274162066687393,0.02841443621358907,189
Indoor Equipment,Treadmill,GX,801723,305093,370477394,1078814296,34.341164681785045,0.08235131345153006,0.02828040017000294,190
Indoor Equipment,Treadmill,HYBRID_GX,900030,302463,370477394,1078814296,34.341164681785045,0.08164141858544816,0.028036614004974213,191
Indoor Equipment,Treadmill,OTHERS,801969,300232,370477394,1078814296,34.341164681785045,0.08103922259828895,0.027829812889316775,192
Indoor Equipment,Treadmill,GYM,802152,292911,370477394,1078814296,34.341164681785045,0.07906312361935908,0.02715119748468739,193
Indoor Equipment,Spin Bike,GYM,802289,288259,370477394,1078814296,34.341164681785045,0.07780744646460129,0.026719983325100467,194
Indoor Equipment,Strength,OTHERS,900038,283052,370477394,1078814296,34.341164681785045,0.07640196259856007,0.026237323796087328,195
Indoor Equipment,Treadmill,HYBRID_GX,900033,283047,370477394,1078814296,34.341164681785045,0.0764006129885485,0.0262368603242907,196
Indoor Equipment,Massage Chair,GX,805108,282861,370477394,1078814296,34.341164681785045,0.07635040749611838,0.026219619173455968,197
Indoor Equipment,Treadmill,GX,805009,280989,370477394,1078814296,34.341164681785045,0.07584511350778936,0.02604609533279674,198
Indoor Equipment,Strength,PLAY,700059,280726,370477394,1078814296,34.341164681785045,0.07577412402118117,0.026021716716293868,199
Indoor Equipment,Treadmill,HYBRID_GYM,900032,277109,370477394,1078814296,34.341164681785045,0.07479781613881684,0.02568644121860988,200
Indoor Equipment,Treadmill,PLAY,801725,276492,370477394,1078814296,34.341164681785045,0.07463127426339,0.025629248798905425,201
Indoor Equipment,Rowing Machine,GYM,802155,273174,370477394,1078814296,34.341164681785045,0.07373567305971711,0.025321688914660065,202
Indoor Equipment,Treadmill,GYM,805053,271707,370477394,1078814296,34.341164681785045,0.07333969748232465,0.025185706289528074,203
Indoor Equipment,Treadmill,HYBRID_GYM,805055,270010,370477394,1078814296,34.341164681785045,0.07288163984440034,0.025028403961750982,204
Indoor Equipment,Treadmill,PLAY,805014,269910,370477394,1078814296,34.341164681785045,0.07285464764416909,0.025019134525818335,205
Indoor Equipment,Treadmill,HYBRID_GX,801723,261794,370477394,1078814296,34.341164681785045,0.07066396067340076,0.02426682710552438,206
Indoor Equipment,Treadmill,OTHERS,801722,256994,370477394,1078814296,34.341164681785045,0.06936833506230072,0.02382189418075713,207
Indoor Equipment,Treadmill,HYBRID_GYM,805011,254692,370477394,1078814296,34.341164681785045,0.06874697461297734,0.023608511765587502,208
Indoor Equipment,Spin Bike,GYM,900276,253380,370477394,1078814296,34.341164681785045,0.06839283694594332,0.023486896766151122,209
Indoor Equipment,Elliptical,HYBRID_GYM,900064,251730,370477394,1078814296,34.341164681785045,0.06794746564212768,0.02333395107326238,210
Indoor Equipment,Treadmill,OTHERS,802299,243732,370477394,1078814296,34.341164681785045,0.06578862946763224,0.022592581587368956,211
Indoor Equipment,Treadmill,GYM,900278,237989,370477394,1078814296,34.341164681785045,0.06423846740835151,0.022060237881756806,212
Indoor Equipment,Cardio,HYBRID_GYM,900369,235988,370477394,1078814296,34.341164681785045,0.06369835348172417,0.02187475646874446,213
Indoor Equipment,Massage Chair,PLAY,805107,235746,370477394,1078814296,34.341164681785045,0.06363303235716455,0.021852324433787443,214
Indoor Equipment,Cardio,HYBRID_GX,900369,233939,370477394,1078814296,34.341164681785045,0.06314528329898585,0.02168482572648444,215
Indoor Equipment,Treadmill,HYBRID_GX,805014,231995,370477394,1078814296,34.341164681785045,0.06262055492649034,0.021504627891953707,216
Indoor Equipment,Treadmill,PLAY,900111,231282,370477394,1078814296,34.341164681785045,0.06242810053884151,0.021438536813753902,217
Indoor Equipment,Treadmill,GX,900032,230496,370477394,1078814296,34.341164681785045,0.06221594184502388,0.021365679047323265,218
Indoor Equipment,Treadmill,GYM,802156,229286,370477394,1078814296,34.341164681785045,0.061889336222225755,0.02125351887253819,219
Indoor Equipment,Spin Bike,HYBRID_GYM,802291,222464,370477394,1078814296,34.341164681785045,0.060047928322449824,0.02062115795321274,220
Indoor Equipment,Treadmill,PLAY,801724,221996,370477394,1078814296,34.341164681785045,0.05992160482536756,0.02057777699304793,221
Indoor Equipment,Treadmill,PLAY,900033,215497,370477394,1078814296,34.341164681785045,0.058167381732338576,0.01997535635178494,222
Indoor Equipment,Strength,GYM,805266,202584,370477394,1078814296,34.341164681785045,0.054681878916477154,0.01877839408980172,223
Indoor Equipment,Rowing Machine,GX,,194594,370477394,1078814296,34.341164681785045,0.052525202118000214,0.0180377661587829,224
Indoor Equipment,Massage Chair,HYBRID_GX,805108,192955,370477394,1078814296,34.341164681785045,0.05208279995621001,0.01788584010384675,225
Indoor Equipment,Spin Bike,OTHERS,802288,191020,370477394,1078814296,34.341164681785045,0.05156050088173531,0.017706476518549955,226
Indoor Equipment,Spin Bike,OTHERS,805267,189868,370477394,1078814296,34.341164681785045,0.05124955073507131,0.017599692616605815,227
Indoor Equipment,Cardio,GX,900369,189491,370477394,1078814296,34.341164681785045,0.05114779014019948,0.01756474684313972,228
Indoor Equipment,Treadmill,HYBRID_GX,805055,189246,370477394,1078814296,34.341164681785045,0.05108165924963292,0.017542036725104727,229
Indoor Equipment,Elliptical,OTHERS,900368,188888,370477394,1078814296,34.341164681785045,0.050985027172805036,0.017508852144465833,230
Indoor Equipment,Rowing Machine,GX,900060,186992,370477394,1078814296,34.341164681785045,0.05047325505642053,0.01733310363918277,231
Indoor Equipment,Strength,OTHERS,900036,184895,370477394,1078814296,34.341164681785045,0.049907228617571193,0.01713872356767508,232
Indoor Equipment,Treadmill,HYBRID_GYM,900305,182772,370477394,1078814296,34.341164681785045,0.04933418420666174,0.016941933442824898,233
Indoor Equipment,Spin Bike,GX,802291,180760,370477394,1078814296,34.341164681785045,0.048791101138008976,0.016755432391859962,234
Indoor Equipment,Massage Chair,HYBRID_GYM,805107,180497,370477394,1078814296,34.341164681785045,0.048720111651400784,0.01673105377535709,235
Indoor Equipment,Walkpad,PLAY,805001,179582,370477394,1078814296,34.341164681785045,0.04847313301928484,0.01664623843657333,236
Indoor Equipment,Massage Chair,OTHERS,805106,178496,370477394,1078814296,34.341164681785045,0.04817999772477346,0.016545572362344742,237
Indoor Equipment,Strength,OTHERS,900057,176529,370477394,1078814296,34.341164681785045,0.047649061146224754,0.016363242557549496,238
Indoor Equipment,Treadmill,HYBRID_GYM,805009,175043,370477394,1078814296,34.341164681785045,0.04724795705078837,0.016225498739590304,239
Indoor Equipment,Spin Bike,HYBRID_GYM,701006,174083,370477394,1078814296,34.341164681785045,0.046988831928568356,0.01613651215463685,240
Indoor Equipment,Treadmill,PLAY,802153,172442,370477394,1078814296,34.341164681785045,0.04654588992277353,0.01598440071098205,241
Indoor Equipment,Strength,HYBRID_GYM,900040,171575,370477394,1078814296,34.341164681785045,0.04631186754676859,0.015904034701445968,242
Indoor Equipment,Walkpad,PLAY,805000,168411,370477394,1078814296,34.341164681785045,0.04545783433145181,0.015610749748536887,243
Indoor Equipment,Spin Bike,HYBRID_GYM,900276,164387,370477394,1078814296,34.341164681785045,0.04437166819414628,0.01523774764660701,244
Indoor Equipment,Rowing Machine,HYBRID_GX,802155,162863,370477394,1078814296,34.341164681785045,0.04396030706262202,0.01509648144299341,245
Indoor Equipment,Strength,GX,805266,162554,370477394,1078814296,34.341164681785045,0.04387690116390745,0.01506783888596152,246
Indoor Equipment,Treadmill,GX,805054,161996,370477394,1078814296,34.341164681785045,0.04372628468661707,0.015016115433457326,247
Indoor Equipment,Rowing Machine,GYM,,159159,370477394,1078814296,34.341164681785045,0.04296051596605649,0.014753141536048018,248
Indoor Equipment,Strength,OTHERS,900039,159063,370477394,1078814296,34.341164681785045,0.042934603453834486,0.01474424287755267,249
Indoor Equipment,Treadmill,HYBRID_GYM,900338,158319,370477394,1078814296,34.341164681785045,0.04273378148411398,0.014675278274213749,250
Indoor Equipment,Treadmill,GYM,900305,155291,370477394,1078814296,34.341164681785045,0.041916457661111704,0.014394599754173076,251
Indoor Equipment,Strength,GX,900181,155251,370477394,1078814296,34.341164681785045,0.041905660781019205,0.014390891979800015,252
Indoor Equipment,Spin Bike,OTHERS,802282,150144,370477394,1078814296,34.341164681785045,0.040527169115209226,0.013917501886719528,253
Indoor Equipment,Massage Chair,PLAY,805109,149998,370477394,1078814296,34.341164681785045,0.040487760502871596,0.013903968510257858,254
Indoor Equipment,Elliptical,HYBRID_GYM,900065,149994,370477394,1078814296,34.341164681785045,0.040486680814862355,0.013903597732820553,255
Indoor Equipment,Spin Bike,GYM,900075,149493,370477394,1078814296,34.341164681785045,0.040351449891703785,0.01385715785879797,256
Indoor Equipment,Rowing Machine,GYM,900060,148243,370477394,1078814296,34.341164681785045,0.040014047388813145,0.013741289909639832,257
Indoor Equipment,Spin Bike,HYBRID_GX,805084,148008,370477394,1078814296,34.341164681785045,0.03995061571826971,0.013719506735198103,258
Indoor Equipment,Rowing Machine,HYBRID_GYM,900059,145742,370477394,1078814296,34.341164681785045,0.03933897246102957,0.01350946131696423,259
Indoor Equipment,Treadmill,GX,805012,145722,370477394,1078814296,34.341164681785045,0.039333574020983315,0.013507607429777701,260
Indoor Equipment,Treadmill,HYBRID_GYM,805054,143511,370477394,1078814296,34.341164681785045,0.03873677647387036,0.013302660201306788,261
Indoor Equipment,Treadmill,HYBRID_GYM,900278,142991,370477394,1078814296,34.341164681785045,0.038596417032667855,0.013254459134457003,262
Indoor Equipment,Walkpad,PLAY,805002,142393,370477394,1078814296,34.341164681785045,0.038435003675284976,0.013199027907579748,263
Indoor Equipment,Strength,HYBRID_GX,900181,139791,370477394,1078814296,34.341164681785045,0.03773266662526783,0.012957837184612169,264
Indoor Equipment,Elliptical,HYBRID_GX,900064,139142,370477394,1078814296,34.341164681785045,0.03755748724576701,0.012897678545409266,265
Indoor Equipment,Treadmill,HYBRID_GYM,805053,137491,370477394,1078814296,34.341164681785045,0.03711184601994906,0.012744640158161196,266
Indoor Equipment,Spin Bike,GYM,900277,132878,370477394,1078814296,34.341164681785045,0.03586669582328146,0.012317041078588005,267
Indoor Equipment,Strength,GX,900040,131480,370477394,1078814296,34.341164681785045,0.035489344864048575,0.012187454364249544,268
Indoor Equipment,Treadmill,GYM,900338,128992,370477394,1078814296,34.341164681785045,0.03481777892229505,0.011956830798245187,269
Indoor Equipment,Spin Bike,GX,900075,126856,370477394,1078814296,34.341164681785045,0.03424122552535554,0.011758835646723762,270
Indoor Equipment,Spin Bike,HYBRID_GYM,900075,126494,370477394,1078814296,34.341164681785045,0.03414351376051841,0.011725280288647565,271
Indoor Equipment,,GX,,125833,370477394,1078814296,34.341164681785045,0.03396509531698984,0.011664009317132741,272
Indoor Equipment,Massage Chair,HYBRID_GYM,804383,125498,370477394,1078814296,34.341164681785045,0.03387467144621515,0.01163295670675836,273
Indoor Equipment,Treadmill,HYBRID_GX,805009,125495,370477394,1078814296,34.341164681785045,0.033873861680208214,0.011632678623680382,274
Indoor Equipment,Rowing Machine,PLAY,801306,122697,370477394,1078814296,34.341164681785045,0.03311861991773782,0.011373319806284806,275
Indoor Equipment,Strength,GYM,900037,122424,370477394,1078814296,34.341164681785045,0.0330449312111065,0.01134801424618867,276
Indoor Equipment,Walkpad,PLAY,,120941,370477394,1078814296,34.341164681785045,0.03264463688167705,0.011210548511307455,277
Indoor Equipment,Spin Bike,GX,701006,119944,370477394,1078814296,34.341164681785045,0.03237552464537148,0.011118132235058925,278
Indoor Equipment,Treadmill,GX,801722,118797,370477394,1078814296,34.341164681785045,0.032065924108719036,0.011011811804911417,279
Indoor Equipment,Rowing Machine,PLAY,900060,118495,370477394,1078814296,34.341164681785045,0.03198440766402066,0.010983818108394812,280
Indoor Equipment,Rowing Machine,HYBRID_GX,900059,116493,370477394,1078814296,34.341164681785045,0.03144402381539101,0.010798244001023138,281
Indoor Equipment,Rowing Machine,PLAY,802155,115894,370477394,1078814296,34.341164681785045,0.03128234053600582,0.010742720079786558,282
Indoor Equipment,Strength,OTHERS,601602,115362,370477394,1078814296,34.341164681785045,0.031138742030775567,0.010693406680624856,283
Indoor Equipment,Treadmill,HYBRID_GX,900278,114995,370477394,1078814296,34.341164681785045,0.031039680655926875,0.010659387850752025,284
Indoor Equipment,Strength,GX,700056,114512,370477394,1078814296,34.341164681785045,0.030909308328809938,0.010614616475197323,285
Indoor Equipment,Rowing Machine,HYBRID_GX,900060,114495,370477394,1078814296,34.341164681785045,0.030904719654770624,0.01061304067108877,286
Indoor Equipment,Treadmill,GX,900278,112995,370477394,1078814296,34.341164681785045,0.030499836651301862,0.010473999132099007,287
Indoor Equipment,Strength,HYBRID_GX,802151,112819,370477394,1078814296,34.341164681785045,0.03045233037889486,0.01045768492485754,288
Indoor Equipment,Treadmill,HYBRID_GX,802152,111445,370477394,1078814296,34.341164681785045,0.030081457547717474,0.010330322875142916,289
Indoor Equipment,Spin Bike,OTHERS,802285,110305,370477394,1078814296,34.341164681785045,0.029773746465081213,0.010224651305510694,290
Indoor Equipment,Treadmill,PLAY,900034,109999,370477394,1078814296,34.341164681785045,0.029691150332373583,0.01019628683155678,291
Indoor Equipment,Treadmill,GX,900034,109999,370477394,1078814296,34.341164681785045,0.029691150332373583,0.01019628683155678,292
Indoor Equipment,Elliptical,GX,900064,109494,370477394,1078814296,34.341164681785045,0.02955483972120577,0.010149476180096895,293
Indoor Equipment,Strength,OTHERS,900062,107596,370477394,1078814296,34.341164681785045,0.02904252776081663,0.009973542286095177,294
Indoor Equipment,Rowing Machine,HYBRID_GYM,900060,106495,370477394,1078814296,34.341164681785045,0.02874534363627056,0.00987148579647669,295
Indoor Equipment,Strength,GYM,900057,106474,370477394,1078814296,34.341164681785045,0.028739675274221995,0.009869539214930834,296
Indoor Equipment,Treadmill,HYBRID_GX,900031,105998,370477394,1078814296,34.341164681785045,0.02861119240112124,0.009825416699891416,297
Indoor Equipment,Elliptical,HYBRID_GX,900065,105996,370477394,1078814296,34.341164681785045,0.028610652557116617,0.009825231311172761,298
Indoor Equipment,Strength,OTHERS,900056,105688,370477394,1078814296,34.341164681785045,0.028527516580404366,0.009796681448500197,299
Indoor Equipment,Treadmill,PLAY,900031,104998,370477394,1078814296,34.341164681785045,0.02834127039880873,0.009732722340564905,300
Indoor Equipment,Massage Chair,PLAY,804383,104498,370477394,1078814296,34.341164681785045,0.02820630939765248,0.009686375160901648,301
Indoor Equipment,Massage Chair,HYBRID_GX,804383,104498,370477394,1078814296,34.341164681785045,0.02820630939765248,0.009686375160901648,302
Indoor Equipment,Treadmill,PLAY,805009,104496,370477394,1078814296,34.341164681785045,0.028205769553647852,0.009686189772182998,303
Indoor Equipment,Treadmill,HYBRID_GX,900305,101519,370477394,1078814296,34.341164681785045,0.027402211752763514,0.009410238664467977,304
Indoor Equipment,Strength,OTHERS,900182,100483,370477394,1078814296,34.341164681785045,0.02712257255836776,0.00931420730820571,305
Indoor Equipment,Strength,HYBRID_GYM,900037,99799,370477394,1078814296,34.341164681785045,0.026937945908786006,0.009250804366426378,306
Indoor Equipment,Strength,GX,900037,99522,370477394,1078814296,34.341164681785045,0.026863177514145437,0.009225128028892936,307
Indoor Equipment,Treadmill,PLAY,805055,99498,370477394,1078814296,34.341164681785045,0.026856699386089936,0.0092229033642691,308
Indoor Equipment,Treadmill,HYBRID_GX,900338,99494,370477394,1078814296,34.341164681785045,0.026855619698080688,0.009222532586831794,309
Indoor Equipment,Strength,GYM,802151,98493,370477394,1078814296,34.341164681785045,0.026585427773765866,0.009129745533145956,310
Indoor Equipment,Treadmill,HYBRID_GX,805011,96797,370477394,1078814296,34.341164681785045,0.026127640057843855,0.008972535899728197,311
Indoor Equipment,Strength,HYBRID_GX,805266,93493,370477394,1078814296,34.341164681785045,0.025235817762203322,0.008666273736513406,312
Indoor Equipment,Massage Chair,OTHERS,805105,92998,370477394,1078814296,34.341164681785045,0.025102206371058634,0.008620390028646783,313
Indoor Equipment,Strength,OTHERS,600581,92579,370477394,1078814296,34.341164681785045,0.024989109052089696,0.008581551092088977,314
Indoor Equipment,Treadmill,HYBRID_GX,805054,92195,370477394,1078814296,34.341164681785045,0.02488545900320169,0.008545956458107596,315
Indoor Equipment,Treadmill,GX,805055,91998,370477394,1078814296,34.341164681785045,0.024832284368746124,0.008527695669320275,316
Indoor Equipment,Treadmill,HYBRID_GX,805053,91934,370477394,1078814296,34.341164681785045,0.024815009360598123,0.008521763230323377,317
Indoor Equipment,Strength,HYBRID_GYM,805266,91143,370477394,1078814296,34.341164681785045,0.024601501056768935,0.008448441992096108,318
Indoor Equipment,Strength,GYM,900036,90224,370477394,1078814296,34.341164681785045,0.02435344273664374,0.008363255875875044,319
Indoor Equipment,Strength,OTHERS,900035,90182,370477394,1078814296,34.341164681785045,0.024342106012546612,0.008359362712783331,320
Indoor Equipment,Spin Bike,GX,900276,89993,370477394,1078814296,34.341164681785045,0.024291090754109547,0.008341843478870622,321
Indoor Equipment,Treadmill,OTHERS,802157,89765,370477394,1078814296,34.341164681785045,0.024229548537582295,0.008320709164944177,322
Indoor Equipment,Spin Bike,HYBRID_GX,701006,89495,370477394,1078814296,34.341164681785045,0.02415666959695792,0.00829568168792602,323
Indoor Equipment,Strength,HYBRID_GX,900040,88801,370477394,1078814296,34.341164681785045,0.023969343727353036,0.008231351802553421,324
Indoor Equipment,Rowing Machine,HYBRID_GYM,802155,87945,370477394,1078814296,34.341164681785045,0.023738290493373528,0.008152005430969929,325
Indoor Equipment,Massage Chair,HYBRID_GYM,805106,86498,370477394,1078814296,34.341164681785045,0.02334771335602733,0.008017876693024468,326
Indoor Equipment,Massage Chair,GX,805106,84698,370477394,1078814296,34.341164681785045,0.02286185375186482,0.007851026846236751,327
Indoor Equipment,Strength,HYBRID_GX,900037,84438,370477394,1078814296,34.341164681785045,0.022791674031263566,0.007826926312811858,328
Indoor Equipment,Treadmill,HYBRID_GYM,801723,83998,370477394,1078814296,34.341164681785045,0.022672908350246063,0.007786140794708194,329
Indoor Equipment,Treadmill,PLAY,805010,83997,370477394,1078814296,34.341164681785045,0.022672638428243748,0.007786048100348867,330
Indoor Equipment,Rowing Machine,HYBRID_GYM,801306,82598,370477394,1078814296,34.341164681785045,0.02229501754700855,0.0076563686916510795,331
Indoor Equipment,Strength,OTHERS,900043,81437,370477394,1078814296,34.341164681785045,0.021981638102323727,0.0075487505404730005,332
Indoor Equipment,Treadmill,PLAY,900030,79998,370477394,1078814296,34.341164681785045,0.02159322034099603,0.0074153633574021525,333
Indoor Equipment,Massage Chair,GYM,805106,78998,370477394,1078814296,34.341164681785045,0.02132329833868352,0.007322668998075643,334
Indoor Equipment,Spin Bike,HYBRID_GYM,802289,78813,370477394,1078814296,34.341164681785045,0.021273362768255706,0.007305520541600239,335
Indoor Equipment,Strength,GX,900038,78495,370477394,1078814296,34.341164681785045,0.02118752757152033,0.007276043735334408,336
Indoor Equipment,Treadmill,HYBRID_GX,805012,77498,370477394,1078814296,34.341164681785045,0.020918415335214758,0.007183627459085878,337
Indoor Equipment,Spin Bike,GYM,802282,77062,370477394,1078814296,34.341164681785045,0.020800729342206503,0.0071432127184195195,338
Indoor Equipment,Treadmill,OTHERS,801968,77040,370477394,1078814296,34.341164681785045,0.02079479105815563,0.007141173442514337,339
Indoor Equipment,Strength,GX,900036,76700,370477394,1078814296,34.341164681785045,0.02070301757736938,0.007109657360343322,340
Indoor Equipment,Strength,HYBRID_GYM,900036,76601,370477394,1078814296,34.341164681785045,0.02067629529914044,0.007100480618769998,341
Indoor Equipment,Spin Bike,HYBRID_GX,900276,75994,370477394,1078814296,34.341164681785045,0.020512452643736745,0.007044215142658807,342
Indoor Equipment,Treadmill,HYBRID_GYM,802156,74856,370477394,1078814296,34.341164681785045,0.02020528140510511,0.006938728961745238,343
Indoor Equipment,Spin Bike,GYM,805267,74804,370477394,1078814296,34.341164681785045,0.02019124546098486,0.0069339088550602595,344
Indoor Equipment,Treadmill,GX,802156,72537,370477394,1078814296,34.341164681785045,0.019579332281742405,0.0067237707424670605,345
Indoor Equipment,Spin Bike,GX,802289,72069,370477394,1078814296,34.341164681785045,0.01945300878466015,0.006680389782302254,346
Indoor Equipment,Spin Bike,PLAY,805084,71395,370477394,1078814296,34.341164681785045,0.01927108135510152,0.006617913784116187,347
Indoor Equipment,Strength,OTHERS,802150,70836,370477394,1078814296,34.341164681785045,0.019120194955808828,0.006566097637252667,348
Indoor Equipment,Strength,OTHERS,900045,70485,370477394,1078814296,34.341164681785045,0.01902545233299714,0.006533561917129062,349
Indoor Equipment,Spin Bike,HYBRID_GYM,900277,69989,370477394,1078814296,34.341164681785045,0.01889157101985013,0.006487585514903114,350
Indoor Equipment,Spin Bike,PLAY,701006,68496,370477394,1078814296,34.341164681785045,0.01848857747039756,0.006349192836428635,351
Indoor Equipment,Strength,GYM,900038,67611,370477394,1078814296,34.341164681785045,0.01824969649835099,0.006267158328424673,352
Indoor Equipment,Strength,PLAY,900181,66883,370477394,1078814296,34.341164681785045,0.018053193280667484,0.006199676834834973,353
Indoor Equipment,Strength,HYBRID_GX,900038,66755,370477394,1078814296,34.341164681785045,0.018018643264371484,0.006187811956841181,354
Indoor Equipment,Strength,HYBRID_GX,900057,66709,370477394,1078814296,34.341164681785045,0.018006226852265106,0.0061835480163121605,355
Indoor Equipment,Strength,GX,900057,66449,370477394,1078814296,34.341164681785045,0.017936047131663854,0.006159447482887268,356
Indoor Equipment,Elliptical,GYM,900368,65996,370477394,1078814296,34.341164681785045,0.01781377246461629,0.006117456938112358,357
Indoor Equipment,Strength,GYM,900039,65286,370477394,1078814296,34.341164681785045,0.017622127842974407,0.006051643942990537,358
Indoor Equipment,Strength,GYM,700056,65202,370477394,1078814296,34.341164681785045,0.017599454394780157,0.006043857616807109,359
Indoor Equipment,Strength,HYBRID_GYM,900038,64973,370477394,1078814296,34.341164681785045,0.017537642256250593,0.006022630608521339,360
Indoor Equipment,Rowing Machine,PLAY,900059,64446,370477394,1078814296,34.341164681785045,0.0173953933610319,0.005973780681156268,361
Indoor Equipment,Spin Bike,GYM,802288,64102,370477394,1078814296,34.341164681785045,0.0173025401922364,0.005941893821547949,362
Indoor Equipment,Strength,HYBRID_GYM,900039,61530,370477394,1078814296,34.341164681785045,0.016608300802288627,0.005703483929360165,363
Indoor Equipment,Strength,GX,802151,60845,370477394,1078814296,34.341164681785045,0.01642340423070456,0.0056399882932215055,364
Indoor Equipment,Treadmill,OTHERS,801967,60496,370477394,1078814296,34.341164681785045,0.016329201451897493,0.005607637961816553,365
Indoor Equipment,Massage Chair,PLAY,805105,59999,370477394,1078814296,34.341164681785045,0.016195050216748177,0.005561568865231278,366
Indoor Equipment,Treadmill,GX,805053,58546,370477394,1078814296,34.341164681785045,0.015802853547388102,0.005426883961129858,367
Indoor Equipment,Spin Bike,OTHERS,802283,58244,370477394,1078814296,34.341164681785045,0.015721337102689727,0.005398890264613253,368
Indoor Equipment,Massage Chair,HYBRID_GYM,805105,54999,370477394,1078814296,34.341164681785045,0.014845440205185637,0.005098097068598728,369
Indoor Equipment,Treadmill,PLAY,900032,54360,370477394,1078814296,34.341164681785045,0.014672960045707945,0.0050388653729890875,370
Indoor Equipment,Spin Bike,HYBRID_GYM,805267,53533,370477394,1078814296,34.341164681785045,0.0144497345497955,0.004962207137826064,371
Indoor Equipment,Strength,OTHERS,900049,52781,370477394,1078814296,34.341164681785045,0.014246753204056495,0.0048925009796125275,372
Indoor Equipment,Spin Bike,GX,900277,52391,370477394,1078814296,34.341164681785045,0.014141483623154616,0.004856350179475189,373
Indoor Equipment,Spin Bike,HYBRID_GX,900075,52197,370477394,1078814296,34.341164681785045,0.01408911875470599,0.004838367473765846,374
Indoor Equipment,Strength,OTHERS,900061,52138,370477394,1078814296,34.341164681785045,0.014073193356569551,0.004832898506565582,375
Indoor Equipment,Spin Bike,GX,802285,51444,370477394,1078814296,34.341164681785045,0.013885867486964671,0.004768568621192984,376
Indoor Equipment,,GYM,,50521,370477394,1078814296,34.341164681785045,0.013636729478830226,0.004683011727534616,377
Indoor Equipment,Strength,OTHERS,900044,50422,370477394,1078814296,34.341164681785045,0.013610007200601286,0.004673834985961291,378
Indoor Equipment,Spin Bike,HYBRID_GX,802289,49796,370477394,1078814296,34.341164681785045,0.013441036027153658,0.004615808317022896,379
Indoor Equipment,Elliptical,GX,900065,49778,370477394,1078814296,34.341164681785045,0.013436177431112032,0.004614139818555019,380
Indoor Equipment,Strength,OTHERS,900042,49652,370477394,1078814296,34.341164681785045,0.013402167258820655,0.004602460329279878,381
Indoor Equipment,Strength,HYBRID_GX,900039,49594,370477394,1078814296,34.341164681785045,0.01338651178268653,0.004597084056438941,382
Indoor Equipment,Strength,OTHERS,601605,49018,370477394,1078814296,34.341164681785045,0.013231036709354525,0.004543692105466871,383
Indoor Equipment,Spin Bike,PLAY,900276,48496,370477394,1078814296,34.341164681785045,0.013090137424147396,0.004495305649898433,384
Indoor Equipment,Elliptical,HYBRID_GYM,900368,47997,370477394,1078814296,34.341164681785045,0.012955446344993456,0.0044490511645945046,385
Indoor Equipment,,HYBRID_GX,,46843,370477394,1078814296,34.341164681785045,0.01264395635432482,0.004342081873931711,386
Indoor Equipment,Strength,OTHERS,600615,46104,370477394,1078814296,34.341164681785045,0.012444483994615877,0.004273580742389421,387
Indoor Equipment,Spin Bike,HYBRID_GX,900277,45993,370477394,1078814296,34.341164681785045,0.012414522652359188,0.004263291668504178,388
Indoor Equipment,Spin Bike,HYBRID_GX,805267,45760,370477394,1078814296,34.341164681785045,0.012351630825820374,0.004241693882781101,389
Indoor Equipment,Treadmill,PLAY,802156,45098,370477394,1078814296,34.341164681785045,0.012172942460289493,0.004180330216906952,390
Indoor Equipment,Strength,OTHERS,900055,44935,370477394,1078814296,34.341164681785045,0.012128945173912555,0.004165221036336731,391
Indoor Equipment,Spin Bike,HYBRID_GX,802288,44671,370477394,1078814296,34.341164681785045,0.012057685765302053,0.004140749725474531,392
Indoor Equipment,Strength,PLAY,900040,44590,370477394,1078814296,34.341164681785045,0.012035822083114739,0.004133241482369084,393
Indoor Equipment,Spin Bike,GX,805267,44463,370477394,1078814296,34.341164681785045,0.012001541988821052,0.004121469298734617,394
Indoor Equipment,Treadmill,GX,802152,43998,370477394,1078814296,34.341164681785045,0.011876028257745735,0.0040783664216477895,395
Indoor Equipment,Strength,HYBRID_GYM,802151,43245,370477394,1078814296,34.341164681785045,0.011672776990004416,0.004008567569074928,396
Indoor Equipment,Massage Chair,GX,805105,42999,370477394,1078814296,34.341164681785045,0.011606376177435538,0.003985764756680606,397
Indoor Equipment,Treadmill,PLAY,805012,42699,370477394,1078814296,34.341164681785045,0.011525399576741787,0.003957956448882654,398
Indoor Equipment,Treadmill,GYM,802299,42258,370477394,1078814296,34.341164681785045,0.01140636397372197,0.0039170782364196625,399
Indoor Equipment,Treadmill,GX,802157,41846,370477394,1078814296,34.341164681785045,0.011295156108769216,0.0038788881603771404,400
Indoor Equipment,TReadmill,OTHERS,,40719,370477394,1078814296,34.341164681785045,0.01099095401216302,0.003774421617416164,401
Indoor Equipment,Strength,GX,900056,40625,370477394,1078814296,34.341164681785045,0.010965581343945643,0.003765708347639472,402
Indoor Equipment,Spin Bike,HYBRID_GX,802291,39905,370477394,1078814296,34.341164681785045,0.010771237502280638,0.0036989684089243843,403
Indoor Equipment,Strength,GYM,900056,38436,370477394,1078814296,34.341164681785045,0.010374722080883563,0.003562800395073741,404
Indoor Equipment,Strength,HYBRID_GYM,900035,37919,370477394,1078814296,34.341164681785045,0.010235172405687998,0.0035148774113019357,405
Indoor Equipment,Treadmill,PLAY,801723,37799,370477394,1078814296,34.341164681785045,0.010202781765410496,0.0035037540881827545,406
Indoor Equipment,Strength,OTHERS,700607,37236,370477394,1078814296,34.341164681785045,0.010050815678108555,0.0034515671638819293,407
Indoor Equipment,Strength,PLAY,700056,36971,370477394,1078814296,34.341164681785045,0.00997928634749574,0.0034270031586604043,408
Indoor Equipment,Strength,HYBRID_GX,900036,36679,370477394,1078814296,34.341164681785045,0.009900469122820487,0.0033999364057370634,409
Indoor Equipment,Strength,GYM,900035,36643,370477394,1078814296,34.341164681785045,0.009890751930737237,0.003396599408801309,410
Indoor Equipment,Strength,OTHERS,601427,36345,370477394,1078814296,34.341164681785045,0.00981031517404811,0.0033689764897220087,411
Indoor Equipment,Treadmill,GX,900305,35998,370477394,1078814296,34.341164681785045,0.00971665223924567,0.0033368115470357096,412
Indoor Equipment,Treadmill,PLAY,805011,35499,370477394,1078814296,34.341164681785045,0.009581961160091728,0.003290557061731781,413
Indoor Equipment,Strength,OTHERS,600569,35345,370477394,1078814296,34.341164681785045,0.009540393171735601,0.0032762821303954984,414
Indoor Equipment,Treadmill,HYBRID_GYM,801969,34998,370477394,1078814296,34.341164681785045,0.009446730236933161,0.0032441171877091997,415
Indoor Equipment,Elliptical,PLAY,900064,34998,370477394,1078814296,34.341164681785045,0.009446730236933161,0.0032441171877091997,416
Indoor Equipment,Spin Bike,GX,802288,34672,370477394,1078814296,34.341164681785045,0.009358735664179284,0.0032138988265687568,417
Indoor Equipment,Strength,OTHERS,601040,34064,370477394,1078814296,34.341164681785045,0.009194623086773279,0.003157540656098239,418
Indoor Equipment,Treadmill,PLAY,805054,33498,370477394,1078814296,34.341164681785045,0.0090418472334644,0.0031050756487194346,419
Indoor Equipment,Spin Bike,GYM,802285,33321,370477394,1078814296,34.341164681785045,0.008994071039055085,0.003088668747118642,420
Indoor Equipment,Strength,HYBRID_GYM,900057,33240,370477394,1078814296,34.341164681785045,0.00897220735686777,0.003081160504013195,421
Indoor Equipment,Strength,GX,900039,33145,370477394,1078814296,34.341164681785045,0.008946564766648082,0.003072354539877176,422
Indoor Equipment,Strength,GX,601427,33046,370477394,1078814296,34.341164681785045,0.008919842488419144,0.0030631777983038517,423
Indoor Equipment,Treadmill,GX,801968,32498,370477394,1078814296,34.341164681785045,0.008771925231151891,0.0030123812893929247,424
Indoor Equipment,Strength,PLAY,805266,31969,370477394,1078814296,34.341164681785045,0.008629136491928573,0.0029633459733092006,425
Indoor Equipment,Treadmill,GX,801967,31248,370477394,1078814296,34.341164681785045,0.008434522728261255,0.002896513340234787,426
Indoor Equipment,Treadmill,GYM,802157,31196,370477394,1078814296,34.341164681785045,0.008420486784141005,0.0028916932335498083,427
Indoor Equipment,Strength,OTHERS,601557,31057,370477394,1078814296,34.341164681785045,0.008382967625819566,0.0028788087176034234,428
Indoor Equipment,Strength,GX,601602,31005,370477394,1078814296,34.341164681785045,0.008368931681699316,0.002873988610918445,429
Indoor Equipment,Strength,HYBRID_GX,900056,30653,370477394,1078814296,34.341164681785045,0.008273919136885313,0.0028413601964355135,430
Indoor Equipment,Treadmill,OTHERS,805003,30598,370477394,1078814296,34.341164681785045,0.008259073426758124,0.0028362620066725553,431
Indoor Equipment,Strength,HYBRID_GYM,900056,30174,370477394,1078814296,34.341164681785045,0.008144626497777622,0.002796959598318115,432
Indoor Equipment,Strength,OTHERS,900054,29771,370477394,1078814296,34.341164681785045,0.00803584793084568,0.0027596037715095314,433
Indoor Equipment,Strength,GYM,900043,29696,370477394,1078814296,34.341164681785045,0.008015603780672243,0.002752651694560043,434
Indoor Equipment,Treadmill,PLAY,805053,29523,370477394,1078814296,34.341164681785045,0.007968907274272179,0.0027366155703965568,435
Indoor Equipment,Strength,GYM,802150,29282,370477394,1078814296,34.341164681785045,0.007903856071714864,0.002714276229798868,436
Indoor Equipment,Treadmill,GX,805003,28998,370477394,1078814296,34.341164681785045,0.00782719822305811,0.0026879510317501395,437
Indoor Equipment,Strength,GX,900043,28846,370477394,1078814296,34.341164681785045,0.007786170078706611,0.0026738614891325097,438
Indoor Equipment,Strength,GX,900035,28594,370477394,1078814296,34.341164681785045,0.0077181497341238595,0.002650502510582229,439
Indoor Equipment,Treadmill,GYM,801969,28357,370477394,1078814296,34.341164681785045,0.0076541782195757935,0.002628533947421846,440
Indoor Equipment,Treadmill,HYBRID_GX,802299,27748,370477394,1078814296,34.341164681785045,0.007489795720167477,0.0025720830825920016,441
Indoor Equipment,Treadmill,GX,900338,27249,370477394,1078814296,34.341164681785045,0.007355104641013535,0.002525828597288073,442
Indoor Equipment,Strength,OTHERS,600990,26746,370477394,1078814296,34.341164681785045,0.007219333873850344,0.0024792033345468383,443
Indoor Equipment,Treadmill,GX,802299,26173,370477394,1078814296,34.341164681785045,0.007064668566525277,0.0024260894666527483,444
Indoor Equipment,Elliptical,PLAY,900065,25999,370477394,1078814296,34.341164681785045,0.0070177021381229,0.0024099606481299356,445
Indoor Equipment,Strength,HYBRID_GYM,900045,25980,370477394,1078814296,34.341164681785045,0.0070125736200789615,0.002408199455302732,446
Indoor Equipment,Treadmill,HYBRID_GX,802156,25499,370477394,1078814296,34.341164681785045,0.006882741136966647,0.0023636134684666805,447
Indoor Equipment,Strength,GX,900045,25087,370477394,1078814296,34.341164681785045,0.006771533272013893,0.0023254233924241583,448
Indoor Equipment,Strength,OTHERS,900041,24912,370477394,1078814296,34.341164681785045,0.006724296921609203,0.002309201879542019,449
Indoor Equipment,Strength,GX,600581,24433,370477394,1078814296,34.341164681785045,0.0065950042825015116,0.0022648012814246205,450
Indoor Equipment,Strength,GYM,900044,24407,370477394,1078814296,34.341164681785045,0.006587986310441387,0.002262391228082131,451
Indoor Equipment,Strength,HYBRID_GX,900045,24367,370477394,1078814296,34.341164681785045,0.0065771894303488865,0.002258683453709071,452
Indoor Equipment,Spin Bike,PLAY,802291,24298,370477394,1078814296,34.341164681785045,0.006558564812189324,0.002252287542915542,453
Indoor Equipment,Strength,GX,601606,24137,370477394,1078814296,34.341164681785045,0.0065151073698170095,0.0022373637510639736,454
Indoor Equipment,Strength,GYM,900042,24030,370477394,1078814296,34.341164681785045,0.006486225715569571,0.0022274454546160373,455
Indoor Equipment,Treadmill,HYBRID_GYM,802152,23999,370477394,1078814296,34.341164681785045,0.006477858133497883,0.0022245719294769154,456
Indoor Equipment,Strength,HYBRID_GX,700056,23997,370477394,1078814296,34.341164681785045,0.0064773182894932585,0.002224386540758262,457
Indoor Equipment,Strength,GYM,900182,23996,370477394,1078814296,34.341164681785045,0.006477048367490946,0.0022242938463989358,458
Indoor Equipment,Strength,OTHERS,700610,23298,370477394,1078814296,34.341164681785045,0.0062886428098768155,0.0021595931835890316,459
Indoor Equipment,Spin Bike,PLAY,900075,22999,370477394,1078814296,34.341164681785045,0.006207936131185376,0.002131877570150405,460
Indoor Equipment,Strength,OTHERS,601364,22719,370477394,1078814296,34.341164681785045,0.006132357970537874,0.0021059231495389823,461
Indoor Equipment,Spin Bike,PLAY,802289,22598,370477394,1078814296,34.341164681785045,0.00609969740825806,0.002094707132060475,462
Indoor Equipment,Strength,PLAY,900038,22428,370477394,1078814296,34.341164681785045,0.006053810667864933,0.002078949090974968,463
Indoor Equipment,Strength,HYBRID_GX,900035,21701,370477394,1078814296,34.341164681785045,0.00585757737218374,0.0020115602917445954,464
Indoor Equipment,Strength,HYBRID_GYM,900061,21484,370477394,1078814296,34.341164681785045,0.005799004297681925,0.0019914456157707427,465
Indoor Equipment,,OTHERS,601519,21367,370477394,1078814296,34.341164681785045,0.005767423423411362,0.0019806003757295407,466
Indoor Equipment,Treadmill,PLAY,900278,20999,370477394,1078814296,34.341164681785045,0.005668092126560359,0.001946488851497385,467
Indoor Equipment,Strength,OTHERS,900048,20813,370477394,1078814296,34.341164681785045,0.005617886634130233,0.001929247700662654,468
Indoor Equipment,Strength,PLAY,900039,20195,370477394,1078814296,34.341164681785045,0.005451074836701103,0.0018719625865988708,469
Indoor Equipment,Spin Bike,PLAY,900277,19996,370477394,1078814296,34.341164681785045,0.005397360358240913,0.0018535164090928953,470
Indoor Equipment,Strength,HYBRID_GYM,900062,19796,370477394,1078814296,34.341164681785045,0.005343375957778411,0.0018349775372275934,471
Indoor Equipment,Spin Bike,GX,802283,19348,370477394,1078814296,34.341164681785045,0.005222450900742408,0.001793450464249317,472
Indoor Equipment,Spin Bike,HYBRID_GYM,802282,19198,370477394,1078814296,34.341164681785045,0.005181962600395532,0.0017795463103503402,473
Indoor Equipment,Treadmill,GYM,801967,18999,370477394,1078814296,34.341164681785045,0.005128248121935343,0.0017611001328443649,474
Indoor Equipment,Spin Bike,GX,802282,18998,370477394,1078814296,34.341164681785045,0.00512797819993303,0.0017610074384850384,475
Indoor Equipment,Strength,GYM,900045,18817,370477394,1078814296,34.341164681785045,0.005079122317514466,0.0017442297594469401,476
Indoor Equipment,Spin Bike,HYBRID_GX,802283,18698,370477394,1078814296,34.341164681785045,0.005047001599239278,0.0017331991306870852,477
Indoor Equipment,,GX,601513,18665,370477394,1078814296,34.341164681785045,0.005038094173162965,0.0017301402168293106,478
Indoor Equipment,Strength,HYBRID_GX,900043,18641,370477394,1078814296,34.341164681785045,0.005031616045107465,0.0017279155522054743,479
Indoor Equipment,Strength,HYBRID_GX,900062,18631,370477394,1078814296,34.341164681785045,0.00502891682508434,0.0017269886086122093,480
Indoor Equipment,Strength,GX,802150,17423,370477394,1078814296,34.341164681785045,0.00470285104629083,0.001615013822545785,481
Indoor Equipment,Strength,GX,900044,17246,370477394,1078814296,34.341164681785045,0.004655074851881516,0.0015986069209449928,482
Indoor Equipment,Strength,OTHERS,700612,17046,370477394,1078814296,34.341164681785045,0.0046010904514190145,0.0015800680490796908,483
Indoor Equipment,Strength,HYBRID_GYM,900182,16897,370477394,1078814296,34.341164681785045,0.004560872073074451,0.0015662565895400407,484
Indoor Equipment,Strength,OTHERS,700608,16660,370477394,1078814296,34.341164681785045,0.0044969005585263865,0.001544288026379658,485
Indoor Equipment,,HYBRID_GYM,,16526,370477394,1078814296,34.341164681785045,0.00446073101021651,0.0015318669822299055,486
Indoor Equipment,Treadmill,PLAY,900338,16499,370477394,1078814296,34.341164681785045,0.004453443116154072,0.0015293642345280895,487
Indoor Equipment,Strength,HYBRID_GX,900042,16300,370477394,1078814296,34.341164681785045,0.004399728637693883,0.0015109180570221142,488
Indoor Equipment,Strength,OTHERS,601534,16256,370477394,1078814296,34.341164681785045,0.004387852069592133,0.0015068395052117477,489
Indoor Equipment,Strength,OTHERS,601606,16243,370477394,1078814296,34.341164681785045,0.00438434308356207,0.001505634478540503,490
Indoor Equipment,Strength,HYBRID_GX,601602,16213,370477394,1078814296,34.341164681785045,0.004376245423492695,0.0015028536477607079,491
Indoor Equipment,Elliptical,PLAY,900368,15999,370477394,1078814296,34.341164681785045,0.004318482114997818,0.0014830170548648346,492
Indoor Equipment,Elliptical,HYBRID_GX,900368,15999,370477394,1078814296,34.341164681785045,0.004318482114997818,0.0014830170548648346,493
Indoor Equipment,,OTHERS,601513,15881,370477394,1078814296,34.341164681785045,0.004286631318724942,0.0014720791204643066,494
Indoor Equipment,Strength,HYBRID_GYM,900043,15332,370477394,1078814296,34.341164681785045,0.004138444139455375,0.0014211899171940525,495
Indoor Equipment,,OTHERS,601518,14832,370477394,1078814296,34.341164681785045,0.004003483138299121,0.0013748427375307973,496
Indoor Equipment,Strength,GX,900062,14497,370477394,1078814296,34.341164681785045,0.003913059267524431,0.0013437901271564166,497
Indoor Equipment,Strength,PLAY,900036,14262,370477394,1078814296,34.341164681785045,0.0038496275969809915,0.0013220069527146866,498
Indoor Equipment,Strength,OTHERS,601595,14235,370477394,1078814296,34.341164681785045,0.003842339702918554,0.0013195042050128708,499
Indoor Equipment,Strength,HYBRID_GYM,900042,14144,370477394,1078814296,34.341164681785045,0.0038177768007081154,0.0013110690183141586,500
Indoor Equipment,Strength,OTHERS,700611,13941,370477394,1078814296,34.341164681785045,0.0037629826342386766,0.001292252063370877,501
Indoor Equipment,Treadmill,GYM,805003,13752,370477394,1078814296,34.341164681785045,0.003711967375801612,0.0012747328294581666,502
Indoor Equipment,Strength,HYBRID_GX,900044,13691,370477394,1078814296,34.341164681785045,0.003695502133660549,0.0012690784735392494,503
Indoor Equipment,Strength,GYM,900062,13607,370477394,1078814296,34.341164681785045,0.0036728286854662987,0.0012612921473558227,504
Indoor Equipment,Treadmill,PLAY,802299,13599,370477394,1078814296,34.341164681785045,0.0036706693094477987,0.0012605505924812106,505
Indoor Equipment,Treadmill,HYBRID_GYM,802299,13599,370477394,1078814296,34.341164681785045,0.0036706693094477987,0.0012605505924812106,506
Indoor Equipment,Dumbelle Stand,OTHERS,900436,13582,370477394,1078814296,34.341164681785045,0.003666080635408486,0.0012589747883726599,507
Indoor Equipment,Strength,GX,600569,13532,370477394,1078814296,34.341164681785045,0.0036525845352928608,0.0012543400704063342,508
Indoor Equipment,,OTHERS,601512,13439,370477394,1078814296,34.341164681785045,0.003627481789077797,0.001245719494988969,509
Indoor Equipment,Strength,GX,900055,13236,370477394,1078814296,34.341164681785045,0.0035726876226083583,0.0012269025400456874,510
Indoor Equipment,Strength,HYBRID_GYM,900055,13199,370477394,1078814296,34.341164681785045,0.003562700508522795,0.0012234728487506064,511
Indoor Equipment,Spin Bike,PLAY,802288,12999,370477394,1078814296,34.341164681785045,0.0035087161080602936,0.0012049339768853045,512
Indoor Equipment,Strength,GYM,900055,12862,370477394,1078814296,34.341164681785045,0.00347173679374348,0.0011922348496575725,513
Indoor Equipment,Strength,GYM,601606,12841,370477394,1078814296,34.341164681785045,0.0034660684316949173,0.0011902882681117158,514
Indoor Equipment,Strength,GX,600615,12787,370477394,1078814296,34.341164681785045,0.003451492643570042,0.0011852827727080843,515
Indoor Equipment,Strength,HYBRID_GX,900054,12255,370477394,1078814296,34.341164681785045,0.0033078941383397876,0.001135969373546381,516
Indoor Equipment,Strength,PLAY,900037,12205,370477394,1078814296,34.341164681785045,0.003294398038224162,0.0011313346555800554,517
Indoor Equipment,,OTHERS,601516,11418,370477394,1078814296,34.341164681785045,0.0030819694224042183,0.001058384194790092,518
Indoor Equipment,Strength,OTHERS,601041,11412,370477394,1078814296,34.341164681785045,0.003080349890390343,0.001057828028634133,519
Indoor Equipment,Spin Bike,PLAY,805267,11119,370477394,1078814296,34.341164681785045,0.003001262743712778,0.0010306685813514657,520
Indoor Equipment,Treadmill,HYBRID_GX,802157,10999,370477394,1078814296,34.341164681785045,0.0029688721034352773,0.0010195452582322843,521
Indoor Equipment,Strength,GX,900042,10803,370477394,1078814296,34.341164681785045,0.0029159673909820256,0.0010013771638042884,522
Indoor Equipment,Strength,GX,900049,10472,370477394,1078814296,34.341164681785045,0.002826623208216586,0.0009706953308672136,523
Indoor Equipment,,OTHERS,601522,10110,370477394,1078814296,34.341164681785045,0.0027289114433794574,0.0009371399727910169,524
Indoor Equipment,Spin Bike,GYM,802283,9999,370477394,1078814296,34.341164681785045,0.0026989501011227693,0.0009268508989057743,525
Indoor Equipment,Strength,HYBRID_GX,601427,9774,370477394,1078814296,34.341164681785045,0.0026382176506024547,0.0009059946680573094,526
Indoor Equipment,Strength,GYM,601602,9517,370477394,1078814296,34.341164681785045,0.00256884769600814,0.0008821722177103963,527
Indoor Equipment,Spin Bike,HYBRID_GX,802282,9499,370477394,1078814296,34.341164681785045,0.002563989099966515,0.0008805037192425192,528
Indoor Equipment,Strength,OTHERS,601363,9452,370477394,1078814296,34.341164681785045,0.0025513027658578273,0.0008761470843541731,529
Indoor Equipment,Strength,PLAY,802151,9398,370477394,1078814296,34.341164681785045,0.002536726977732952,0.0008711415889505417,530
Indoor Equipment,Strength,PLAY,900057,9385,370477394,1078814296,34.341164681785045,0.002533217991702889,0.0008699365622792971,531
Indoor Equipment,Strength,GYM,900041,9279,370477394,1078814296,34.341164681785045,0.0025046062594577634,0.000860110960190687,532
Indoor Equipment,Strength,GX,600573,9099,370477394,1078814296,34.341164681785045,0.0024560202990415118,0.0008434259755119151,533
Indoor Equipment,Strength,OTHERS,700609,9094,370477394,1078814296,34.341164681785045,0.0024546706890299494,0.0008429625037152826,534
Indoor Equipment,Spin Bike,HYBRID_GYM,802283,9040,370477394,1078814296,34.341164681785045,0.002440094900905074,0.000837957008311651,535
Indoor Equipment,Dumbelle Stand,HYBRID_GYM,900436,8998,370477394,1078814296,34.341164681785045,0.0024287581768079485,0.0008340638452199376,536
Indoor Equipment,Strength,HYBRID_GX,601606,8565,370477394,1078814296,34.341164681785045,0.0023118819498066327,0.0007939271876315587,537
Indoor Equipment,Spin Bike,HYBRID_GYM,802288,8521,370477394,1078814296,34.341164681785045,0.002300005381704882,0.0007898486358211924,538
Indoor Equipment,Spin Bike,HYBRID_GX,802285,8499,370477394,1078814296,34.341164681785045,0.002294067097654007,0.0007878093599160091,539
Indoor Equipment,,OTHERS,601520,8386,370477394,1078814296,34.341164681785045,0.0022635659113926935,0.0007773348973121136,540
Indoor Equipment,Strength,GYM,900061,8198,370477394,1078814296,34.341164681785045,0.0022128205749579423,0.0007599083577587297,541
Indoor Equipment,Strength,GYM,601605,8100,370477394,1078814296,34.341164681785045,0.002186368218731316,0.0007508243105447316,542
Indoor Equipment,Strength,GX,601605,8072,370477394,1078814296,34.341164681785045,0.002178810402666566,0.0007482288684835893,543
Indoor Equipment,Strength,GX,900061,8040,370477394,1078814296,34.341164681785045,0.002170172898592566,0.000745262648985141,544
Indoor Equipment,Strength,GYM,601557,7999,370477394,1078814296,34.341164681785045,0.002159106096497753,0.000741462180252754,545
Indoor Equipment,Strength,HYBRID_GX,600581,7883,370477394,1078814296,34.341164681785045,0.002127795144229502,0.0007307096345708789,546
Indoor Equipment,Strength,HYBRID_GYM,700056,7699,370477394,1078814296,34.341164681785045,0.0020781294958040005,0.0007136538724548011,547
Indoor Equipment,,GX,601519,7617,370477394,1078814296,34.341164681785045,0.0020559958916143745,0.0007060529349900272,548
Indoor Equipment,Strength,HYBRID_GX,900049,7609,370477394,1078814296,34.341164681785045,0.0020538365155958744,0.0007053113801154152,549
Indoor Equipment,Strength,GX,601557,7499,370477394,1078814296,34.341164681785045,0.0020241450953414988,0.0006951150005894991,550
Indoor Equipment,,OTHERS,601510,7432,370477394,1078814296,34.341164681785045,0.002006060321186561,0.000688904478514623,551
Indoor Equipment,Strength,OTHERS,600566,7334,370477394,1078814296,34.341164681785045,0.001979607964959935,0.0006798204313006249,552
Indoor Equipment,Strength,OTHERS,601604,7262,370477394,1078814296,34.341164681785045,0.001960173580793434,0.0006731464374291162,553
Indoor Equipment,Strength,PLAY,900043,7139,370477394,1078814296,34.341164681785045,0.0019269731745089958,0.0006617450312319554,554
Indoor Equipment,,GX,601516,6845,370477394,1078814296,34.341164681785045,0.0018476161058291185,0.0006344928895899614,555
Indoor Equipment,,GX,601517,6678,370477394,1078814296,34.341164681785045,0.0018025391314429296,0.0006190129315824343,556
Indoor Equipment,Spin Bike,HYBRID_GYM,802285,6649,370477394,1078814296,34.341164681785045,0.0017947113933758667,0.0006163247951619655,557
Indoor Equipment,Strength,PLAY,601534,6599,370477394,1078814296,34.341164681785045,0.0017812152932602414,0.00061169007719564,558
Indoor Equipment,Strength,HYBRID_GYM,900041,6545,370477394,1078814296,34.341164681785045,0.001766639505135366,0.0006066845817920085,559
Indoor Equipment,Strength,OTHERS,600813,6516,370477394,1078814296,34.341164681785045,0.0017588117670683033,0.0006039964453715397,560
Indoor Equipment,Strength,HYBRID_GX,600569,6367,370477394,1078814296,34.341164681785045,0.0017185933887237394,0.0005901849858318896,561
Indoor Equipment,Strength,PLAY,900045,6298,370477394,1078814296,34.341164681785045,0.0016999687705641763,0.0005837890750383604,562
Indoor Equipment,,GX,601768,6070,370477394,1078814296,34.341164681785045,0.0016384265540369245,0.0005626547611119162,563
Indoor Equipment,Strength,PLAY,900044,6035,370477394,1078814296,34.341164681785045,0.001628979283955987,0.0005594104585354882,564
Indoor Equipment,Strength,HYBRID_GX,900182,5999,370477394,1078814296,34.341164681785045,0.0016192620918727364,0.0005560734615997339,565
Indoor Equipment,Strength,GYM,700612,5898,370477394,1078814296,34.341164681785045,0.0015919999696391734,0.0005467113313077565,566
Indoor Equipment,Strength,HYBRID_GYM,601041,5688,370477394,1078814296,34.341164681785045,0.0015353163491535465,0.0005272455158491893,567
Indoor Equipment,Strength,HYBRID_GX,900055,5548,370477394,1078814296,34.341164681785045,0.0014975272688297955,0.0005142683055434779,568
Indoor Equipment,Strength,HYBRID_GX,600615,5498,370477394,1078814296,34.341164681785045,0.00148403116871417,0.0005096335875771524,569
Indoor Equipment,,OTHERS,601517,5479,370477394,1078814296,34.341164681785045,0.0014789026506702321,0.0005078723947499487,570
Indoor Equipment,Strength,GYM,601534,5426,370477394,1078814296,34.341164681785045,0.0014645967845476693,0.0005029595937056437,571
Indoor Equipment,Strength,GYM,601363,5409,370477394,1078814296,34.341164681785045,0.0014600081105083566,0.000501383789597093,572
Indoor Equipment,,GX,601512,5388,370477394,1078814296,34.341164681785045,0.001454339748459794,0.0004994372080512363,573
Indoor Equipment,Strength,HYBRID_GX,700608,5368,370477394,1078814296,34.341164681785045,0.0014489413084135439,0.000497583320864706,574
Indoor Equipment,Strength,OTHERS,600567,5247,370477394,1078814296,34.341164681785045,0.0014162807461337303,0.00048636730338619835,575
Indoor Equipment,Strength,GYM,700607,5233,370477394,1078814296,34.341164681785045,0.0014125018381013553,0.00048506958235562724,576
Indoor Equipment,Strength,HYBRID_GYM,900044,5022,370477394,1078814296,34.341164681785045,0.001355548295613416,0.0004655110725377336,577
Indoor Equipment,Strength,GX,601534,4949,370477394,1078814296,34.341164681785045,0.0013358439894446028,0.00045874438430689834,578
Indoor Equipment,Dumbelle Stand,GYM,900436,4908,370477394,1078814296,34.341164681785045,0.0013247771873497903,0.00045494391557451147,579
Indoor Equipment,,OTHERS,601768,4797,370477394,1078814296,34.341164681785045,0.0012948158450931016,0.0004446548416892688,580
Indoor Equipment,Strength,GX,700611,4762,370477394,1078814296,34.341164681785045,0.0012853685750121638,0.000441410539112841,581
Indoor Equipment,Strength,GX,601364,4758,370477394,1078814296,34.341164681785045,0.0012842888870029138,0.00044103976167553493,582
Indoor Equipment,,PLAY,,4742,370477394,1078814296,34.341164681785045,0.0012799701349659137,0.0004395566519263108,583
Indoor Equipment,,GYM,601518,4733,370477394,1078814296,34.341164681785045,0.001277540836945101,0.00043872240269237213,584
Indoor Equipment,,OTHERS,601521,4730,370477394,1078814296,34.341164681785045,0.0012767310709381637,0.00043844431961439264,585
Indoor Equipment,Strength,PLAY,900062,4699,370477394,1078814296,34.341164681785045,0.001268363488866476,0.00043557079447527087,586
Indoor Equipment,,GX,601515,4653,370477394,1078814296,34.341164681785045,0.0012559470767601005,0.00043130685394625134,587
Indoor Equipment,Strength,HYBRID_GX,900041,4630,370477394,1078814296,34.341164681785045,0.0012497388707069128,0.0004291748836817416,588
Indoor Equipment,Dumbelle Stand,HYBRID_GX,900436,4499,370477394,1078814296,34.341164681785045,0.0012143790884039743,0.0004170319226099688,589
Indoor Equipment,Strength,OTHERS,600808,4495,370477394,1078814296,34.341164681785045,0.0012132994003947243,0.0004166611451726628,590
Indoor Equipment,Strength,GX,700610,4482,370477394,1078814296,34.341164681785045,0.0012097904143646616,0.0004154561185014181,591
Indoor Equipment,Strength,PLAY,900035,4478,370477394,1078814296,34.341164681785045,0.0012087107263554116,0.00041508534106411216,592
Indoor Equipment,Strength,HYBRID_GYM,700607,4439,370477394,1078814296,34.341164681785045,0.0011981837682652236,0.0004114702610503782,593
Indoor Equipment,Strength,GX,601041,4318,370477394,1078814296,34.341164681785045,0.0011655232059854103,0.0004002542435718705,594
Indoor Equipment,Strength,PLAY,900056,4275,370477394,1078814296,34.341164681785045,0.0011539165598859725,0.0003962683861208306,595
Indoor Equipment,Strength,GYM,600615,4266,370477394,1078814296,34.341164681785045,0.0011514872618651598,0.000395434136886892,596
Indoor Equipment,Strength,PLAY,900061,4135,370477394,1078814296,34.341164681785045,0.0011161274795622213,0.0003832911758151192,597
Indoor Equipment,Strength,HYBRID_GYM,700608,4131,370477394,1078814296,34.341164681785045,0.0011150477915529713,0.00038292039837781313,598
Indoor Equipment,Strength,GX,600813,4104,370477394,1078814296,34.341164681785045,0.0011077598974905335,0.0003804176506759973,599
Indoor Equipment,,GX,601520,4092,370477394,1078814296,34.341164681785045,0.0011045208334627835,0.0003793053183640792,600
Indoor Equipment,Strength,GYM,601604,4082,370477394,1078814296,34.341164681785045,0.0011018216134396582,0.0003783783747708141,601
Indoor Equipment,,GYM,601517,4042,370477394,1078814296,34.341164681785045,0.001091024733347158,0.0003746706003977537,602
Indoor Equipment,Strength,GYM,600569,4028,370477394,1078814296,34.341164681785045,0.0010872458253147828,0.0003733728793671826,603
Indoor Equipment,,OTHERS,601511,4004,370477394,1078814296,34.341164681785045,0.0010807676972592827,0.00037114821474334633,604
Indoor Equipment,,OTHERS,601514,3972,370477394,1078814296,34.341164681785045,0.0010721301931852824,0.000368181995244898,605
Indoor Equipment,Strength,HYBRID_GX,700607,3972,370477394,1078814296,34.341164681785045,0.0010721301931852824,0.000368181995244898,606
Indoor Equipment,Strength,GX,601363,3916,370477394,1078814296,34.341164681785045,0.001057014561055782,0.00036299111112261345,607
Indoor Equipment,Strength,HYBRID_GX,601040,3793,370477394,1078814296,34.341164681785045,0.0010238141547713436,0.00035158970492545267,608
Indoor Equipment,Strength,GX,900041,3751,370477394,1078814296,34.341164681785045,0.0010124774306742182,0.00034769654183373927,609
Indoor Equipment,Strength,GYM,900054,3717,370477394,1078814296,34.341164681785045,0.0010033000825955928,0.00034454493361663795,610
Indoor Equipment,Strength,GYM,600581,3701,370477394,1078814296,34.341164681785045,0.0009989813305585928,0.00034306182386741377,611
Indoor Equipment,Strength,GYM,900048,3658,370477394,1078814296,34.341164681785045,0.0009873746844591548,0.0003390759664163739,612
Indoor Equipment,Strength,HYBRID_GX,802150,3649,370477394,1078814296,34.341164681785045,0.0009849453864383424,0.00033824171718243527,613
Indoor Equipment,,GX,601522,3628,370477394,1078814296,34.341164681785045,0.0009792770243897797,0.00033629513563657854,614
Indoor Equipment,Strength,HYBRID_GYM,601364,3558,370477394,1078814296,34.341164681785045,0.000960382484227904,0.00032980653048372285,615
Indoor Equipment,Strength,HYBRID_GYM,802150,3499,370477394,1078814296,34.341164681785045,0.0009444570860914661,0.00032433756328345873,616
Indoor Equipment,Strength,PLAY,900042,3477,370477394,1078814296,34.341164681785045,0.000938518802040591,0.0003222982873782755,617
Indoor Equipment,,GX,601511,3453,370477394,1078814296,34.341164681785045,0.0009320406739850907,0.00032007362275443925,618
Indoor Equipment,Strength,GX,900054,3339,370477394,1078814296,34.341164681785045,0.0009012695657214648,0.00030950646579121715,619
Indoor Equipment,Strength,OTHERS,600568,3330,370477394,1078814296,34.341164681785045,0.0008988402677006522,0.0003086722165572786,620
Indoor Equipment,,HYBRID_GX,601519,3108,370477394,1078814296,34.341164681785045,0.0008389175831872754,0.00028809406878679334,621
Indoor Equipment,Strength,GYM,601364,3062,370477394,1078814296,34.341164681785045,0.0008265011710809,0.00028383012825777387,622
Indoor Equipment,Strength,PLAY,900054,3039,370477394,1078814296,34.341164681785045,0.0008202929650277123,0.0002816981579932641,623
Indoor Equipment,,GX,601514,2863,370477394,1078814296,34.341164681785045,0.0007727866926207109,0.0002653839507517983,624
Indoor Equipment,,GX,601521,2829,370477394,1078814296,34.341164681785045,0.0007636093445420857,0.000262232342534697,625
Indoor Equipment,Strength,HYBRID_GX,600990,2718,370477394,1078814296,34.341164681785045,0.0007336480022853973,0.0002519432686494544,626
Indoor Equipment,,HYBRID_GX,601512,2707,370477394,1078814296,34.341164681785045,0.0007306788602599596,0.0002509236306968628,627
Indoor Equipment,Strength,HYBRID_GX,601041,2699,370477394,1078814296,34.341164681785045,0.0007285194842414595,0.00025018207582225066,628
Indoor Equipment,Strength,OTHERS,601027,2698,370477394,1078814296,34.341164681785045,0.000728249562239147,0.0002500893814629242,629
Indoor Equipment,Strength,HYBRID_GYM,601606,2598,370477394,1078814296,34.341164681785045,0.0007012573620078963,0.00024081994553027316,630
Indoor Equipment,Strength,HYBRID_GYM,900054,2589,370477394,1078814296,34.341164681785045,0.0006988280639870836,0.0002399856962963346,631
Indoor Equipment,Strength,HYBRID_GX,700611,2574,370477394,1078814296,34.341164681785045,0.000694779233952396,0.00023859528090643692,632
Indoor Equipment,Strength,GX,700612,2559,370477394,1078814296,34.341164681785045,0.0006907304039177084,0.00023720486551653927,633
Indoor Equipment,,GYM,601519,2521,370477394,1078814296,34.341164681785045,0.0006804733678298331,0.0002336824798621319,634
Indoor Equipment,Strength,GX,600566,2403,370477394,1078814296,34.341164681785045,0.0006486225715569571,0.00022274454546160368,635
Indoor Equipment,Strength,HYBRID_GX,900061,2399,370477394,1078814296,34.341164681785045,0.0006475428835477071,0.0002223737680242977,636
Indoor Equipment,Strength,HYBRID_GX,600813,2382,370477394,1078814296,34.341164681785045,0.0006429542095083944,0.000220797963915747,637
Indoor Equipment,Strength,GX,600808,2375,370477394,1078814296,34.341164681785045,0.0006410647554922069,0.00022014910340046142,638
Indoor Equipment,Strength,GX,700607,2323,370477394,1078814296,34.341164681785045,0.0006270288113719565,0.00021532899671548292,639
Indoor Equipment,Strength,OTHERS,600800,2258,370477394,1078814296,34.341164681785045,0.0006094838812216434,0.00020930386335925975,640
Indoor Equipment,,GX,601518,2251,370477394,1078814296,34.341164681785045,0.0006075944272054558,0.0002086550028439742,641
Indoor Equipment,Strength,HYBRID_GX,601363,2229,370477394,1078814296,34.341164681785045,0.0006016561431545807,0.00020661572693879095,642
Indoor Equipment,,HYBRID_GX,601517,2202,370477394,1078814296,34.341164681785045,0.0005943682490921429,0.00020411297923697517,643
Indoor Equipment,,HYBRID_GX,601513,2198,370477394,1078814296,34.341164681785045,0.000593288561082893,0.00020374220179966913,644
Indoor Equipment,Strength,HYBRID_GYM,600615,2167,370477394,1078814296,34.341164681785045,0.0005849209790112053,0.0002008686766605473,645
Indoor Equipment,,HYBRID_GYM,601519,2158,370477394,1078814296,34.341164681785045,0.0005824916809903926,0.00020003442742660873,646
Indoor Equipment,,GYM,601516,2139,370477394,1078814296,34.341164681785045,0.000577363162946455,0.00019827323459940504,647
Indoor Equipment,Strength,HYBRID_GYM,600569,2122,370477394,1078814296,34.341164681785045,0.0005727744889071424,0.0001966974304908544,648
Indoor Equipment,,GX,601510,2105,370477394,1078814296,34.341164681785045,0.0005681858148678297,0.00019512162638230372,649
Indoor Equipment,,GYM,601520,2095,370477394,1078814296,34.341164681785045,0.0005654865948447046,0.0001941946827890386,650
Indoor Equipment,Strength,GYM,700610,2081,370477394,1078814296,34.341164681785045,0.0005617076868123295,0.00019289696175846745,651
Indoor Equipment,Strength,GX,601040,2008,370477394,1078814296,34.341164681785045,0.0005420033806435164,0.00018613027352763222,652
Indoor Equipment,,GYM,601512,1993,370477394,1078814296,34.341164681785045,0.0005379545506088287,0.00018473985813773457,653
Indoor Equipment,Strength,GX,600991,1954,370477394,1078814296,34.341164681785045,0.0005274275925186409,0.00018112477812400068,654
Indoor Equipment,Strength,PLAY,700608,1878,370477394,1078814296,34.341164681785045,0.0005069135203428904,0.0001740800068151859,655
Indoor Equipment,Strength,PLAY,600581,1850,370477394,1078814296,34.341164681785045,0.0004993557042781401,0.00017148456475404365,656
Indoor Equipment,Strength,OTHERS,601359,1850,370477394,1078814296,34.341164681785045,0.0004993557042781401,0.00017148456475404365,657
Indoor Equipment,Strength,HYBRID_GX,600568,1826,370477394,1078814296,34.341164681785045,0.0004928775762226399,0.0001692599001302074,658
Indoor Equipment,Strength,GX,600568,1826,370477394,1078814296,34.341164681785045,0.0004928775762226399,0.0001692599001302074,659
Indoor Equipment,Strength,GYM,601603,1804,370477394,1078814296,34.341164681785045,0.00048693929217176474,0.00016722062422502417,660
Indoor Equipment,Strength,HYBRID_GX,700610,1747,370477394,1078814296,34.341164681785045,0.0004715537380399518,0.00016193704574341312,661
Indoor Equipment,Strength,GX,600990,1699,370477394,1078814296,34.341164681785045,0.00045859748192895143,0.0001574877164957406,662
Indoor Equipment,,OTHERS,601515,1685,370477394,1078814296,34.341164681785045,0.00045481857389657627,0.00015618999546516946,663
Indoor Equipment,Strength,OTHERS,600991,1608,370477394,1078814296,34.341164681785045,0.00043403457971851313,0.0001490525297970282,664
Indoor Equipment,Strength,OTHERS,600575,1599,370477394,1078814296,34.341164681785045,0.0004316052816977006,0.00014821828056308962,665
Indoor Equipment,Strength,HYBRID_GYM,900049,1549,370477394,1078814296,34.341164681785045,0.0004181091815820751,0.0001435835625967641,666
Indoor Equipment,,GYM,601514,1536,370477394,1078814296,34.341164681785045,0.00041460019555201257,0.00014237853592551948,667
Indoor Equipment,,GYM,601522,1528,370477394,1078814296,34.341164681785045,0.00041244081953351253,0.0001416369810509074,668
Indoor Equipment,Strength,HYBRID_GYM,600813,1496,370477394,1078814296,34.341164681785045,0.0004038033154595122,0.0001386707615524591,669
Indoor Equipment,Strength,HYBRID_GYM,600567,1428,370477394,1078814296,34.341164681785045,0.0003854486193022617,0.00013236754511825638,670
Indoor Equipment,,HYBRID_GX,601514,1426,370477394,1078814296,34.341164681785045,0.00038490877529763663,0.00013218215639960337,671
Indoor Equipment,,HYBRID_GX,601511,1385,370477394,1078814296,34.341164681785045,0.0003738419732028238,0.00012838168766721647,672
Indoor Equipment,,GYM,601515,1305,370477394,1078814296,34.341164681785045,0.00035224821301782315,0.00012096613892109564,673
Indoor Equipment,,HYBRID_GX,601520,1299,370477394,1078814296,34.341164681785045,0.00035062868100394813,0.00012040997276513658,674
Indoor Equipment,Strength,OTHERS,601199,1298,370477394,1078814296,34.341164681785045,0.0003503587590016356,0.00012031727840581006,675
Indoor Equipment,,HYBRID_GX,601518,1274,370477394,1078814296,34.341164681785045,0.0003438806309461354,0.00011809261378197385,676
Indoor Equipment,,OTHERS,601744,1231,370477394,1078814296,34.341164681785045,0.0003322739848466976,0.00011410675633093391,677
Indoor Equipment,Strength,GYM,600990,1199,370477394,1078814296,34.341164681785045,0.0003236364807726973,0.00011114053683248558,678
Indoor Equipment,,GX,601744,1189,370477394,1078814296,34.341164681785045,0.0003209372607495722,0.00011021359323922048,679
Indoor Equipment,,GYM,601744,1154,370477394,1078814296,34.341164681785045,0.00031148999066863445,0.00010696929066279263,680
Indoor Equipment,Strength,HYBRID_GX,600991,1149,370477394,1078814296,34.341164681785045,0.0003101403806570719,0.00010650581886616008,681
Indoor Equipment,,HYBRID_GYM,601516,1124,370477394,1078814296,34.341164681785045,0.00030339233059925916,0.00010418845988299732,682
Indoor Equipment,,GYM,601768,1041,370477394,1078814296,34.341164681785045,0.000280988804407321,0.00009649482805889698,683
Indoor Equipment,,HYBRID_GX,601516,1026,370477394,1078814296,34.341164681785045,0.0002769399743726334,0.00009510441266899933,684
Indoor Equipment,Strength,HYBRID_GX,900048,977,370477394,1078814296,34.341164681785045,0.00026371379625932047,0.00009056238906200034,685
Indoor Equipment,Strength,OTHERS,601603,974,370477394,1078814296,34.341164681785045,0.00026290403025238296,0.00009028430598402081,686
Indoor Equipment,Strength,HYBRID_GX,600566,955,370477394,1078814296,34.341164681785045,0.0002577755122084453,0.00008852311315681712,687
Indoor Equipment,Strength,GX,601027,934,370477394,1078814296,34.341164681785045,0.00025210715015988263,0.0000865765316109604,688
Indoor Equipment,Strength,GX,601359,919,370477394,1078814296,34.341164681785045,0.000248058320125195,0.00008518611622106276,689
Indoor Equipment,Strength,PLAY,601606,909,370477394,1078814296,34.341164681785045,0.0002453591001020699,0.00008425917262779766,690
Indoor Equipment,Strength,HYBRID_GX,601364,839,370477394,1078814296,34.341164681785045,0.00022646455994019437,0.00007777056747494195,691
Indoor Equipment,,HYBRID_GX,601521,823,370477394,1078814296,34.341164681785045,0.00022214580790319425,0.00007628745772571779,692
Indoor Equipment,,HYBRID_GYM,601768,800,370477394,1078814296,34.341164681785045,0.00021593760185000655,0.00007415548746120806,693
Indoor Equipment,Strength,GYM,600813,764,370477394,1078814296,34.341164681785045,0.00020622040976675627,0.0000708184905254537,694
Indoor Equipment,Strength,HYBRID_GYM,600808,764,370477394,1078814296,34.341164681785045,0.00020622040976675627,0.0000708184905254537,695
Indoor Equipment,Strength,HYBRID_GYM,601363,764,370477394,1078814296,34.341164681785045,0.00020622040976675627,0.0000708184905254537,696
Indoor Equipment,,PLAY,601519,725,370477394,1078814296,34.341164681785045,0.0001956934516765684,0.0000672034105117198,697
Indoor Equipment,,HYBRID_GYM,601518,679,370477394,1078814296,34.341164681785045,0.00018327703957019304,0.00006293946998270034,698
Indoor Equipment,Strength,GYM,601359,678,370477394,1078814296,34.341164681785045,0.00018300711756788054,0.00006284677562337384,699
Indoor Equipment,,PLAY,601521,649,370477394,1078814296,34.341164681785045,0.0001751793795008178,0.00006015863920290503,700
Indoor Equipment,,HYBRID_GX,601522,639,370477394,1078814296,34.341164681785045,0.00017248015947769272,0.00005923169560963993,701
Indoor Equipment,,PLAY,601511,637,370477394,1078814296,34.341164681785045,0.0001719403154730677,0.000059046306890986924,702
Indoor Equipment,,PLAY,601510,636,370477394,1078814296,34.341164681785045,0.00017167039347075518,0.000058953612531660406,703
Indoor Equipment,Strength,HYBRID_GX,600800,622,370477394,1078814296,34.341164681785045,0.00016789148543838007,0.00005765589150108927,704
Indoor Equipment,,HYBRID_GYM,601520,616,370477394,1078814296,34.341164681785045,0.00016627195342450504,0.0000570997253451302,705
Indoor Equipment,,HYBRID_GYM,601513,607,370477394,1078814296,34.341164681785045,0.00016384265540369245,0.000056265476111191614,706
Indoor Equipment,,GYM,601513,551,370477394,1078814296,34.341164681785045,0.00014872702327419198,0.00005107459198890705,707
Indoor Equipment,,HYBRID_GX,601510,535,370477394,1078814296,34.341164681785045,0.00014440827123719186,0.000049591482239682886,708
Indoor Equipment,,GYM,601510,519,370477394,1078814296,34.341164681785045,0.00014008951920019174,0.00004810837249045873,709
Indoor Equipment,,GYM,601521,505,370477394,1078814296,34.341164681785045,0.00013631061116781663,0.00004681065145988759,710
Indoor Equipment,,PLAY,601513,475,370477394,1078814296,34.341164681785045,0.00012821295109844138,0.000044029820680092285,711
Indoor Equipment,,HYBRID_GX,601515,415,370477394,1078814296,34.341164681785045,0.00011201763095969088,0.00003846815912050168,712
Indoor Equipment,,HYBRID_GYM,601517,375,370477394,1078814296,34.341164681785045,0.00010122075086719056,0.000034760384747441276,713
Indoor Equipment,Strength,GYM,601360,374,370477394,1078814296,34.341164681785045,0.00010095082886487805,0.00003466769038811477,714
Indoor Equipment,Strength,HYBRID_GX,601359,359,370477394,1078814296,34.341164681785045,0.00009690199883019045,0.000033277274998217117,715
Indoor Equipment,Strength,GYM,600800,336,370477394,1078814296,34.341164681785045,0.00009069379277700274,0.000031145304733707385,716
Indoor Equipment,Strength,PLAY,600800,302,370477394,1078814296,34.341164681785045,0.00008151644469837747,0.000027993696516606043,717
Indoor Equipment,Strength,GX,600800,28,370477394,1078814296,34.341164681785045,0.000007557816064750228,0.0000025954420611422822,718
Indoor_Equipment-Strength,Strength,OTHERS,900050,1232788,9517572,1078814296,0.8822252388839311,12.95275727885221,0.11427249384540972,1
Indoor_Equipment-Strength,Strength,OTHERS,900289,840863,9517572,1078814296,0.8822252388839311,8.834847795214998,0.07794325706636723,2
Indoor_Equipment-Strength,Strength,GYM,900050,577192,9517572,1078814296,0.8822252388839311,6.064487875689304,0.05350244264838701,3
Indoor_Equipment-Strength,Strength,OTHERS,,430216,9517572,1078814296,0.8822252388839311,4.52022847843967,0.03987859649201386,4
Indoor_Equipment-Strength,Strength,GYM,900289,408499,9517572,1078814296,0.8822252388839311,4.292050535577771,0.03786555309052004,5
Indoor_Equipment-Strength,Strength,OTHERS,900290,392582,9517572,1078814296,0.8822252388839311,4.124812504701829,0.03639013697311998,6
Indoor_Equipment-Strength,Strength,OTHERS,802948,337626,9517572,1078814296,0.8822252388839311,3.547396331753519,0.03129602576197229,7
Indoor_Equipment-Strength,Strength,OTHERS,900051,336180,9517572,1078814296,0.8822252388839311,3.532203381282537,0.031161989718386157,8
Indoor_Equipment-Strength,Strength,HYBRID_GYM,900050,329500,9517572,1078814296,0.8822252388839311,3.4620174136849187,0.030542791398085068,9
Indoor_Equipment-Strength,Strength,OTHERS,802947,304220,9517572,1078814296,0.8822252388839311,3.196403452477165,0.028199477994310895,10
Indoor_Equipment-Strength,Strength,GX,900050,271958,9517572,1078814296,0.8822252388839311,2.8574304454959734,0.025208972573719027,11
Indoor_Equipment-Strength,Strength,GX,900289,261918,9517572,1078814296,0.8822252388839311,2.751941356472008,0.024278321206080866,12
Indoor_Equipment-Strength,Strength,GYM,900290,247989,9517572,1078814296,0.8822252388839311,2.6055910057733214,0.022987181475021906,13
Indoor_Equipment-Strength,Strength,HYBRID_GYM,900289,196641,9517572,1078814296,0.8822252388839311,2.0660836608328257,0.018227511512324268,14
Indoor_Equipment-Strength,Strength,OTHERS,900053,186365,9517572,1078814296,0.8822252388839311,1.9581149478039146,0.01727498427588505,15
Indoor_Equipment-Strength,Strength,HYBRID_GX,900050,176815,9517572,1078814296,0.8822252388839311,1.8577742306546248,0.016389753144316878,16
Indoor_Equipment-Strength,Strength,GX,900290,165328,9517572,1078814296,0.8822252388839311,1.737081684278301,0.015324973038733258,17
Indoor_Equipment-Strength,Strength,GYM,900051,164823,9517572,1078814296,0.8822252388839311,1.7317757091829724,0.01527816238727337,18
Indoor_Equipment-Strength,Strength,HYBRID_GYM,900290,159492,9517572,1078814296,0.8822252388839311,1.675763524562777,0.014784008757703745,19
Indoor_Equipment-Strength,Strength,HYBRID_GX,900289,146789,9517572,1078814296,0.8822252388839311,1.5422946104321564,0.013606512311179089,20
Indoor_Equipment-Strength,Strength,GX,,123599,9517572,1078814296,0.8822252388839311,1.2986400313021011,0.011456930118397319,21
Indoor_Equipment-Strength,Strength,PLAY,900050,109488,9517572,1078814296,0.8822252388839311,1.1503774281928205,0.010148920013940934,22
Indoor_Equipment-Strength,Strength,HYBRID_GYM,900051,101732,9517572,1078814296,0.8822252388839311,1.0688860562336695,0.009429982563004523,23
Indoor_Equipment-Strength,Strength,GX,802947,99361,9517572,1078814296,0.8822252388839311,1.043974240489066,0.009210204237041367,24
Indoor_Equipment-Strength,Strength,OTHERS,900284,81777,9517572,1078814296,0.8822252388839311,0.85922123835785,0.007580266622644015,25
Indoor_Equipment-Strength,Strength,GYM,,78239,9517572,1078814296,0.8822252388839311,0.8220478920464168,0.007252313979346822,26
Indoor_Equipment-Strength,Single Speed Cycle,OTHERS,,77513,9517572,1078814296,0.8822252388839311,0.8144198961667956,0.007185017874475775,27
Indoor_Equipment-Strength,Strength,OTHERS,900282,73747,9517572,1078814296,0.8822252388839311,0.7748509809014317,0.006835930917252138,28
Indoor_Equipment-Strength,Strength,GYM,900053,71020,9517572,1078814296,0.8822252388839311,0.7461987153866553,0.006583153399368746,29
Indoor_Equipment-Strength,Strength,GYM,802948,67385,9517572,1078814296,0.8822252388839311,0.7080062015816638,0.006246209403216881,30
Indoor_Equipment-Strength,Strength,GYM,802947,64930,9517572,1078814296,0.8822252388839311,0.6822118078014014,0.006018644751070299,31
Indoor_Equipment-Strength,Single Speed Cycle,GYM,,64542,9517572,1078814296,0.8822252388839311,0.6781351378271685,0.0059826793396516136,32
Indoor_Equipment-Strength,Strength,HYBRID_GX,900051,63664,9517572,1078814296,0.8822252388839311,0.66891009597826,0.005901293692162937,33
Indoor_Equipment-Strength,Strength,HYBRID_GYM,,63292,9517572,1078814296,0.8822252388839311,0.6650015361060574,0.005866811390493476,34
Indoor_Equipment-Strength,Strength,GX,802948,63010,9517572,1078814296,0.8822252388839311,0.6620385955577746,0.0058406715811634,35
Indoor_Equipment-Strength,Strength,HYBRID_GX,802948,62243,9517572,1078814296,0.8822252388839311,0.6539798175417008,0.005769575007559966,36
Indoor_Equipment-Strength,Strength,HYBRID_GX,,59900,9517572,1078814296,0.8822252388839311,0.6293621944756499,0.005552392123657953,37
Indoor_Equipment-Strength,Strength,PLAY,900289,55496,9517572,1078814296,0.8822252388839311,0.5830898888918308,0.005144166165184003,38
Indoor_Equipment-Strength,Strength,GX,900051,52515,9517572,1078814296,0.8822252388839311,0.5517688755073248,0.004867844280031676,39
Indoor_Equipment-Strength,Strength,HYBRID_GX,802947,50666,9517572,1078814296,0.8822252388839311,0.532341651841457,0.004696452409636959,40
Indoor_Equipment-Strength,Strength,HYBRID_GX,900053,45631,9517572,1078814296,0.8822252388839311,0.479439504108821,0.004229736310427981,41
Indoor_Equipment-Strength,Strength,HYBRID_GYM,802947,42496,9517572,1078814296,0.8822252388839311,0.4465004309922741,0.0039391394939393715,42
Indoor_Equipment-Strength,Strength,OTHERS,900283,41230,9517572,1078814296,0.8822252388839311,0.43319871916913266,0.0038217884350320104,43
Indoor_Equipment-Strength,Strength,HYBRID_GYM,802948,40383,9517572,1078814296,0.8822252388839311,0.4242993906429076,0.0037432763126824566,44
Indoor_Equipment-Strength,Single Speed Cycle,GX,,34934,9517572,1078814296,0.8822252388839311,0.3670473940202396,0.003238184748712303,45
Indoor_Equipment-Strength,Strength,OTHERS,900047,32602,9517572,1078814296,0.8822252388839311,0.3425453466493345,0.0030220215027628814,46
Indoor_Equipment-Strength,Strength,PLAY,802948,30175,9517572,1078814296,0.8822252388839311,0.317045145547625,0.0027970522926774413,47
Indoor_Equipment-Strength,Geared Cycle,OTHERS,,30038,9517572,1078814296,0.8822252388839311,0.3156057027989912,0.0027843531654497098,48
Indoor_Equipment-Strength,Strength,PLAY,,26620,9517572,1078814296,0.8822252388839311,0.27969318225278467,0.0024675238452716982,49
Indoor_Equipment-Strength,Strength,OTHERS,900052,26191,9517572,1078814296,0.8822252388839311,0.2751857301420993,0.0024277579651206254,50
Indoor_Equipment-Strength,Strength,GX,900052,25738,9517572,1078814296,0.8822252388839311,0.27042611287836854,0.0023857674203457166,51
Indoor_Equipment-Strength,Strength,PLAY,802947,25695,9517572,1078814296,0.8822252388839311,0.2699743169791623,0.002381781562894676,52
Indoor_Equipment-Strength,Strength,GYM,900282,25398,9517572,1078814296,0.8822252388839311,0.26685377321022635,0.002354251338174703,53
Indoor_Equipment-Strength,Strength,OTHERS,900280,24728,9517572,1078814296,0.8822252388839311,0.2598141626877107,0.002292146117425941,54
Indoor_Equipment-Strength,Strength,HYBRID_GX,900290,22999,9517572,1078814296,0.8822252388839311,0.24164776478706965,0.002131877570150405,55
Indoor_Equipment-Strength,Strength,PLAY,900290,22999,9517572,1078814296,0.8822252388839311,0.24164776478706965,0.002131877570150405,56
Indoor_Equipment-Strength,Strength,GX,900053,22995,9517572,1078814296,0.8822252388839311,0.24160573726156206,0.002131506792713099,57
Indoor_Equipment-Strength,Strength,PLAY,900051,22318,9517572,1078814296,0.8822252388839311,0.23449257856940825,0.0020687527114490517,58
Indoor_Equipment-Strength,Strength,HYBRID_GX,900284,22092,9517572,1078814296,0.8822252388839311,0.23211802337823134,0.002047803786241261,59
Indoor_Equipment-Strength,Strength,GYM,900284,21975,9517572,1078814296,0.8822252388839311,0.23088871825713533,0.002036958546200059,60
Indoor_Equipment-Strength,Strength,HYBRID_GYM,900284,15924,9517572,1078814296,0.8822252388839311,0.1673115790455801,0.0014760649779153464,61
Indoor_Equipment-Strength,Strength,HYBRID_GYM,900053,15827,9517572,1078814296,0.8822252388839311,0.1662924115520219,0.0014670736250606748,62
Indoor_Equipment-Strength,Strength,OTHERS,900281,15753,9517572,1078814296,0.8822252388839311,0.1655149023301321,0.0014602142424705131,63
Indoor_Equipment-Strength,Strength,GX,900284,15267,9517572,1078814296,0.8822252388839311,0.16040855798096404,0.0014151647838378293,64
Indoor_Equipment-Strength,Strength,GYM,900283,14713,9517572,1078814296,0.8822252388839311,0.15458774569816755,0.0013638121087709428,65
Indoor_Equipment-Strength,Geared Cycle,GX,,14308,9517572,1078814296,0.8822252388839311,0.1503324587405275,0.001326270893243706,66
Indoor_Equipment-Strength,Strength,OTHERS,900046,13375,9517572,1078814296,0.8822252388839311,0.1405295384158901,0.0012397870559920723,67
Indoor_Equipment-Strength,Strength,HYBRID_GYM,900285,13122,9517572,1078814296,0.8822252388839311,0.1378712974275372,0.0012163353830824653,68
Indoor_Equipment-Strength,Strength,HYBRID_GYM,900282,12563,9517572,1078814296,0.8822252388839311,0.13199795073785625,0.001164519236218946,69
Indoor_Equipment-Strength,Strength,HYBRID_GYM,900052,11602,9517572,1078814296,0.8822252388839311,0.12190083773466595,0.0010754399569061698,70
Indoor_Equipment-Strength,Strength,GX,900285,10998,9517572,1078814296,0.8822252388839311,0.115554681383025,0.0010194525638729578,71
Indoor_Equipment-Strength,Strength,PLAY,900284,10812,9517572,1078814296,0.8822252388839311,0.11360040144692365,0.001002211413038227,72
Indoor_Equipment-Strength,Strength,GYM,900280,7097,9517572,1078814296,0.8822252388839311,0.07456733713178108,0.0006578518681402421,73
Indoor_Equipment-Strength,Strength,GYM,900052,7048,9517572,1078814296,0.8822252388839311,0.07405249994431352,0.0006533098445332431,74
Indoor_Equipment-Strength,Strength,HYBRID_GX,900282,6995,9517572,1078814296,0.8822252388839311,0.07349563523133841,0.0006483970434889379,75
Indoor_Equipment-Strength,Strength,GX,900282,6938,9517572,1078814296,0.8822252388839311,0.07289674299285574,0.0006431134650073269,76
Indoor_Equipment-Strength,Strength,HYBRID_GX,900283,6709,9517572,1078814296,0.8822252388839311,0.07049066715754816,0.0006218864567215561,77
Indoor_Equipment-Strength,Strength,PLAY,900285,5749,9517572,1078814296,0.8822252388839311,0.06040406103573475,0.0005328998717681064,78
Indoor_Equipment-Strength,Single Speed Cycle,HYBRID_GYM,,5713,9517572,1078814296,0.8822252388839311,0.060025813306166735,0.000529562874832352,79
Indoor_Equipment-Strength,Strength,GX,900047,5611,9517572,1078814296,0.8822252388839311,0.05895411140572406,0.000520108050181048,80
Indoor_Equipment-Strength,Strength,GYM,900281,5124,9517572,1078814296,0.8822252388839311,0.05383726017517914,0.0004749658971890376,81
Indoor_Equipment-Strength,Strength,PLAY,900053,5031,9517572,1078814296,0.8822252388839311,0.05286012020712846,0.00046634532177167214,82
Indoor_Equipment-Strength,Strength,HYBRID_GYM,900280,4826,9517572,1078814296,0.8822252388839311,0.05070620952486621,0.0004473429781097376,83
Indoor_Equipment-Strength,Strength,GYM,900047,4322,9517572,1078814296,0.8822252388839311,0.045410741310914174,0.00040062502100917654,84
Indoor_Equipment-Strength,Single Speed Cycle,HYBRID_GX,,3999,9517572,1078814296,0.8822252388839311,0.04201701862617903,0.0003706847429467138,85
Indoor_Equipment-Strength,Strength,HYBRID_GX,900052,3799,9517572,1078814296,0.8822252388839311,0.039915642350801236,0.00035214587108141175,86
Indoor_Equipment-Strength,Strength,GX,900283,3520,9517572,1078814296,0.8822252388839311,0.03698422244664921,0.00032628414482931546,87
Indoor_Equipment-Strength,Strength,HYBRID_GYM,900283,3498,9517572,1078814296,0.8822252388839311,0.036753071056357646,0.0003242448689241322,88
Indoor_Equipment-Strength,Strength,HYBRID_GX,900281,2997,9517572,1078814296,0.8822252388839311,0.03148912348653627,0.00027780499490155067,89
Indoor_Equipment-Strength,Strength,HYBRID_GX,900047,2884,9517572,1078814296,0.8822252388839311,0.03030184589094782,0.00026733053229765504,90
Indoor_Equipment-Strength,Strength,PLAY,900282,2742,9517572,1078814296,0.8822252388839311,0.02880986873542958,0.00025416793327329065,91
Indoor_Equipment-Strength,Strength,GX,900280,2397,9517572,1078814296,0.8822252388839311,0.025184994660402884,0.00022218837930564465,92
Indoor_Equipment-Strength,Strength,HYBRID_GYM,900046,2045,9517572,1078814296,0.8822252388839311,0.021486572415737964,0.0001895599648227131,93
Indoor_Equipment-Strength,Strength,GYM,900046,2005,9517572,1078814296,0.8822252388839311,0.021066297160662405,0.0001858521904496527,94
Indoor_Equipment-Strength,Strength,HYBRID_GX,900046,1849,9517572,1078814296,0.8822252388839311,0.019427223665867726,0.00017139187039471714,95
Indoor_Equipment-Strength,Strength,PLAY,900047,1816,9517572,1078814296,0.8822252388839311,0.019080496580430387,0.00016833295653694228,96
Indoor_Equipment-Strength,Strength,PLAY,900283,1799,9517572,1078814296,0.8822252388839311,0.018901879597023274,0.00016675715242839162,97
Indoor_Equipment-Strength,Strength,HYBRID_GYM,900047,1649,9517572,1078814296,0.8822252388839311,0.017325847390489927,0.0001528529985294151,98
Indoor_Equipment-Strength,Strength,PLAY,900280,1498,9517572,1078814296,0.8822252388839311,0.01573930830257969,0.0001388561502711121,99
Indoor_Equipment-Strength,,OTHERS,803654,1072,9517572,1078814296,0.8822252388839311,0.011263376836024986,0.0000993683531980188,100
Indoor_Equipment-Strength,Strength,GX,900281,999,9517572,1078814296,0.8822252388839311,0.01049637449551209,0.00009260166496718356,101
Indoor_Equipment-Strength,Strength,GX,900046,996,9517572,1078814296,0.8822252388839311,0.010464853851381423,0.00009232358188920403,102
Indoor_Equipment-Strength,Strength,HYBRID_GX,900280,594,9517572,1078814296,0.8822252388839311,0.006241087537872054,0.00005506044943994698,103
Indoor_Equipment-Strength,,GYM,803656,461,9517572,1078814296,0.8822252388839311,0.00484367231474582,0.00004273209964952115,104
Indoor_Equipment-Strength,,OTHERS,803656,369,9517572,1078814296,0.8822252388839311,0.0038770392280720336,0.000034204218591482215,105
Indoor_Equipment-Strength,Strength,PLAY,900046,17,9517572,1078814296,0.8822252388839311,0.00017861698340711267,0.0000015758041085506712,106
