business_category,item_code,total_amount,base_amount,total_nlc,units,gm,gm_percent
,Sale Of Asset,79121,67052,3878214,5,-3811162,-56.838901151345226
,Sales Discount,-41311515,-39372015,46087340,-1230,-85459355,2.1705608666460177
3P Brand,AZAAA00000072,368,312,109,1,203,0.6506410256410257
3P Brand,AZAAA00000092,413,350,245,2,105,0.3
3P Brand,AZCOM026,0,0,0,16,0,NaN
3P Brand,AZCOM027,0,0,0,50,0,NaN
3P Brand,AZCOM028,0,0,0,54,0,NaN
3P Brand,AZCOM029,0,0,0,49,0,NaN
3P Brand,AZMT078OLBKL,784,700,245,1,455,0.65
3P Brand,BL803638,210,200,174,3,26,0.13
3P Brand,BL803639,-281,-267,-232,-4,-35,0.13108614232209737
3P Brand,BL803640,-145,-138,-120,-2,-18,0.13043478260869565
3P Brand,Bailey,8771133,7434217,6226464,474,1207753,0.16245866915103502
3P Brand,CK803686,-6440,-5458,-4750,-10,-708,0.12971784536460243
3P Brand,CK803687,-23188,-19651,-17088,-6,-2563,0.13042593252251794
3P Brand,CS700257S,-1626,-1549,-360,-1,-1189,0.7675919948353777
3P Brand,CS700500XXL,-6469,-6161,-1167,-3,-4994,0.8105826976140237
3P Brand,CSN0023,4012,3400,2720,8,680,0.2
3P Brand,DP803705,-172,-154,-220,-1,66,-0.42857142857142855
3P Brand,DSC803679,-18886,-16862,-26660,-5,9798,-0.5810698612264262
3P Brand,Drayton,16567334,14040113,10491256,1401,3548857,0.2527655582259203
3P Brand,EV803635,-2531,-2145,-1864,-8,-281,0.131002331002331
3P Brand,EV803636,-1540,-1305,-1165,-5,-140,0.10727969348659004
3P Brand,HRDB01RHBK10,129158,109456,75440,46,34016,0.31077327876041516
3P Brand,HRDB01RHBK12.5,21011,18272,4100,2,14172,0.7756129597197898
3P Brand,HRDB01RHBK2.5,48381,41001,34440,84,6561,0.16002048730518767
3P Brand,HRDB01RHBK5,133727,113328,80360,98,32968,0.29090780742623185
3P Brand,HRDB01RHBK7.5,189036,160200,110700,90,49500,0.3089887640449438
3P Brand,Hampson,13086251,11091513,8738104,953,2353409,0.2121810613213905
3P Brand,Kelly,2721052,2305977,2867996,458,-562019,-0.24372272576873055
3P Brand,MY803660,61,58,51,1,7,0.1206896551724138
3P Brand,Marsh,18215852,15437162,11960466,1162,3476696,0.22521600796830402
3P Brand,NAS804828,182,163,142,1,21,0.12883435582822086
3P Brand,NAS804829,2524,2254,1960,8,294,0.13043478260869565
3P Brand,NAS804830,2145,1915,1665,5,250,0.13054830287206268
3P Brand,NAS804831,183,163,142,1,21,0.12883435582822086
3P Brand,NAS804832,183,163,142,1,21,0.12883435582822086
3P Brand,NAS804833,2195,1960,1704,3,256,0.1306122448979592
3P Brand,NAS804834,6702,5984,5780,10,204,0.03409090909090909
3P Brand,NAS804835,5743,5128,4459,7,669,0.13046021840873634
3P Brand,NAS804836,-1213,-1083,-940,-4,-143,0.13204062788550322
3P Brand,NAS804837,-1648,-1397,-1216,-2,-181,0.12956335003579098
3P Brand,NAS804838,-2472,-2095,-1824,-3,-271,0.12935560859188544
3P Brand,NAS804839,0,0,0,0,0,NaN
3P Brand,NAS804840,-69582,-58967,-51276,-6,-7691,0.13042888395204097
3P Brand,NAS804841,-21746,-18429,-16025,-5,-2404,0.1304465787617342
3P Brand,NAS804842,-2900,-2457,-2136,-2,-321,0.13064713064713065
3P Brand,NAS804843,-8405,-7123,-6194,-2,-929,0.13042257475782676
3P Brand,NAS804844,-656,-586,-510,-2,-76,0.1296928327645051
3P Brand,NAS804845,-1624,-1450,-1383,-3,-67,0.046206896551724136
3P Brand,NAS804846,2285,1936,1684,4,252,0.13016528925619836
3P Brand,NAS804847,-1,-1,0,0,-1,1
3P Brand,NAS804848,732,653,568,2,85,0.13016845329249618
3P Brand,NAS804849,-312,-278,-246,-2,-32,0.11510791366906475
3P Brand,NAS804850,-1098,-980,-852,-3,-128,0.1306122448979592
3P Brand,NAS804851,-1,-1,0,0,-1,1
3P Brand,NAS804852,-4165,-3719,-3234,-6,-485,0.13041140091422426
3P Brand,NAS804853,-958,-811,-704,-8,-107,0.1319358816276202
3P Brand,NAS804854,-1778,-1507,-1420,-5,-87,0.0577305905773059
3P Brand,NAS804855,-944,-843,-740,-10,-103,0.1221826809015421
3P Brand,NAS804856,-179939,-160660,-139704,-12,-20956,0.13043694759118635
3P Brand,NAS804857,-619,-553,-480,-1,-73,0.13200723327305605
3P Brand,NAS804858,1463,1240,1078,2,162,0.13064516129032258
3P Brand,NAS804859,1240,1050,11084,29,-10034,-9.556190476190476
3P Brand,NAS804860,-317,-268,382,1,-650,2.425373134328358
3P Brand,NAS804861,270,228,0,0,228,1
3P Brand,NAS804862,518,439,382,1,57,0.12984054669703873
3P Brand,NAS804863,-772,-654,-568,-2,-86,0.13149847094801223
3P Brand,NAS804864,78,66,0,0,66,1
3P Brand,NAS804865,2101,1780,1548,2,232,0.1303370786516854
3P Brand,NAS804866,1654,1401,1078,2,323,0.2305496074232691
3P Brand,NAS804867,3470,2941,2556,9,385,0.13090785447126826
3P Brand,NAS804868,4292,3832,3332,4,500,0.1304801670146138
3P Brand,NV803625,-1404,-1254,-1392,-3,138,-0.11004784688995216
3P Brand,NV803626,-30634,-27352,-23784,-6,-3568,0.13044749926879204
3P Brand,NV803627,-9772,-8725,-7904,-13,-821,0.09409742120343839
3P Brand,NV803628,-9065,-8094,-49275,-9,41181,-5.087842846553002
3P Brand,NV803670,-3042,-2716,-2565,-5,-151,0.05559646539027982
3P Brand,NV803671,-9045,-8076,-7018,-11,-1058,0.13100544824170382
3P Brand,NVAT101BL02,-5781,-5161,-4488,-6,-673,0.13040108506103468
3P Brand,NVAT101BL03,-6534,-5865,-4488,-6,-1377,0.23478260869565218
3P Brand,NVAT101BL04,-1220,-1090,0,0,-1090,1
3P Brand,NVAT101BL05,-838,-748,-748,-1,0,0
3P Brand,NVAT101BL06,126,112,0,0,112,1
3P Brand,NVAT101BL07,-963,-860,-748,-1,-112,0.13023255813953488
3P Brand,NVAT101BL08,-928,-829,0,0,-829,1
3P Brand,NVAT101BL09,-963,-860,-748,-1,-112,0.13023255813953488
3P Brand,NVAT101BL10,2558,2284,2244,3,40,0.017513134851138354
3P Brand,NVAT101BL11,-1927,-1720,-1496,-2,-224,0.13023255813953488
3P Brand,NVAT101RD03,-6090,-5438,-4488,-6,-950,0.17469657962486207
3P Brand,NVAT101RD04,-4367,-3900,-1496,-2,-2404,0.6164102564102564
3P Brand,NVAT101RD05,-4388,-3951,-3740,-5,-211,0.05340420146798279
3P Brand,NVAT101RD06,776,693,748,1,-55,-0.07936507936507936
3P Brand,NVAT101RD07,-3602,-3216,-2992,-4,-224,0.06965174129353234
3P Brand,NVAT101RD08,-963,-860,-748,-1,-112,0.13023255813953488
3P Brand,NVAT101RD09,915,817,748,1,69,0.08445532435740515
3P Brand,NVAT101RD10,-551,-492,0,0,-492,1
3P Brand,NVAT101RD11,-838,-748,-748,-1,0,0
3P Brand,NVAT1130BL05,-3242,-2894,-982,-1,-1912,0.6606772633033863
3P Brand,NVAT1130BL11,1632,1458,2946,3,-1488,-1.0205761316872428
3P Brand,NVAT130YL02,-2435,-2175,0,0,-2175,1
3P Brand,NVAT130YL03,12,11,1200,2,-1189,-108.0909090909091
3P Brand,NVAT130YL04,-1344,-1200,-1200,-2,0,0
3P Brand,NVAT130YL05,-770,-687,0,0,-687,1
3P Brand,NVAT130YL06,-773,-690,-600,-1,-90,0.13043478260869565
3P Brand,NVAT130YL07,978,873,1200,2,-327,-0.3745704467353952
3P Brand,NVAT130YL08,-2211,-1974,-600,-1,-1374,0.6960486322188449
3P Brand,NVAT130YL09,-773,-690,-600,-1,-90,0.13043478260869565
3P Brand,NVAT130YL10,101,90,0,0,90,1
3P Brand,NVAT130YL11,-773,-690,-600,-1,-90,0.13043478260869565
3P Brand,NVBB1174BG06,1993,1689,1469,1,220,0.13025458851391356
3P Brand,NVBB1174BG07,-7971,-6754,-4407,-3,-2347,0.3474977790938703
3P Brand,NVBB1174BG08,-19662,-16661,-8814,-6,-7847,0.4709801332453034
3P Brand,NVBB1174BG09,-1733,-1469,-1469,-1,0,0
3P Brand,NVBB1174BG10,-1438,-1219,0,0,-1219,1
3P Brand,NVBB1174BG11,-5945,-5038,-2938,-2,-2100,0.4168320762207225
3P Brand,NVBB1174BG12,-1473,-1249,-1469,-1,220,-0.17614091273018415
3P Brand,NVBB194,-26465,-23478,-18877,-43,-4601,0.19597069597069597
3P Brand,NVBB195,-16361,-14633,-10122,-21,-4511,0.3082758149388369
3P Brand,NVBB201,2029,1811,1575,3,236,0.13031474323578135
3P Brand,NVBB203,-1669,-1490,-922,-2,-568,0.3812080536912752
3P Brand,NVBB633,-20000,-17816,-14272,-64,-3544,0.19892231701841043
3P Brand,NVBB634,-76,-68,843,3,-911,13.397058823529411
3P Brand,NVBD1190BL03,1698,1517,1892,2,-375,-0.24719841793012526
3P Brand,NVBD1190BL04,2881,2689,2838,3,-149,-0.055410933432502786
3P Brand,NVBD1190BL05,6625,5915,4730,5,1185,0.2003381234150465
3P Brand,NVBD1190BL06,4428,3954,3784,4,170,0.042994436014162876
3P Brand,NVBD1190BL07,16204,14467,13244,14,1223,0.08453722264463952
3P Brand,NVBD1190BL08,3655,3264,2838,3,426,0.13051470588235295
3P Brand,NVBD1190BL09,1218,1088,946,1,142,0.13051470588235295
3P Brand,NVBD1190BL11,1854,1656,946,1,710,0.428743961352657
3P Brand,NVBD1190BL12,1377,1230,946,1,284,0.23089430894308943
3P Brand,NVBD1190RD03,34,31,946,1,-915,-29.516129032258064
3P Brand,NVBD1190RD04,-1616,-1443,0,0,-1443,1
3P Brand,NVBD1190RD05,1948,1797,946,1,851,0.47356705620478573
3P Brand,NVBD1190RD06,5139,4588,3784,4,804,0.17523975588491716
3P Brand,NVBD1190RD07,4132,3689,2838,3,851,0.23068582271618324
3P Brand,NVBD1190RD08,7946,7095,5676,6,1419,0.2
3P Brand,NVBD1190RD09,-2384,-2128,-2838,-3,710,-0.33364661654135336
3P Brand,NVBD1190RD12,4132,3689,2838,3,851,0.23068582271618324
3P Brand,NVBD1190WB03,1218,1088,946,1,142,0.13051470588235295
3P Brand,NVBD1190WB04,-1060,-946,-946,-1,0,0
3P Brand,NVBD1190WB05,7311,6527,5676,6,851,0.13038149226290793
3P Brand,NVBD1190WB06,11496,10264,7568,8,2696,0.2626656274356976
3P Brand,NVBD1190WB07,14145,12629,11352,12,1277,0.10111647794758097
3P Brand,NVBD1190WB08,1344,1200,1116,2,84,0.07
3P Brand,NVBD1190WB09,-1960,-1750,-1892,-2,142,-0.08114285714285714
3P Brand,NVBD1190WB10,-1215,-1085,0,0,-1085,1
3P Brand,NVBD1190WB11,2596,2318,1892,2,426,0.18377911993097498
3P Brand,NVBD1190YL03,1536,1372,946,1,426,0.3104956268221574
3P Brand,NVBD1190YL04,-496,-442,946,1,-1388,3.1402714932126696
3P Brand,NVBD1190YL05,4291,3831,2838,3,993,0.2592012529365701
3P Brand,NVBD1190YL06,5192,4635,3784,4,851,0.18360302049622437
3P Brand,NVBD1190YL07,3655,3264,2838,3,426,0.13051470588235295
3P Brand,NVBD1190YL08,6675,5960,5676,6,284,0.0476510067114094
3P Brand,NVBD1190YL09,-1218,-1088,-946,-1,-142,0.13051470588235295
3P Brand,NVBD1190YL10,-1873,-1672,0,0,-1672,1
3P Brand,NVBD1190YL11,1536,1372,946,1,426,0.3104956268221574
3P Brand,NVBD1190YL12,3073,2743,1892,2,851,0.3102442581115567
3P Brand,NVBD1191WH06,-1546,-1380,-1200,-2,-180,0.13043478260869565
3P Brand,NVBD1191WH07,-773,-690,-600,-1,-90,0.13043478260869565
3P Brand,NVBD1191WH09,0,0,0,0,0,NaN
3P Brand,NVBD6694B06,225,191,0,0,191,1
3P Brand,NVBD6694B07,678,575,1271,1,-696,-1.2104347826086956
3P Brand,NVBD6694B09,-1722,-1459,0,0,-1459,1
3P Brand,NVBD6694BB06,228,194,1271,1,-1077,-5.551546391752577
3P Brand,NVBD6694BB07,259,219,1271,1,-1052,-4.80365296803653
3P Brand,NVBD6694BB08,-5171,-4382,-2542,-2,-1840,0.4198995892286627
3P Brand,NVBD6694BB09,-3449,-2923,-2542,-2,-381,0.13034553540882654
3P Brand,NVBD6694PC06,6080,5154,6355,5,-1201,-0.23302289483896002
3P Brand,NVBD6694PC07,4128,3498,3813,3,-315,-0.09005145797598628
3P Brand,NVBD6694PC08,2178,1846,2542,2,-696,-0.37703141928494044
3P Brand,NVBG6853BKGR,1887,1599,5811,39,-4212,-2.6341463414634148
3P Brand,NVCR1188AW06,-2086,-1767,7495,5,-9262,5.2416525183927565
3P Brand,NVCR1188AW07,-13599,-11523,-4497,-3,-7026,0.6097370476438427
3P Brand,NVCR1188AW08,-8124,-6883,0,0,-6883,1
3P Brand,NVCR1188AW09,-16792,-14228,-4497,-3,-9731,0.6839330896823166
3P Brand,NVCR1188AW10,-6096,-5166,-1499,-1,-3667,0.7098335269066977
3P Brand,NVCR1188WR06,9096,7708,10493,7,-2785,-0.3613129216398547
3P Brand,NVCR1188WR07,-7770,-6584,0,0,-6584,1
3P Brand,NVCR1188WR08,-14162,-12001,-2998,-2,-9003,0.750187484376302
3P Brand,NVCR1188WR09,-14410,-12211,-8994,-6,-3217,0.26345098681516665
3P Brand,NVCR1188WR10,802,681,2998,2,-2317,-3.4023494860499266
3P Brand,NVCR382,-5341,-4769,-4000,-8,-769,0.1612497378905431
3P Brand,NVCR5929WG06,-12525,-11183,-9600,-15,-1583,0.1415541446838952
3P Brand,NVCR5929WG07,-1933,-1726,-640,-1,-1086,0.6292004634994206
3P Brand,NVCR5929WG08,-5185,-4661,-3200,-5,-1461,0.3134520489165415
3P Brand,NVCR5929WG09,-1922,-1748,1920,3,-3668,2.0983981693363845
3P Brand,NVCR5929WG10,-4441,-3966,-3200,-5,-766,0.19314170448814927
3P Brand,NVCR5929WG11,559,499,1280,2,-781,-1.565130260521042
3P Brand,NVCR5929WR06,-4281,-3857,3200,5,-7057,1.8296603577910293
3P Brand,NVCR5929WR07,-4791,-4279,-1920,-3,-2359,0.5512970320168263
3P Brand,NVCR5929WR08,251,141,2560,4,-2419,-17.156028368794328
3P Brand,NVCR5929WR09,51,44,2560,4,-2516,-57.18181818181818
3P Brand,NVCR5929WR10,1748,1519,4480,7,-2961,-1.9493087557603688
3P Brand,NVCR5929WR11,-2400,-2143,0,0,-2143,1
3P Brand,NVFB1157BL03,-1800,-1671,0,0,-1671,1
3P Brand,NVFB1157BL04,-3531,-3153,-2286,-3,-867,0.27497621313035203
3P Brand,NVFB1157BL05,-2615,-2335,0,0,-2335,1
3P Brand,NVFB1157BL07,562,502,762,1,-260,-0.5179282868525896
3P Brand,NVFB1157BL08,-1335,-1193,1524,2,-2717,2.27745180217938
3P Brand,NVFB1359OR,0,0,0,0,0,NaN
3P Brand,NVFB1361AR,204,182,182,1,0,0
3P Brand,NVFB1361BR,204,182,182,1,0,0
3P Brand,NVFB1379CB03,-7069,-5991,-5210,-5,-781,0.13036220998163914
3P Brand,NVFB1379CB04,-4540,-3847,-2084,-2,-1763,0.45827917858071227
3P Brand,NVFB1379CB05,-9863,-8358,-6252,-6,-2106,0.2519741564967696
3P Brand,NVFB1379CB06,-3627,-3073,-4168,-4,1095,-0.35632931988285066
3P Brand,NVFB1379CB07,-7522,-6374,-4168,-4,-2206,0.346093504863508
3P Brand,NVFB1379CB08,738,626,0,0,626,1
3P Brand,NVFB1379CB09,-1646,-1395,0,0,-1395,1
3P Brand,NVFB1379CB10,-2090,-1771,-2084,-2,313,-0.1767363071710898
3P Brand,NVFB1379CB11,-5306,-4497,-4168,-4,-329,0.07315988436735602
3P Brand,NVFB1642NGB05,-645,-576,-501,-1,-75,0.13020833333333334
3P Brand,NVFB1642NGB06,-610,-545,0,0,-545,1
3P Brand,NVFB1642NGB07,814,726,501,1,225,0.30991735537190085
3P Brand,NVFB1642NGB08,-2462,-2198,-1503,-3,-695,0.316196542311192
3P Brand,NVFB1642NGB09,1319,1177,501,1,676,0.5743415463041631
3P Brand,NVFB1642NGB10,-1169,-1043,0,0,-1043,1
3P Brand,NVFB1642NGB11,-1224,-1106,501,1,-1607,1.452983725135624
3P Brand,NVFB1642ORB05,-561,-501,-501,-1,0,0
3P Brand,NVFB1642ORB06,2720,2428,1503,3,925,0.38097199341021415
3P Brand,NVFB1642ORB07,1796,1603,1002,2,601,0.3749220212102308
3P Brand,NVFB1642ORB08,-1206,-1077,-1002,-2,-75,0.06963788300835655
3P Brand,NVFB1642ORB09,-1171,-1046,-501,-1,-545,0.5210325047801148
3P Brand,NVFB1642ORB10,-1088,-971,-501,-1,-470,0.4840370751802266
3P Brand,NVFB1642ORB11,-727,-649,501,1,-1150,1.7719568567026194
3P Brand,NVFB1643NGB03,-4185,-3760,-1060,-2,-2700,0.7180851063829787
3P Brand,NVFB1643NGB04,165,80,0,0,80,1
3P Brand,NVFB1643NGB05,1397,1247,2120,4,-873,-0.7000801924619086
3P Brand,NVFB1643NGB06,1699,1517,2120,4,-603,-0.3974950560316414
3P Brand,NVFB1643NGB07,2226,1988,1590,3,398,0.20020120724346077
3P Brand,NVFB1643NGB08,4131,3688,3710,7,-22,-0.00596529284164859
3P Brand,NVFB1643NGB09,-2042,-1823,-530,-1,-1293,0.7092704333516182
3P Brand,NVFB1643NGB10,89,80,0,0,80,1
3P Brand,NVFB1643ORB03,1989,1776,1060,2,716,0.40315315315315314
3P Brand,NVFB1643ORB04,356,318,0,0,318,1
3P Brand,NVFB1643ORB05,3354,2995,2120,4,875,0.2921535893155259
3P Brand,NVFB1643ORB06,-1689,-1508,-1060,-2,-448,0.29708222811671087
3P Brand,NVFB1643ORB07,2474,2209,2650,5,-441,-0.19963784517881394
3P Brand,NVFB1643ORB08,629,561,1060,2,-499,-0.8894830659536542
3P Brand,NVFB1643ORB09,1721,1537,1060,2,477,0.3103448275862069
3P Brand,NVFB1643ORB10,1073,958,1060,2,-102,-0.10647181628392484
3P Brand,NVFB1643RBO03,-213,-190,0,0,-190,1
3P Brand,NVFB1643RBO04,-683,-610,-530,-1,-80,0.13114754098360656
3P Brand,NVFB1643RBO05,-1365,-1219,-1060,-2,-159,0.13043478260869565
3P Brand,NVFB1643RBO06,1455,1299,1590,3,-291,-0.22401847575057737
3P Brand,NVFB1643RBO07,-1568,-1400,-1060,-2,-340,0.24285714285714285
3P Brand,NVFB1643RBO08,1395,1246,530,1,716,0.5746388443017657
3P Brand,NVFB1643RBO09,1137,1016,2120,4,-1104,-1.0866141732283465
3P Brand,NVFB1643RBO10,-3623,-3258,-530,-1,-2728,0.8373235113566605
3P Brand,NVFB1643RBO11,7509,6705,5830,11,875,0.13049962714392244
3P Brand,NVFB1650HG06,84,75,0,0,75,1
3P Brand,NVFB1650HG07,-1291,-1152,-1002,-2,-150,0.13020833333333334
3P Brand,NVFB1650HG08,-2008,-1793,0,0,-1793,1
3P Brand,NVFB1650HG09,2874,2566,3507,7,-941,-0.3667186282151208
3P Brand,NVFB1650RB06,-1901,-1697,-1002,-2,-695,0.40954625810253387
3P Brand,NVFB1650RB07,-359,-320,501,1,-821,2.565625
3P Brand,NVFB1650RB08,-645,-576,-501,-1,-75,0.13020833333333334
3P Brand,NVFB1650RB09,-645,-576,-501,-1,-75,0.13020833333333334
3P Brand,NVFB1650WH07,-645,-576,-501,-1,-75,0.13020833333333334
3P Brand,NVFB1650WH08,-1291,-1152,-1002,-2,-150,0.13020833333333334
3P Brand,NVFB1650WH09,-1291,-1152,-1002,-2,-150,0.13020833333333334
3P Brand,NVFB292,-17576,-15694,-11552,-16,-4142,0.2639225181598063
3P Brand,NVFB353,-8434,-7531,-3341,-13,-4190,0.5563670163324924
3P Brand,NVFB354,-6557,-5856,-2056,-8,-3800,0.6489071038251366
3P Brand,NVFB354OR,-33461,-29856,-26214,-102,-3642,0.1219855305466238
3P Brand,NVFB3933WH03,-2527,-2256,-1612,-2,-644,0.2854609929078014
3P Brand,NVFB3933WH04,-4709,-4205,-2418,-3,-1787,0.42497027348394767
3P Brand,NVFB3933WH05,-1807,-1614,0,0,-1614,1
3P Brand,NVFB3933WH06,3045,2719,4030,5,-1311,-0.48216255976461936
3P Brand,NVFB3933WH07,-994,-887,2418,3,-3305,3.726042841037204
3P Brand,NVFB3933WH08,-1796,-1603,806,1,-2409,1.5028072364316907
3P Brand,NVFB3933WH09,1315,1175,2418,3,-1243,-1.057872340425532
3P Brand,NVFB3933WH10,-459,-410,806,1,-1216,2.9658536585365853
3P Brand,NVFB3938OR05,-16915,-14335,-12465,-9,-1870,0.13044994768050228
3P Brand,NVFB3938OR06,-10901,-9238,-5540,-4,-3698,0.40030309590820523
3P Brand,NVFB3938OR07,-4021,-3407,-1385,-1,-2022,0.5934840035221602
3P Brand,NVFB3938OR08,-9712,-8230,-4155,-3,-4075,0.4951397326852977
3P Brand,NVFB3938OR09,-9907,-8395,-4155,-3,-4240,0.5050625372245384
3P Brand,NVFB3938OR10,-536,-454,1385,1,-1839,4.0506607929515415
3P Brand,NVFB3938PG05,-5066,-4293,0,0,-4293,1
3P Brand,NVFB3938PG06,-8864,-7512,-2770,-2,-4742,0.6312566560170394
3P Brand,NVFB3938PG07,-10014,-8486,1385,1,-9871,1.163209992929531
3P Brand,NVFB3938PG08,-7228,-6125,0,0,-6125,1
3P Brand,NVFB3938PG09,-9186,-7784,-1385,-1,-6399,0.8220709146968139
3P Brand,NVFB3938PG10,-2762,-2340,1385,1,-3725,1.5918803418803418
3P Brand,NVFB3939GD05,-9120,-7729,-2846,-2,-4883,0.6317764264458533
3P Brand,NVFB3939GD07,-8004,-6783,1423,1,-8206,1.2097891788294266
3P Brand,NVFB3939GD08,2385,2021,2846,2,-825,-0.4082137555665512
3P Brand,NVFB3939GD09,-7639,-6473,-1423,-1,-5050,0.7801637571450641
3P Brand,NVFB4045GR,-196,-175,-152,-1,-23,0.13142857142857142
3P Brand,NVFB4045RD,562,502,456,3,46,0.09163346613545817
3P Brand,NVFB4045YB,536,479,1368,9,-889,-1.8559498956158664
3P Brand,NVFB5607,-21991,-19635,-20400,-8,765,-0.03896103896103896
3P Brand,NVFB5935GB05,333,282,0,0,282,1
3P Brand,NVFB5935GB06,4220,3577,3762,2,-185,-0.051719317864131954
3P Brand,NVFB5935GB07,2371,2010,5643,3,-3633,-1.8074626865671641
3P Brand,NVFB5935GB08,1034,876,1881,1,-1005,-1.1472602739726028
3P Brand,NVFB5935GB09,-1221,-1035,-1881,-1,846,-0.8173913043478261
3P Brand,NVFB5935GB10,-4772,-4044,-3762,-2,-282,0.06973293768545995
3P Brand,NVFB5935GB11,-5105,-4326,-1881,-1,-2445,0.5651872399445215
3P Brand,NVFB8521,-13184,-11771,-10510,-5,-1261,0.10712768668762213
3P Brand,NVFB8525AISL,-2351,-2099,0,0,-2099,1
3P Brand,NVFR562,82,74,64,1,10,0.13513513513513514
3P Brand,NVFR563,-67,-54,-47,-1,-7,0.12962962962962962
3P Brand,NVGG1144LBK,-942,-798,-694,-2,-104,0.13032581453634084
3P Brand,NVGG1148LBK,-1749,-1482,0,0,-1482,1
3P Brand,NVGG1148MBK,1533,1300,4224,6,-2924,-2.249230769230769
3P Brand,NVGG1148SBK,252,214,704,1,-490,-2.289719626168224
3P Brand,NVGG1149L,-3186,-2700,-2700,-4,0,0
3P Brand,NVGG1149MBK,-10394,-8809,-8100,-12,-709,0.08048586672721081
3P Brand,NVGG1149SBK,2788,2363,1350,2,1013,0.4286923402454507
3P Brand,NVGG1236L,-2551,-2278,-1930,-5,-348,0.1527655838454785
3P Brand,NVGG1236M,1389,1241,1158,3,83,0.06688154713940371
3P Brand,NVGG1236S,-889,-794,0,0,-794,1
3P Brand,NVGG1236XL,317,283,2316,6,-2033,-7.18374558303887
3P Brand,NVGG1236XS,-1587,-1417,-772,-2,-645,0.45518701482004237
3P Brand,NVGG1237L,1314,1173,1800,2,-627,-0.5345268542199488
3P Brand,NVGG1237M,2923,2610,1800,2,810,0.3103448275862069
3P Brand,NVGG1237S,-2315,-2067,-900,-1,-1167,0.5645863570391872
3P Brand,NVGG1238LBK,-2720,-2429,-2112,-3,-317,0.13050638122684233
3P Brand,NVGG1238MBK,4455,3978,2816,4,1162,0.2921065862242333
3P Brand,NVGG1238SBK,-1813,-1619,-1408,-2,-211,0.13032736256948735
3P Brand,NVGG1242M,-1865,-1665,-1800,-2,135,-0.08108108108108109
3P Brand,NVGG1242S,306,273,900,1,-627,-2.2967032967032965
3P Brand,NVGG437L1,275,262,228,1,34,0.1297709923664122
3P Brand,NVGG437L2,1699,1585,1140,5,445,0.2807570977917981
3P Brand,NVGG437M1,-826,-787,-684,-3,-103,0.13087674714104194
3P Brand,NVGG437M2,-309,-262,-228,-1,-34,0.1297709923664122
3P Brand,NVGG4775LBR,-2091,-1539,-1578,-6,39,-0.025341130604288498
3P Brand,NVGG4775LGG,1505,1442,1841,7,-399,-0.2766990291262136
3P Brand,NVGG4775MBR,318,302,263,1,39,0.1291390728476821
3P Brand,NVGG4776L1,-473,-361,-314,-1,-47,0.13019390581717452
3P Brand,NVGG4776XL1,-242,-126,-314,-1,188,-1.492063492063492
3P Brand,NVGG4785LBG,-5052,-4528,-4212,-4,-316,0.06978798586572438
3P Brand,NVGG4785MBG,3231,2738,2106,2,632,0.2308254200146092
3P Brand,NVGG4786LBK,1182,1001,1178,1,-177,-0.17682317682317683
3P Brand,NVGG4787L1,-1147,-1160,-1929,-3,769,-0.6629310344827586
3P Brand,NVGG4787M1,1595,1352,643,1,709,0.5244082840236687
3P Brand,NVGG4787S1,-497,-421,0,0,-421,1
3P Brand,NVGG4788M1,-45,-6,0,0,-6,1
3P Brand,NVGG645,1511,1350,1551,3,-201,-0.14888888888888888
3P Brand,NVGG692L1,-125,79,-397,-1,476,6.025316455696203
3P Brand,NVGG692L2,1209,1350,397,1,953,0.705925925925926
3P Brand,NVGG692M1,484,596,0,0,596,1
3P Brand,NVGG692M2,7138,6375,5161,13,1214,0.1904313725490196
3P Brand,NVGG692S1,511,457,397,1,60,0.13129102844638948
3P Brand,NVGG692S2,4157,3732,2779,7,953,0.2553590568060021
3P Brand,NVGG695LBG,-1126,-1006,-876,-4,-130,0.12922465208747516
3P Brand,NVGG695MBG,918,820,657,3,163,0.19878048780487806
3P Brand,NVGG695SBG,-245,-219,-219,-1,0,0
3P Brand,NVGG695XLBG,-282,-251,-219,-1,-32,0.12749003984063745
3P Brand,NVGG703L1,31,171,0,0,171,1
3P Brand,NVGG703L2,47,257,0,0,257,1
3P Brand,NVGG703M1,688,656,570,2,86,0.13109756097560976
3P Brand,NVGG703M2,47,257,0,0,257,1
3P Brand,NVGG709L,-659,-588,0,0,-588,1
3P Brand,NVGG709M,-1392,-1179,-514,-1,-665,0.5640373197625106
3P Brand,NVGG709S,-1324,-1182,-1028,-2,-154,0.13028764805414553
3P Brand,NVGG710L1,-191,-118,0,0,-118,1
3P Brand,NVGG710L2,1521,1462,1026,6,436,0.2982216142270862
3P Brand,NVGG710L3,0,0,0,0,0,NaN
3P Brand,NVGG710L4,977,915,684,4,231,0.25245901639344265
3P Brand,NVGG710M1,0,0,1026,6,-1026,Infinity
3P Brand,NVGG710M2,38,205,0,0,205,1
3P Brand,NVGG710M3,-213,-94,-171,-1,77,-0.8191489361702128
3P Brand,NVGG710M4,19,103,0,0,103,1
3P Brand,NVGG710S1,-232,-197,-171,-1,-26,0.1319796954314721
3P Brand,NVGG710S2,298,556,171,1,385,0.6924460431654677
3P Brand,NVGG710S3,413,393,342,2,51,0.1297709923664122
3P Brand,NVGG710S4,2574,2420,1881,11,539,0.22272727272727272
3P Brand,NVGG734L,12173,10869,8194,17,2675,0.246112797865489
3P Brand,NVGG734M,14227,12677,9640,20,3037,0.2395677210696537
3P Brand,NVGG742SWG,-2726,-2434,-2264,-4,-170,0.06984387838948233
3P Brand,NVGG772,-14283,-12752,-5126,-11,-7626,0.5980238393977415
3P Brand,NVGG8901,-1884,-1596,-1388,-4,-208,0.13032581453634084
3P Brand,NVGG891,-103621,-92519,-79686,-171,-12833,0.13870664404068353
3P Brand,NVGG892,38602,34466,35416,76,-950,-0.027563395810363836
3P Brand,NVGG896,-9775,-8728,-6678,-21,-2050,0.2348762603116407
3P Brand,NVGG896XS,-9559,-8535,-7384,-26,-1151,0.1348564733450498
3P Brand,NVGG897,-11022,-9841,-8520,-30,-1321,0.1342343257799004
3P Brand,NVGG898,-3795,-3389,-2556,-9,-833,0.24579521982885807
3P Brand,NVGG901BK,-1992,-1778,-1034,-2,-744,0.4184476940382452
3P Brand,NVGG901GR,-18235,-16281,-11891,-23,-4390,0.2696394570358086
3P Brand,NVGG902BK,-1911,-1706,12925,25,-14631,8.57620164126612
3P Brand,NVGG916L1,2210,2075,1596,7,479,0.2308433734939759
3P Brand,NVGG916L2,-244,-91,-228,-1,137,-1.5054945054945055
3P Brand,NVGG916M1,577,604,228,1,376,0.6225165562913907
3P Brand,NVGG916M2,-266,-23,-228,-1,205,-8.91304347826087
3P Brand,NVSG7028,164,147,1180,4,-1033,-7.0272108843537415
3P Brand,NVSG759,-744,-664,3186,18,-3850,5.798192771084337
3P Brand,NVSG759M,-4094,-3655,-3186,-18,-469,0.12831737346101232
3P Brand,NVSG767,-5791,-5171,-4356,-44,-815,0.1576097466640882
3P Brand,NVSG806,-4203,-3752,-2904,-33,-848,0.2260127931769723
3P Brand,NVSP1302BL,-2391,-2026,-1692,-9,-334,0.1648568608094768
3P Brand,NVSP1302RB,-3228,-2735,-2820,-15,85,-0.031078610603290677
3P Brand,NVSP1304BK,-833,-706,-685,-5,-21,0.029745042492917848
3P Brand,NVSP1304YL,4446,3768,2740,20,1028,0.27282377919320594
3P Brand,NVSP511,1901,1611,808,8,803,0.49844816883923027
3P Brand,NVSP515GR,3437,2912,2130,15,782,0.26854395604395603
3P Brand,NVSP515NB,3748,3176,2698,19,478,0.15050377833753148
3P Brand,NVSP515RB,3485,2954,1846,13,1108,0.37508463100880163
3P Brand,NVSP515RD,1781,1509,1278,9,231,0.15308151093439365
3P Brand,NVSP516,2379,2016,1748,23,268,0.13293650793650794
3P Brand,NVSP518BL,3239,2745,5243,49,-2498,-0.9100182149362477
3P Brand,NVSP518YL,-832,-702,214,2,-916,1.3048433048433048
3P Brand,NVSS646MOW,-449,-428,-372,-6,-56,0.1308411214953271
3P Brand,NVSS646SBK,309,294,248,4,46,0.1564625850340136
3P Brand,NVSS8813WH,1492,1421,1050,14,371,0.26108374384236455
3P Brand,NVSS8816BG,556,530,356,4,174,0.3283018867924528
3P Brand,NVSS8816BO,164,156,89,1,67,0.42948717948717946
3P Brand,NVSS8818NV,425,405,178,2,227,0.5604938271604938
3P Brand,NVSS8818RB,789,752,445,5,307,0.40824468085106386
3P Brand,NVSS8818WH,76,72,93,1,-21,-0.2916666666666667
3P Brand,NVSS8820BK,-62,-59,-297,-3,238,-4.033898305084746
3P Brand,NVSS8820GR,390,371,297,3,74,0.19946091644204852
3P Brand,NVSS8820WH,1357,1292,891,9,401,0.31037151702786375
3P Brand,NVSS8822GR,2656,2529,1980,20,549,0.21708185053380782
3P Brand,NVSS8822NV,2193,2089,1584,16,505,0.24174246050741982
3P Brand,NVSS8823BK,-140,-134,-297,-3,163,-1.2164179104477613
3P Brand,NVSS8823GR,-1305,-1242,-1287,-13,45,-0.036231884057971016
3P Brand,NVSS8823NV,416,396,99,1,297,0.75
3P Brand,NVSS8823WH,748,713,594,6,119,0.16690042075736325
3P Brand,NVSS8831,737,702,0,0,702,1
3P Brand,NVSS991NW,-554,-527,-357,-3,-170,0.3225806451612903
3P Brand,NVSS991OB,-592,-564,-476,-4,-88,0.15602836879432624
3P Brand,NVSS991SB,-2750,-2619,-2023,-17,-596,0.22756777395952654
3P Brand,NVSS991WB,-143,-136,357,3,-493,3.625
3P Brand,NVSS991YB,-3504,-3337,-2975,-25,-362,0.10848067126161223
3P Brand,NVSS992BW,235,224,238,2,-14,-0.0625
3P Brand,NVSS992NW,482,459,476,4,-17,-0.037037037037037035
3P Brand,NVSS992OB,698,665,2618,22,-1953,-2.9368421052631577
3P Brand,NVSS992SB,-1418,-1351,-1190,-10,-161,0.11917098445595854
3P Brand,NVSS992WB,-1362,-1297,-952,-8,-345,0.26599845797995375
3P Brand,NVSS992YB,-5927,-5644,-4760,-40,-884,0.1566265060240964
3P Brand,NVSS993BW,-183,-175,238,2,-413,2.36
3P Brand,NVSS993NW,-2598,-2474,-1904,-16,-570,0.23039611964430073
3P Brand,NVSS993WB,-5243,-4993,-4403,-37,-590,0.11816543160424595
3P Brand,NVSS993YB,-4404,-4195,-3808,-32,-387,0.09225268176400477
3P Brand,NVSS994,2613,2488,1914,11,574,0.23070739549839228
3P Brand,NVSW4086,-7882,-7511,-7155,-27,-356,0.04739715084542671
3P Brand,NVSW4092,-9885,-9242,-9071,-47,-171,0.018502488638822766
3P Brand,NVSW4093,-14777,-13847,-7950,-30,-5897,0.42586841915216295
3P Brand,NVSW4096,5599,4210,4575,25,-365,-0.08669833729216152
3P Brand,NVSW4098GR,58,52,163,1,-111,-2.1346153846153846
3P Brand,NVSW4125BK,6743,5692,3800,25,1892,0.3323963457484188
3P Brand,NVSW4127BK,-111,-99,-86,-1,-13,0.13131313131313133
3P Brand,NVSW4127NB,3744,3195,2408,28,787,0.24632237871674492
3P Brand,NVSW4127RB,3522,2917,1978,23,939,0.3219060678779568
3P Brand,NVSW4127SL,-2222,-1883,-2580,-30,697,-0.370154009559214
3P Brand,NVSW4127WH,117,-108,-946,-11,838,-7.7592592592592595
3P Brand,NVSW4128BK,1055,841,410,5,431,0.5124851367419738
3P Brand,NVSW4138,-1012,-903,-1005,-3,102,-0.11295681063122924
3P Brand,NVSW4140,-95,-85,-74,-1,-11,0.12941176470588237
3P Brand,NVTN1134BK03,198,168,0,0,168,1
3P Brand,NVTN1134BK04,-5019,-4253,-3354,-3,-899,0.21138020221020457
3P Brand,NVTN1134BK05,-4139,-3507,-2236,-2,-1271,0.36241802110065585
3P Brand,NVTN1134BK07,-7570,-6414,0,0,-6414,1
3P Brand,NVTN1134BK08,-4542,-3848,0,0,-3848,1
3P Brand,NVTN1134BK09,-4545,-3851,-1118,-1,-2733,0.7096857958971695
3P Brand,NVTN1134BK10,-1514,-1283,0,0,-1283,1
3P Brand,NVTN1134BK11,-1316,-1115,0,0,-1115,1
3P Brand,NVTN1179TB03,-8275,-7012,-4575,-3,-2437,0.3475470621791215
3P Brand,NVTN1179TB04,-4136,-3505,-1525,-1,-1980,0.5649072753209701
3P Brand,NVTN1179TB05,-4266,-3615,-1525,-1,-2090,0.5781466113416321
3P Brand,NVTN1179TB06,-3320,-2812,1525,1,-4337,1.5423186344238975
3P Brand,NVTN1179TB07,-1489,-1262,3050,2,-4312,3.416798732171157
3P Brand,NVTN1179TB08,-8265,-7003,0,0,-7003,1
3P Brand,NVTN1179TB09,-2063,-1748,1525,1,-3273,1.8724256292906178
3P Brand,NVTN1179TB10,-5932,-5027,-1525,-1,-3502,0.6966381539685698
3P Brand,NVTN1179TB11,-3866,-3276,-1525,-1,-1751,0.5344932844932845
3P Brand,NVTN1179TB12,679,575,900,1,-325,-0.5652173913043478
3P Brand,NVTN1179W05,-14477,-12267,-6100,-4,-6167,0.5027309040515203
3P Brand,NVTN1179W06,-6208,-5261,-4575,-3,-686,0.13039346131914084
3P Brand,NVTN1179W07,-8265,-7003,0,0,-7003,1
3P Brand,NVTN1179W08,-10335,-8757,-1525,-1,-7232,0.8258536028320201
3P Brand,NVTN1179W09,-10338,-8760,-3050,-2,-5710,0.6518264840182648
3P Brand,NVTN1179W10,-2069,-1754,-1525,-1,-229,0.1305587229190422
3P Brand,NVTN1179W11,4679,3965,3050,2,915,0.23076923076923078
3P Brand,NVTN679BB05,-4949,-4194,-3813,-3,-381,0.09084406294706723
3P Brand,NVTN679BB06,1950,1652,1271,1,381,0.23062953995157384
3P Brand,NVTN679BB07,-4174,-3537,-2542,-2,-995,0.2813118461973424
3P Brand,NVTN679BB08,-2550,-2161,-2542,-2,381,-0.17630726515502082
3P Brand,NVTN679BB09,-5134,-4350,0,0,-4350,1
3P Brand,NVTN679BB10,-5133,-4349,0,0,-4349,1
3P Brand,NVTN679BB11,-2249,-1906,-1271,-1,-635,0.33315844700944386
3P Brand,NVVB2250,-1123,-1002,0,0,-1002,1
3P Brand,NVVB488,2140,1911,2817,9,-906,-0.4740973312401884
3P Brand,NVVB494,-6033,-5387,-2410,-5,-2977,0.5526266938927047
3P Brand,Rhoden,11763143,9969028,10001340,566,-32312,-0.0032412387647020352
3P Brand,SG803680,-12334,-11012,-6726,-2,-4286,0.3892117689792953
3P Brand,SG803681,-1244,-1111,-2221,-1,1110,-0.9990999099909991
3P Brand,SG803732,-1346,-1141,-992,-1,-149,0.13058720420683612
3P Brand,SG803735,-1346,-1141,-992,-1,-149,0.13058720420683612
3P Brand,SG803736,-2692,-2282,-1984,-2,-298,0.13058720420683612
3P Brand,SH803689,-1842,-1645,-1431,-3,-214,0.13009118541033435
3P Brand,SH803690,-3685,-3290,-2862,-6,-428,0.13009118541033435
3P Brand,SH803691,-614,-548,-477,-1,-71,0.12956204379562045
3P Brand,SH803696,-956,-853,-742,-1,-111,0.13012895662368112
3P Brand,SH803699,-1086,-970,-840,-8,-130,0.13402061855670103
3P Brand,SH803700,-1493,-1333,-1155,-11,-178,0.13353338334583645
3P Brand,SH803744,-7859,-7017,-11916,-3,4899,-0.6981616075245831
3P Brand,SP707940,1796,1604,1395,3,209,0.13029925187032418
3P Brand,SP708330,2746,2452,2130,6,322,0.13132137030995106
3P Brand,SP708340,2288,2043,1775,5,268,0.1311796377875673
3P Brand,SP803672,-3027,-2703,-2350,-2,-353,0.13059563448020717
3P Brand,SP803673,-6175,-5513,-7191,-3,1678,-0.30437148557953925
3P Brand,SP812150,3662,3270,2844,4,426,0.13027522935779817
3P Brand,SP829340,6410,5723,4974,6,749,0.13087541499213698
3P Brand,SP838460,9160,8179,7112,4,1067,0.13045604597139016
3P Brand,SP843130,2536,2264,984,2,1280,0.5653710247349824
3P Brand,ST803652,-1272,-1136,-1070,-5,-66,0.058098591549295774
3P Brand,ST803653,-8171,-7296,-6344,-4,-952,0.13048245614035087
3P Brand,ST803655,-2117,-1891,-1096,-2,-795,0.4204124801692226
3P Brand,VK803668,-13138,-11134,-1928,-1,-9206,0.8268367163642896
3P Brand,VK803726,-10868,-10350,-9000,-6,-1350,0.13043478260869565
3P Brand,VK803731,-1164,-1075,-1000,-2,-75,0.06976744186046512
3P Brand,VKTENNISX1,177,150,0,0,150,1
3P Brand,VS0002,310,277,241,1,36,0.1299638989169675
3P Brand,VS0004,-490,-438,-438,-2,0,0
3P Brand,VS0005,-42631,-38063,-30600,-68,-7463,0.19606967396159
3P Brand,VS0006,-7233,-6458,-5464,-17,-994,0.15391762155466088
3P Brand,VS0008,1639,1464,2196,4,-732,-0.5
3P Brand,VS0009,-5889,-5258,-12656,-9,7398,-1.4069988588817042
3P Brand,VS0010,-8835,-7888,-5625,-4,-2263,0.28689148073022314
3P Brand,VS0012,480,429,1420,1,-991,-2.31002331002331
3P Brand,VS0013,239,213,0,0,213,1
3P Brand,VS0014,-5623,-5021,53025,25,-58046,11.560645289782912
3P Brand,VS0015,-9470,-8456,-7353,-3,-1103,0.1304399243140965
3P Brand,VS0017,-38497,-34372,-30720,-16,-3652,0.10624927266379611
3P Brand,VS0018,-3819,-3409,-2345,-7,-1064,0.31211498973305957
3P Brand,VS0020,-9295,-7877,-8140,-20,263,-0.03338834581693538
3P Brand,VS0022,-133150,-118883,-102349,-174,-16534,0.13907791694354954
3P Brand,VS0023,-26,-24,163,3,-187,7.791666666666667
3P Brand,VS0024,-3190,-2848,-2480,-10,-368,0.12921348314606743
3P Brand,VS0025,-4147,-3703,-3224,-13,-479,0.12935457736970024
3P Brand,VS0026,-5104,-4557,-3968,-16,-589,0.1292517006802721
3P Brand,VS0027,-13752,-12278,-10677,-18,-1601,0.1303958299397296
3P Brand,VS0028,-14755,-13174,-11457,-19,-1717,0.13033247305298315
3P Brand,VS0029,-14994,-13388,-11647,-19,-1741,0.13004182850313714
3P Brand,VS0030,-7704,-6879,-6045,-37,-834,0.12123855211513301
3P Brand,VS0031,-3960,-3535,-2810,-10,-725,0.2050919377652051
3P Brand,VS0032,-10187,-9096,-7743,-29,-1353,0.1487467018469657
3P Brand,VS0033,-22310,-19920,-16481,-17,-3439,0.172640562248996
3P Brand,VS0034,-949,-848,-817,-4,-31,0.036556603773584904
3P Brand,VS0035,-1716,-1532,-928,-4,-604,0.39425587467362927
3P Brand,VS0036,-3462,-2934,-2670,-6,-264,0.08997955010224949
3P Brand,VS0037R,900,804,2669,1,-1865,-2.3196517412935322
3P Brand,VS0038B,-10312,-9207,-8007,-3,-1200,0.13033561420658196
3P Brand,VS0038R,-6872,-6135,-2669,-1,-3466,0.5649551752241239
3P Brand,VS0039B,-6875,-6138,-5338,-2,-800,0.13033561420658196
3P Brand,VS0039R,-6875,-6138,-5338,-2,-800,0.13033561420658196
3P Brand,VS0040B,-730,-651,-566,-1,-85,0.130568356374808
3P Brand,VS0040R,-631,-563,0,0,-563,1
3P Brand,VS0041B,-790,-705,0,0,-705,1
3P Brand,VS0041R,-4441,-3965,-3540,-5,-425,0.10718789407313997
3P Brand,VS0042,-2374,-2136,-1827,-7,-309,0.1446629213483146
3P Brand,VS0043,-605,-540,-271,-1,-269,0.4981481481481482
3P Brand,VS0044,-1713,-1710,-1956,-6,246,-0.14385964912280702
3P Brand,VS0045,-20494,-18298,-15225,-72,-3073,0.16794185156847743
3P Brand,VS0046,-37262,-33269,-29202,-62,-4067,0.12224593465388199
3P Brand,VS0047,-18039,-16106,-14007,-23,-2099,0.13032410281882528
3P Brand,VS0048,-39341,-35126,-30672,-71,-4454,0.12680066047941696
3P Brand,VS0049,-42418,-37874,-33303,-94,-4571,0.1206896551724138
3P Brand,VS0051,-1237,-1105,-960,-3,-145,0.13122171945701358
3P Brand,VS0052,-2974,-2656,-2309,-4,-347,0.13064759036144577
3P Brand,VS0053,526,470,0,0,470,1
3P Brand,VS0054,-13011,-11617,-10294,-14,-1323,0.11388482396487906
3P Brand,VS0055,-32538,-29052,-24650,-58,-4402,0.15152140988572216
3P Brand,VX803634,-324,-275,-275,-1,0,0
3P Brand,VX803647,-31878,-28463,-12375,-3,-16088,0.565225028984998
3P Brand,VX803659,460,438,381,3,57,0.13013698630136986
3P Brand,VX803663,-5759,-5142,-4624,-8,-518,0.10073901205756515
3P Brand,VX803664,-45935,-41014,-35664,-6,-5350,0.13044326327595454
3P Brand,VX803667,403,342,297,1,45,0.13157894736842105
3P Brand,VX803709,-1221,-1091,-948,-3,-143,0.1310724106324473
3P Brand,VX803710,-2230,-1991,-1896,-6,-95,0.047714716223003516
3P Brand,VX803713,-313,-265,-265,-1,0,0
3P Brand,WL803648,-28751,-25670,-4464,-1,-21206,0.8261005064277367
3P Brand,WL803649,-3451,-3081,-5357,-1,2276,-0.7387211944173969
3P Brand,WL803650,-18628,-16632,-14463,-3,-2169,0.13041125541125542
3P Brand,WX803701,-879,-785,-786,-3,1,-0.0012738853503184713
3P Brand,Walker,3276782,2778514,2395120,329,383394,0.13798526838446737
3P Brand,Willie,29427644,24967050,22716540,3129,2250510,0.09013920347017369
3P Brand,YK803688,-2865,-2558,-2285,-5,-273,0.10672400312744332
3P Brand,YN803644,-1080,-964,-1071,-3,107,-0.11099585062240663
3P Brand,YN803645,-7175,-6406,-5798,-13,-608,0.09491102091788949
3P Brand,YN803707,-278,-265,-230,-2,-35,0.1320754716981132
3P Brand,YN803714,-23644,-20038,-17424,-4,-2614,0.13045214093222876
3P Brand,YN803718,-2956,-2505,-2178,-1,-327,0.13053892215568863
Accessories,AW503519,-3540,-3000,-2466,-3,-534,0.178
Accessories,AW503520,-12,-10,-822,-1,812,-81.2
Accessories,AW503527,3323,2816,4529,4,-1713,-0.6083096590909091
Accessories,AW504127,-203,-193,-243,-3,50,-0.25906735751295334
Accessories,AW504128,-283,-269,-177,-1,-92,0.3420074349442379
Accessories,AW504129,-169,-161,-177,-1,16,-0.09937888198757763
Accessories,AW504130,-401,-382,-332,-2,-50,0.13089005235602094
Accessories,AW504132,-29,-28,-142,-1,114,-4.071428571428571
Accessories,Allen Key,6018,5100,1522500,1700,-1517400,-297.52941176470586
Accessories,BOTFGPCEVQMW7ZAB,-982466,-832598,17727,311,-850325,1.021291187343712
Accessories,BOTFNXR9CGWJZT8V,-243154,-206014,140448,2464,-346462,1.6817400759171708
Accessories,BOTFP7YVEQYCECQW,1983,1681,1575,7,106,0.06305770374776919
Accessories,BOXING GLOVES,-5845,-4953,11392,2,-16345,3.3000201897839694
Accessories,Bag,201002,170341,152100,16900,18241,0.10708519968768529
Accessories,Balance ball,1298,1100,770,2,330,0.3
Accessories,CS1.8LMGLDGY,2242,1900,1017,3,883,0.46473684210526317
Accessories,CS2.2LGLBPK,54537,46218,25900,70,20318,0.43961227227487126
Accessories,CS3LGLBDGY,2498,2117,798,2,1319,0.6230514879546528
Accessories,CS503016,-2134,-1779,-1881,0,102,-0.05733558178752108
Accessories,CS600535,91473,77519,62374,126,15145,0.19537145732014086
Accessories,CS600537,-273,-244,308,2,-552,2.262295081967213
Accessories,CS600538,758,642,471,3,171,0.26635514018691586
Accessories,CS600540,1620,1418,794,3,624,0.4400564174894217
Accessories,CS600541,-4235,-3610,-2440,-13,-1170,0.32409972299168976
Accessories,CS600542,503,449,394,2,55,0.12249443207126949
Accessories,CS600543,-418,-398,-346,-2,-52,0.1306532663316583
Accessories,CS600544,-178,-184,-198,-1,14,-0.07608695652173914
Accessories,CS600545,-239,-228,-332,-1,104,-0.45614035087719296
Accessories,CS600546,-2079,-1980,-1468,-6,-512,0.2585858585858586
Accessories,CS600549,-13276,-12429,5297,49,-17726,1.4261807064124226
Accessories,CS600564,111688,83045,249048,1177,-166003,-1.9989523752182552
Accessories,CS600630,-10539,-8932,-5252,-4,-3680,0.41200179131213616
Accessories,CS600631,72816,61709,54213,27,7496,0.12147336693189
Accessories,CS600697,4175,3538,1612,2,1926,0.5443753533069531
Accessories,CS600706,43011,36450,32724,4,3726,0.10222222222222223
Accessories,CS600712,-57710,-48907,-41006,-58,-7901,0.16155151614288343
Accessories,CS600736,51290,43466,35310,286,8156,0.1876409147379561
Accessories,CS600769,-148,-132,-126,-1,-6,0.045454545454545456
Accessories,CS600770,-1229,-1042,-92,-1,-950,0.9117082533589251
Accessories,CS600772,63,54,0,0,54,1
Accessories,CS600774,-112,-108,-108,-1,0,0
Accessories,CS600784,281,268,0,0,268,1
Accessories,CS600801,429918,364337,325211,401,39126,0.10738958711302997
Accessories,CS600804,8428,7142,1226,9,5916,0.8283394007280873
Accessories,CS600806,1040280,881594,738088,1222,143506,0.16278014596288087
Accessories,CS600807,490998,416244,354200,573,62044,0.14905680322118758
Accessories,CS600809,25373,21343,16531,65,4812,0.22546033828421497
Accessories,CS600812,52761,44713,39128,67,5585,0.12490774495113278
Accessories,CS600842,506093,428892,350187,177,78705,0.18350773621331246
Accessories,CS600862,15030,12868,6972,6,5896,0.4581908610506683
Accessories,CS600863,-48216,-43050,-31898,-41,-11152,0.259047619047619
Accessories,CS600864,18816,16800,12448,16,4352,0.259047619047619
Accessories,CS600865,25872,23100,17116,22,5984,0.259047619047619
Accessories,CS600866,0,0,0,0,0,NaN
Accessories,CS600867,-3868,-3454,0,0,-3454,1
Accessories,CS600868,-17720,-15821,-793,-1,-15028,0.9498767460969597
Accessories,CS600869,-3500,-2888,-3965,-5,1077,-0.3729224376731302
Accessories,CS600988,37,35,0,0,35,1
Accessories,CS601030,28175,23945,23534,34,411,0.017164334934224264
Accessories,CS601031,50,43,0,0,43,1
Accessories,CS601036,39221,33238,30225,39,3013,0.09064925687466154
Accessories,CS601037,-90659,-76830,-20388,-3,-56442,0.7346349082389692
Accessories,CS601038,238,202,726,1,-524,-2.594059405940594
Accessories,CS601093,-181,-76,0,0,-76,1
Accessories,CS601094,5643,4663,3990,5,673,0.14432768603903068
Accessories,CS601095,-3171,-2688,-2394,-3,-294,0.109375
Accessories,CS601096,-2994,-2578,-2394,-3,-184,0.07137315748642359
Accessories,CS601097,13844,11730,10374,13,1356,0.11560102301790282
Accessories,CS601098,-409,-377,0,0,-377,1
Accessories,CS601099,-1462,-1115,-1596,-2,481,-0.431390134529148
Accessories,CS601100,2011,1795,1596,2,199,0.11086350974930362
Accessories,CS601111,25287,21216,19150,32,2066,0.09737933634992459
Accessories,CS601112,73907,62519,50268,64,12251,0.19595642924550938
Accessories,CS601113,49527,41302,43885,55,-2583,-0.06253934434167836
Accessories,CS601114,45425,38963,35906,45,3057,0.07845905089443832
Accessories,CS601115,35791,29157,27927,41,1230,0.04218541002160716
Accessories,CS601116,60883,50940,46278,58,4662,0.09151943462897527
Accessories,CS601117,3908,3353,3990,5,-637,-0.18997912317327767
Accessories,CS601118,3122,2742,3192,4,-450,-0.16411378555798686
Accessories,CS601131,474517,429207,368834,322,60373,0.14066173198479986
Accessories,CS60113110Oz,3723,3324,3450,3,-126,-0.03790613718411552
Accessories,CS601132,457146,408228,405345,352,2883,0.007062229930333049
Accessories,CS601133,800331,710326,705094,611,5232,0.007365632118210512
Accessories,CS601134,569839,507343,486124,419,21219,0.04182377602529255
Accessories,CS601139,-4773,-4045,-3500,-11,-545,0.13473423980222496
Accessories,CS601140,-54007,-48390,0,0,-48390,1
Accessories,CS601141,-34445,-29191,24816,78,-54007,1.8501250385392758
Accessories,CS601167,205,195,152,1,43,0.2205128205128205
Accessories,CS601307,-1017,-862,-2206,-2,1344,-1.5591647331786542
Accessories,CS601308,-17018,-14422,-6618,-6,-7804,0.5411177367910137
Accessories,CS601309,9569,8109,4412,8,3697,0.4559131828832162
Accessories,CS601310,189309,160432,140584,287,19848,0.12371596688939862
Accessories,CS601311,30703,26020,20010,56,6010,0.2309761721752498
Accessories,CS601312,262832,222739,206771,403,15968,0.07168928656409519
Accessories,CS601313M,1043,818,598,1,220,0.26894865525672373
Accessories,CS601314L,-391,-478,-1196,-2,718,-1.502092050209205
Accessories,CS601314M,1582,1341,598,1,743,0.5540641312453393
Accessories,CS601314XL,1718,1529,598,1,931,0.6088947024198823
Accessories,CS601315L,771,653,0,0,653,1
Accessories,CS601315M,1828,1549,1208,2,341,0.22014202711426728
Accessories,CS601315S,30,25,0,0,25,1
Accessories,CS601315XL,-447,-378,-604,-1,226,-0.5978835978835979
Accessories,CS601316L,818,694,0,0,694,1
Accessories,CS601316M,224,190,0,0,190,1
Accessories,CS601316S,-209,-177,0,0,-177,1
Accessories,CS601316XL,847,718,0,0,718,1
Accessories,CS601317,547,463,399,1,64,0.13822894168466524
Accessories,CS601318,4892,4146,1197,3,2949,0.711287988422576
Accessories,CS601320,15,12,0,0,12,1
Accessories,CS601322,-855,-724,-1077,-3,353,-0.48756906077348067
Accessories,CS601323,-1015,-860,0,0,-860,1
Accessories,CS601324,481,408,359,1,49,0.12009803921568628
Accessories,CS601325,-204,-173,0,0,-173,1
Accessories,CS601361,-1869,-1584,-333,-1,-1251,0.7897727272727273
Accessories,CS601362,-756,-641,113,1,-754,1.1762870514820594
Accessories,CS601365,-6549,-5550,-398,-1,-5152,0.9282882882882882
Accessories,CS601424,-29751,-25408,38689,228,-64097,2.5227093828715366
Accessories,CS601425,92997,80417,105881,546,-25464,-0.3166494646654314
Accessories,CS601426,118592,100377,95409,492,4968,0.04949340984488478
Accessories,CS601470,-96180,-81509,-72820,-22,-8689,0.10660172496288753
Accessories,CS601471,-10280,-8712,-7773,-3,-939,0.10778236914600552
Accessories,CS601479,438257,371834,318671,664,53163,0.14297509103524692
Accessories,CS601480,-315,-267,-444,-1,177,-0.6629213483146067
Accessories,CS601481,-570,-479,-439,0,-40,0.08350730688935282
Accessories,CS601482,698888,592289,549413,1147,42876,0.07239033647425497
Accessories,CS601483,587842,498174,443075,925,55099,0.1106019182052857
Accessories,CS601484,8239753,6978789,3814102,10848,3164687,0.45347222849121815
Accessories,CS601485,5281558,4474485,3049323,6823,1425162,0.3185086104881344
Accessories,CS601486,3820135,3235389,1974938,4568,1260451,0.38958252006172983
Accessories,CS601487,-2727,-2307,-1717,-5,-590,0.25574338968357174
Accessories,CS601535,43600,36949,6402,1,30547,0.8267341470675796
Accessories,CS601537,-231,-220,-95,-1,-125,0.5681818181818182
Accessories,CS601539,-2542,-2421,-665,-7,-1756,0.7253201156546881
Accessories,CS601540,-21,-20,95,1,-115,5.75
Accessories,CS601541,-43,-41,0,0,-41,1
Accessories,CS601542,209,182,160,2,22,0.12087912087912088
Accessories,CS601543,-56,-53,0,0,-53,1
Accessories,CS601547,-431,-365,-2182,-1,1817,-4.978082191780822
Accessories,CS601562,73722,62476,56034,11,6442,0.10311159485242333
Accessories,CS601563,10355,8775,7878,2,897,0.10222222222222223
Accessories,CS601564,-115038,-97490,-86658,-11,-10832,0.1111088316750436
Accessories,CS601565,-54905,-46529,-41363,-7,-5166,0.11102753121709041
Accessories,CS601566,-45454,-38520,-39390,-5,870,-0.022585669781931463
Accessories,CS601567,531833,450706,403768,41,46938,0.1041432774358451
Accessories,CS601568,17407,14752,36423,27,-21671,-1.4690211496746204
Accessories,CS601569,44090,37364,33212,23,4152,0.1111230061021304
Accessories,CS601570L,-262,-222,-457,-1,235,-1.0585585585585586
Accessories,CS601570M,441,374,0,0,374,1
Accessories,CS601570XL,736,624,914,2,-290,-0.46474358974358976
Accessories,CS601573L,8014,6792,4880,13,1912,0.28150765606595995
Accessories,CS601573M,1526,1293,610,2,683,0.5282289249806651
Accessories,CS601573XL,3406,2886,1830,3,1056,0.3659043659043659
Accessories,CS601576L,7626,6462,4492,11,1970,0.30485917672547197
Accessories,CS601576M,2799,2372,562,1,1810,0.7630691399662732
Accessories,CS601576XL,44084,37359,30986,56,6373,0.1705880778393426
Accessories,CS601579L,-5192,-4400,-1586,-2,-2814,0.6395454545454545
Accessories,CS601579M,-762,-645,-793,-1,148,-0.22945736434108527
Accessories,CS601579XL,2573,2181,2379,3,-198,-0.0907840440165062
Accessories,CS601582L,-2914,-2469,-2383,-4,-86,0.034831915755366545
Accessories,CS601582M,-1103,-935,-954,-2,19,-0.020320855614973262
Accessories,CS601582XL,45507,38565,32436,68,6129,0.158926487747958
Accessories,CS601585,1391,1324,915,3,409,0.30891238670694865
Accessories,CS601586,-974,-928,-610,-2,-318,0.3426724137931034
Accessories,CS601587,3593,3212,2745,9,467,0.1453922789539228
Accessories,CS601588,839,711,505,5,206,0.28973277074542897
Accessories,CS601589,76,73,0,0,73,1
Accessories,CS601590,-332,-281,-253,-1,-28,0.099644128113879
Accessories,CS601591,121,94,0,0,94,1
Accessories,CS601592A,24573,21275,16894,71,4381,0.20592244418331374
Accessories,CS601592B,28537,25661,20870,98,4791,0.1867035579283738
Accessories,CS601592C,30390,26366,21368,89,4998,0.1895623151027839
Accessories,CS601592D,150,102,0,0,102,1
Accessories,CS601592E,29049,25186,21864,97,3322,0.13189867386643372
Accessories,CS601593A,10440,9322,6825,25,2497,0.2678609740399056
Accessories,CS601593B,26237,22857,17998,72,4859,0.21258257864111652
Accessories,CS601597A,0,0,0,0,0,NaN
Accessories,CS601597B,455,390,340,4,50,0.1282051282051282
Accessories,CS601597D,111,99,85,1,14,0.1414141414141414
Accessories,CS601599B,40,25,0,0,25,1
Accessories,CS601601A,832,779,-2051,-7,2830,3.6328626444159178
Accessories,CS601601B,1933,1711,293,1,1418,0.8287551139684395
Accessories,CS601601C,-194,-174,0,0,-174,1
Accessories,CS601601D,-122,-109,0,0,-109,1
Accessories,CS601601E,1415,1263,-2978,-9,4241,3.357878068091845
Accessories,CS601601F,10355,9049,4394,15,4655,0.5144214830367997
Accessories,CS601601G,6782,5987,2929,12,3058,0.5107733422415233
Accessories,CS601601H,4626,4162,879,3,3283,0.7888034598750601
Accessories,CS601601J,-639,-552,-586,-1,34,-0.06159420289855073
Accessories,CS601601K,104,93,879,3,-786,-8.451612903225806
Accessories,CS601606,4895,4148,3280,6,868,0.20925747348119575
Accessories,CS6TPEPRYMBL,22319,18915,9660,21,9255,0.48929421094369546
Accessories,CS6TPEPRYMGR,16390,13890,6440,14,7450,0.5363570914326854
Accessories,CS6TPEPRYMWI,13221,11204,6900,15,4304,0.3841485183862906
Accessories,CS700022,47068,39888,28386,114,11502,0.28835740072202165
Accessories,CS700023,60949,51652,40866,147,10786,0.2088205684194223
Accessories,CS700024,62367,52853,40469,143,12384,0.23431025674985337
Accessories,CS700025,-80074,-67859,-26130,-65,-41729,0.6149368543597754
Accessories,CS700026,100045,85103,65932,212,19171,0.22526820441112536
Accessories,CS700027,-250098,-211948,-199687,-85,-12261,0.05784909506105271
Accessories,CS700028,203,172,4539,31,-4367,-25.38953488372093
Accessories,CS700029,1749,1482,865,4,617,0.41632928475033737
Accessories,CS700030,869,736,648,8,88,0.11956521739130435
Accessories,CS700031,1961,1662,2961,8,-1299,-0.7815884476534296
Accessories,CS700032,4748,4024,3331,9,693,0.17221669980119284
Accessories,CS700033,45680,38712,31833,86,6879,0.1776968381897086
Accessories,CS700034,38541,31501,94940,235,-63439,-2.0138725754737945
Accessories,CS700035,26962,20750,98576,244,-77826,-3.7506506024096384
Accessories,CS700036,36310,26610,85244,211,-58634,-2.203457346862082
Accessories,CS700050,200608,189857,-72000,-375,261857,1.3792327909953281
Accessories,CS700051,194802,181019,14536,79,166483,0.9196990371176507
Accessories,CS700052,206001,195672,84360,456,111312,0.568870354470747
Accessories,CS700053,128519,117592,29463,161,88129,0.7494472413089326
Accessories,CS700054,189388,168789,71410,370,97379,0.5769274064068156
Accessories,CS700055,-1106777,-1049924,-127721,-683,-922203,0.8783521473935256
Accessories,CS700187,-6810,-5772,-617,-2,-5155,0.8931046431046431
Accessories,CS700188,-228720,-193830,-263106,-853,69276,-0.35740597430738275
Accessories,CS700189,-4090,-3466,617,2,-4083,1.1780150028851701
Accessories,CS700190,-1391,-1179,-1017,-3,-162,0.13740458015267176
Accessories,CS700191,-4111,-3484,308,3,-3792,1.0884041331802525
Accessories,CS700192,-1294,-1097,-926,-3,-171,0.15587967183226983
Accessories,CS700266,720,599,477,4,122,0.2036727879799666
Accessories,CS700267,-3247,-2886,-1071,-9,-1815,0.6288981288981289
Accessories,CS700268,-2564,-2442,0,0,-2442,1
Accessories,CS700269,-748,-668,0,0,-668,1
Accessories,CS700270,1102,1050,846,6,204,0.19428571428571428
Accessories,CS700271,371,324,162,2,162,0.5
Accessories,CS700272,38,44,111,2,-67,-1.5227272727272727
Accessories,CS700273,-6653,-6532,141,1,-6673,1.021586037966932
Accessories,CS700274,549,516,1270,10,-754,-1.4612403100775193
Accessories,CS700275,-261,-233,141,1,-374,1.6051502145922747
Accessories,CS700276,-2230,-2124,-423,-3,-1701,0.8008474576271186
Accessories,CS700277,-6240,-5943,-393,-3,-5550,0.933871781928319
Accessories,CS700278,-2901,-2591,-131,-1,-2460,0.9494403705133153
Accessories,CS700279,-3361,-3201,1352,8,-4553,1.422368009996876
Accessories,CS700280,590,605,338,7,267,0.4413223140495868
Accessories,CS700281,1401,1284,1853,12,-569,-0.4431464174454829
Accessories,CS700282,-4995,-4440,770,5,-5210,1.1734234234234233
Accessories,CS700283,-1436,-1368,2704,16,-4072,2.9766081871345027
Accessories,CS700284,1028,946,2625,17,-1679,-1.7748414376321353
Accessories,CS700285,3767,3357,2059,8,1298,0.38665475126601134
Accessories,CS700286,258,287,257,2,30,0.10452961672473868
Accessories,CS700287,14697,13038,9865,37,3173,0.2433655468630158
Accessories,CS700288,7230,6231,4352,19,1879,0.3015567324666988
Accessories,CS700289,33536,28622,26404,94,2218,0.07749283767731116
Accessories,CS700290,-4138,-3679,-871,-1,-2808,0.7632508833922261
Accessories,CS700291,7585,6592,11032,50,-4440,-0.6735436893203883
Accessories,CS700292,29499,25003,21191,77,3812,0.15246170459544856
Accessories,CS700516,95153,80639,61863,490,18776,0.23284018899043887
Accessories,CS700517,78439,66474,51762,424,14712,0.22131961368354544
Accessories,CS700518,32750,27755,18685,158,9070,0.32678796613222844
Accessories,CS700519,-34263,-29037,-4650,-93,-24387,0.839859489616696
Accessories,CS700520,71719,60779,49995,396,10784,0.1774297043386696
Accessories,CS700521,-29963,-27250,-32200,-175,4950,-0.181651376146789
Accessories,CS700522,-12180,-10061,-16192,-88,6131,-0.6093827651326906
Accessories,CS700523,70859,58009,43792,238,14217,0.2450826595873054
Accessories,CS700524,-41808,-36612,-39928,-217,3316,-0.09057139735605813
Accessories,CS700525,39474,33453,10226,81,23227,0.6943174005320898
Accessories,CS700526,38850,32924,10479,83,22445,0.6817215405175556
Accessories,CS700527,34163,28868,49614,117,-20746,-0.7186504087571013
Accessories,CS700528,48437,43185,24120,201,19065,0.4414727335880514
Accessories,CS700529,46361,40659,18360,153,22299,0.5484394598981776
Accessories,CS700530,17746,15130,9468,94,5662,0.3742233972240582
Accessories,CS700531,-433,-346,1596,2,-1942,5.61271676300578
Accessories,CS700532,49101,41688,30360,45,11328,0.2717328727691422
Accessories,CS700533,39855,34961,29670,43,5291,0.15134006464345987
Accessories,CS700534,22519,19275,16560,24,2715,0.14085603112840467
Accessories,CS700535,208613,189183,177753,218,11430,0.06041769080731355
Accessories,CS700536,199998,178193,176383,214,1810,0.010157525828736257
Accessories,CS700537,210675,187437,178200,220,9237,0.049280558267577906
Accessories,CS700538,181073,161493,154207,193,7286,0.04511650659780919
Accessories,CS700539,725,647,0,0,647,1
Accessories,CS700540,2465,2201,0,0,2201,1
Accessories,CS700541,56459,49463,42000,41,7463,0.15088045609849787
Accessories,CS700542,28170,24281,20800,16,3481,0.14336312342984225
Accessories,CS700543,170142,152361,133369,107,18992,0.12465132153241315
Accessories,CS700544,134968,121196,95904,81,25292,0.20868675533846
Accessories,CS700545,154100,137196,134624,112,2572,0.018746902242047874
Accessories,CS700546,230000,205144,189750,165,15394,0.075039971922162
Accessories,CS700547,-11406,-10184,-11700,-9,1516,-0.14886095836606442
Accessories,CS700548,281822,258534,244802,199,13732,0.05311487077134922
Accessories,CS700549,230721,206087,205162,159,925,0.004488395677553655
Accessories,CS700550,7340,6554,6500,5,54,0.00823924321025328
Accessories,CS700551,12926,10987,7350,7,3637,0.33102757804678257
Accessories,CS700552,-8361,-7465,-10400,-8,2935,-0.3931681178834561
Accessories,CS700553,722,724,-1313,-1,2037,2.81353591160221
Accessories,CS700554,30115,25750,22050,21,3700,0.1436893203883495
Accessories,CS700555,240945,218176,174782,147,43394,0.19889447051921386
Accessories,CS700556,-2764,-2231,-3939,-3,1708,-0.7655759748991484
Accessories,CS700557,858344,788921,665858,559,123063,0.15598900270115765
Accessories,CS700558,225785,201405,208800,174,-7395,-0.0367170626349892
Accessories,CS700559,725,647,0,0,647,1
Accessories,CS70055912Oz,1674,1495,523,1,972,0.6501672240802676
Accessories,CS700560,683,691,-1313,-1,2004,2.9001447178002895
Accessories,CS700561,609,544,-1300,-1,1844,3.389705882352941
Accessories,CS700562,-5974,-5334,-6500,-5,1166,-0.21859767529058868
Accessories,CS700563,725,647,0,0,647,1
Accessories,CS700564,444931,403758,341103,287,62655,0.15517958777287386
Accessories,CS700565,5774,5155,2600,2,2555,0.495635305528613
Accessories,CS700566,-5800,-5179,-6500,-5,1321,-0.25506854605136126
Accessories,CS700567,222298,203017,180837,153,22180,0.10925193456705597
Accessories,CS700568,4169,3645,1313,1,2332,0.6397805212620027
Accessories,CS700569,200567,178126,173825,144,4301,0.024145829356747472
Accessories,CS700570,144636,128769,133364,107,-4595,-0.035684054391973224
Accessories,CS700571,11333,9625,7280,17,2345,0.24363636363636362
Accessories,CS700572,34089,28948,23660,52,5288,0.18267237805720601
Accessories,CS700573,25916,22195,18200,43,3995,0.1799954944807389
Accessories,CS700574,10044,8532,7280,17,1252,0.146741678387248
Accessories,CS700575,9380,8230,6825,23,1405,0.17071688942891858
Accessories,CS700576,30613,26759,22750,51,4009,0.14981875256922905
Accessories,CS700577,22070,19024,15925,36,3099,0.1628994953742641
Accessories,CS700578,9301,8004,6825,15,1179,0.14730134932533734
Accessories,CS700579,13422,11399,9100,22,2299,0.20168435827704184
Accessories,CS700580,19041,16706,12740,31,3966,0.2373997366215731
Accessories,CS700581,30910,27010,22786,48,4224,0.1563865235098112
Accessories,CS700582,10371,8859,7520,16,1339,0.15114572750874816
Accessories,CS700583,22964,19490,15015,36,4475,0.22960492560287327
Accessories,CS700584,33699,28632,20930,48,7702,0.2689997205923442
Accessories,CS700585,43696,37139,31850,70,5289,0.14241094267481624
Accessories,CS700586,11829,10041,8645,19,1396,0.13902997709391496
Accessories,CS700589,-12595,-10650,-9494,-20,-1156,0.10854460093896713
Accessories,CS700591,135895,124857,116688,154,8169,0.06542684831447175
Accessories,CS700592,178748,161632,164964,236,-3332,-0.020614729756483863
Accessories,CS700593,120349,107388,129315,185,-21927,-0.20418482512012515
Accessories,CS700594,108306,96758,104228,142,-7470,-0.07720291862171604
Accessories,CS700595,206386,186800,204479,286,-17679,-0.09464132762312634
Accessories,CS700596,72918,64694,88560,123,-23866,-0.36890592636102265
Accessories,CS700597,79036,70488,91250,125,-20762,-0.29454658949040974
Accessories,CS700598,12675,11002,9400,20,1602,0.1456098891110707
Accessories,CS700599,109841,100241,98219,136,2022,0.020171386957432588
Accessories,CS700600,121343,110045,115987,165,-5942,-0.053996092507610526
Accessories,CS700601,128331,114205,137592,196,-23387,-0.2047808764940239
Accessories,CS700602,12117,10515,8460,18,2055,0.19543509272467904
Accessories,CS700603,14714,12892,10920,26,1972,0.15296307787775365
Accessories,CS700604,26265,22840,19110,43,3730,0.16330998248686515
Accessories,CS700605,16789,14470,12285,27,2185,0.15100207325501036
Accessories,CS700606,14622,12598,10810,23,1788,0.14192729004603905
Accessories,CS700630,85518,73677,13662,69,60015,0.8145689971090028
Accessories,CS700631,100426,85260,24395,119,60865,0.7138752052545156
Accessories,CS700632,47875,40572,-5148,-26,45720,1.126885536823425
Accessories,CS700633,82838,70202,17226,87,52976,0.7546223754308994
Accessories,CS700634,-16651,-14111,-42435,-207,28324,-2.007228403373255
Accessories,CS701174,4304591,3647959,2807220,15860,840739,0.23046832489071287
Accessories,CS701308,352900,335139,144389,973,190750,0.5691668233180859
Accessories,CS701309,2114794,2016472,700460,4687,1316012,0.6526309316469556
Accessories,CS701310,45382,46682,40681,274,6001,0.12855061908230153
Accessories,CS701311,49773,50445,43205,291,7240,0.14352264842898205
Accessories,CS701312,49808,50565,43512,296,7053,0.13948383269059625
Accessories,CS701313,269093,255223,109668,741,145555,0.5703051840939101
Accessories,CS701314,301582,286665,133950,963,152715,0.5327298414525666
Accessories,CS701315,45455,46255,40281,289,5974,0.129153605015674
Accessories,CS701316,634189,607956,290821,2099,317135,0.5216413687832672
Accessories,CS701317,114832,114980,87285,529,27695,0.24086797703948512
Accessories,CS701318,515025,494995,284320,1372,210675,0.425610359700603
Accessories,CS701484,46098,39066,27703,218,11363,0.29086673834024473
Accessories,CS701485,31371,26585,16413,125,10172,0.3826217791987963
Accessories,CS701821,248852,217967,162292,618,55675,0.25542857405020025
Accessories,CS701822,137948,121112,102161,613,18951,0.15647499834863599
Accessories,CS801944,531,450,15750,100,-15300,-34
Accessories,CS805098,128244920,108680713,52787558,118390,55893155,0.5142877099085649
Accessories,CS805099,33577635,28455664,14512378,10701,13943286,0.4900003739150139
Accessories,CS805433,10526208,8919594,5553788,26732,3365806,0.3773496865440288
Accessories,CS805649,12591469,10670058,4577710,37902,6092348,0.5709760902892936
Accessories,CS805708,4282477,3628147,1863123,9207,1765024,0.4864808399439163
Accessories,CS805764,7925546,6716564,10486453,18985,-3769889,-0.5612823759291209
Accessories,CS922110,-177,-169,59,-1,-228,1.349112426035503
Accessories,CSACCSET1,108997,92371,49068,116,43303,0.46879431856318543
Accessories,CSACCSET2,60984,51681,44940,84,6741,0.13043478260869565
Accessories,CSACCSET3,90881,81144,70560,147,10584,0.13043478260869565
Accessories,CSACCSET4,24426,20700,18000,72,2700,0.13043478260869565
Accessories,CSACCSET5,16901,14323,12455,47,1868,0.13041960483139006
Accessories,CSACCSET6,22716,19251,16740,62,2511,0.13043478260869565
Accessories,CSACCSET7,1730,1466,1275,5,191,0.13028649386084584
Accessories,CSACCSET8,6242,5290,4600,10,690,0.13043478260869565
Accessories,CSAHTPO3WN,204598,194854,98658,609,96196,0.49368244942367107
Accessories,CSAHTPOEMN,206170,196457,100278,619,96179,0.48956769165771646
Accessories,CSAKWE1LBBL,373700,316548,191880,312,124668,0.3938360059137951
Accessories,CSAKWE1LBGR,582765,493615,279210,454,214405,0.43435673551249454
Accessories,CSAKWE1LBGY,81720,69254,36360,72,32894,0.4749761746613914
Accessories,CSAKWR1BK,94854,80204,21055,384,59149,0.7374819211011919
Accessories,CSANFTPO3MN,207360,197485,110520,614,86965,0.44036255918171
Accessories,CSANFTPO3WN,175403,167051,81360,452,85691,0.5129631070750849
Accessories,CSANTPO3MN,247317,235540,116235,861,119305,0.5065169397979112
Accessories,CSANTPO3MNF,193809,184612,71982,558,112630,0.610090351656447
Accessories,CSANTPO3WN,190131,181029,79196,585,101833,0.5625231316529395
Accessories,CSANTPO3WNF,214367,204024,68112,528,135912,0.6661569227149747
Accessories,CSAR01ABYENA,199988,169254,60835,529,108419,0.6405697945100264
Accessories,CSAR01PL0R,759064,642742,383856,652,258886,0.4027836985913477
Accessories,CSAW01NEBK0.5,942963,798251,386718,2305,411533,0.5155433566635056
Accessories,CSAW01NEBK1,1489296,1262789,694088,3274,568701,0.45035314688360445
Accessories,CSAW01NEBK2,1505965,1275099,771664,2837,503435,0.3948203237552535
Accessories,CSAW01POBK0.5,327108,277037,84690,941,192347,0.6943007612701553
Accessories,CSAW01PORD2,982365,831272,375840,2349,455432,0.5478736201868943
Accessories,CSAW02POCA0.5,213426,180528,73868,626,106660,0.5908224762917664
Accessories,CSAW02POCA1,755421,640050,305764,2146,334286,0.5222810717912663
Accessories,CSBBALL02A8PALDC,44448,42239,20925,93,21314,0.5046047491654632
Accessories,CSBBALL02A8PCRBR,98089,93282,47040,224,46242,0.49572264745610084
Accessories,CSBBALL02A8PDUDC,267834,254850,154343,487,100507,0.39437708455954484
Accessories,CSBG01PUBK14,129626,123397,58320,243,65077,0.5273791097028291
Accessories,CSBG01PVCBK10,568402,528288,293760,1224,234528,0.44393966927130657
Accessories,CSBG01PVCBK12,827992,772559,361440,1506,411119,0.5321522369165332
Accessories,CSBG01PVCBK14,595463,554355,248400,1035,305955,0.5519116811429499
Accessories,CSBG01PVCBK16,271986,253055,124320,518,128735,0.5087234000513722
Accessories,CSBG01PVCBK8,281892,261461,125520,523,135941,0.5199284023238647
Accessories,CSBG01PVCRD10,220921,204023,99360,414,104663,0.5129960837748685
Accessories,CSBG01PVCRD12,247511,228054,114960,479,113094,0.49590886369017867
Accessories,CSBG01PVCRD14,192448,178081,96720,403,81361,0.4568763652495213
Accessories,CSBG01PVCRD16,112072,103676,51120,213,52556,0.5069254215054593
Accessories,CSBG01PVCRD8,125132,114816,56160,234,58656,0.5108695652173914
Accessories,CSBG02PUBLW10,360185,333569,162750,525,170819,0.5120949488711481
Accessories,CSBG02PUBLW12,179747,166298,90520,292,75778,0.455675955212931
Accessories,CSBG02PUBLW14,188850,178126,121210,391,56916,0.31952662721893493
Accessories,CSBG02PUBLW16,86298,79461,44330,143,35131,0.44211625829023043
Accessories,CSBG02PUBLW8,87597,81017,45571,147,35446,0.4375131145315181
Accessories,CSBG02PURBK10,221341,203218,110050,355,93168,0.4584633250991546
Accessories,CSBG02PURBK12,332515,306814,167090,539,139724,0.45540294771425033
Accessories,CSBG02PURBK14,209982,197012,110568,354,86444,0.4387753030272268
Accessories,CSBG02PURBK16,158927,146638,76880,248,69758,0.47571570807021374
Accessories,CSBG02PURBK8,117374,108465,56420,182,52045,0.4798322039367538
Accessories,CSBKGLRGYBKL,98638,94177,43245,155,50932,0.5408114507788526
Accessories,CSBKGLRGYBKM,76309,76315,48267,173,28048,0.36752931926882004
Accessories,CSBKGLRGYBKS,51203,48765,22878,82,25887,0.530852045524454
Accessories,CSBKGLRGYBKXL,48601,46365,21204,76,25161,0.5426722743448722
Accessories,CSBKPKFMBLK,536878,452641,199094,436,253547,0.5601503178015248
Accessories,CSBKPKFMBLU,344773,292181,164864,368,127317,0.43574701982675124
Accessories,CSBKPKFMOLV,661869,560906,291504,637,269402,0.4802979465364963
Accessories,CSBKPKFOLDNGBLK,168946,143106,78046,321,65060,0.4546280379578774
Accessories,CSBKPKFOLDNGGREYORG,91789,77787,39913,167,37874,0.4868936968902259
Accessories,CSBKPKFOLDNGOLVNEO,104697,88546,40630,170,47916,0.5411424570279855
Accessories,CSBKPKFOLDNGTEL,56802,48033,24617,103,23416,0.4874981783357275
Accessories,CSBLSK600BL,2553,2164,650,5,1514,0.699630314232902
Accessories,CSBLSK600OR,307,260,130,1,130,0.5
Accessories,CSBOKT1GR,1029538,972117,412886,1611,559231,0.57527128936126
Accessories,CSBOKT1OR,1310327,1238811,545931,2128,692880,0.5593105001489331
Accessories,CSBT01PCBK1,1051443,902683,397198,2260,505485,0.5599806355054875
Accessories,CSBT01PCBL1,628137,548044,247975,1417,300069,0.5475272058447862
Accessories,CSBT01PCGP1,644662,558906,255850,1462,303056,0.5422307150039541
Accessories,CSBT01PCMG1,1003668,860295,390617,2211,469678,0.5459499357778437
Accessories,CSBTLRPBK,45656,38692,16768,44,21924,0.5666287604672801
Accessories,CSCLFTPO2MN,159988,152369,73728,512,78641,0.5161220458229693
Accessories,CSCLFTPO3MN,193003,183813,111240,515,72573,0.39481973527443653
Accessories,CSCLTPO2MNR8,97279,92615,39438,313,53177,0.574172650218647
Accessories,CSCLTPO2MNR82,69035,65716,28476,226,37240,0.5666808691947166
Accessories,CSCLTPO2WNR8,46458,44246,20412,162,23834,0.5386701622745559
Accessories,CSCOS05PLBK500,660931,559335,184757,2977,374578,0.6696845361009055
Accessories,CSCOS05PLBL500,351583,297523,105276,1698,192247,0.6461584482544207
Accessories,CSCPBLKORG,173542,165139,85925,491,79214,0.4796807537892321
Accessories,CSCPCHGRY,172963,164778,73352,489,91426,0.5548434863877459
Accessories,CSCPEMBLK,195042,185296,106800,534,78496,0.4236249028581297
Accessories,CSCPFLDBLU,203508,193799,110772,543,83027,0.42841810329258667
Accessories,CSCPFLDGRY,239240,226180,122196,599,103984,0.45974003006455033
Accessories,CSCPFLDOLV,227799,215988,121788,597,94200,0.43613534085226957
Accessories,CSCPMSBEG,228910,218446,127460,448,90986,0.4165148366186609
Accessories,CSCPMSBLK,259148,247062,137445,561,109617,0.44368215265803723
Accessories,CSCPMSNVY,191914,182834,108780,444,74054,0.40503407462506974
Accessories,CSCPMSOLV,348243,331364,185310,639,146054,0.440766045798578
Accessories,CSCPNVSKY,213486,203757,91350,522,112407,0.5516718444028916
Accessories,CSCPREYEL,109787,104691,56202,365,48489,0.46316302260939335
Accessories,CSCRCBAT01BKALLRN,251753,242706,111679,703,131027,0.539858923965621
Accessories,CSCRCBAT01BKORCMAS,183532,178019,72793,455,105226,0.5910942090451019
Accessories,CSCS04PLBK500,2168588,1835170,598241,10441,1236929,0.674013306669137
Accessories,CSCS04PLYE500,971532,822570,274033,4895,548537,0.6668575318817851
Accessories,CSCYSK500PR,79451,67327,32136,206,35191,0.5226877775632361
Accessories,CSCYSK500RD,51601,43730,21060,135,22670,0.5184084152755546
Accessories,CSDB07BK1L,190586,171457,83470,491,87987,0.513172398910514
Accessories,CSDB07GR1L,191563,172509,91120,536,81389,0.47179567442858056
Accessories,CSDBG01POBK20,2944439,2489853,1142583,5407,1347270,0.5411042338644089
Accessories,CSDBG01POBN20,1195703,1012426,567619,2632,444807,0.43934766590348334
Accessories,CSDBG02POBY25,858302,726269,377396,1747,348873,0.4803633364497177
Accessories,CSDBG02PONN20,1882699,1594078,791312,4599,802766,0.5035926723786415
Accessories,CSDBG02PONO25,1021501,864679,409015,2430,455664,0.5269747501674031
Accessories,CSDBWLINBL1LGR,225246,196981,113960,296,83021,0.4214670450449536
Accessories,CSDBWLINBL5MLGR,156436,137407,73500,245,63907,0.46509275364428304
Accessories,CSDFLBG02POGYOR25,397603,335237,191893,832,143344,0.4275900333197111
Accessories,CSDFLBG02POOLVNE25,511028,430545,232970,1022,197575,0.458895121299748
Accessories,CSDFLBGFOLDNGBLK,479464,406011,227820,890,178191,0.4388821977729667
Accessories,CSDFLBGFOLDNGGRYORG,240461,203732,95339,378,108393,0.5320371861072389
Accessories,CSDFLBGFOLDNGOLVNEO,70290,59337,30720,120,28617,0.48227918499418576
Accessories,CSDFLBGFOLDNGTEL,91941,77676,39572,156,38104,0.49055049178639476
Accessories,CSFBALL2GLGR,434962,412539,211111,824,201428,0.4882641398752603
Accessories,CSFBALL2GLRD,219475,207976,93590,382,114386,0.5499961534023157
Accessories,CSFLBMLC,94490,83275,39422,219,43853,0.5266046232362653
Accessories,CSFMRLBK,471720,399762,172259,857,227503,0.5690961121867512
Accessories,CSFTBAPU1BK,108997,104123,27720,420,76403,0.7337763990664887
Accessories,CSGB01SLGRLR,1058636,894428,447064,1363,447364,0.5001677049466251
Accessories,CSGB01SLGRMD,1582728,1339652,659280,2010,680372,0.507872193674178
Accessories,CSGB01SLGRSL,427761,360253,192208,586,168045,0.4664638462413915
Accessories,CSGB01SLGRXL,897959,760554,398192,1214,362362,0.4764448020784849
Accessories,CSGB02LEBKLR,337456,285896,133560,420,152336,0.5328371155944819
Accessories,CSGB02LEBKMD,550896,466528,243906,767,222622,0.47718893614102476
Accessories,CSGB02LEBKXL,182312,154484,90948,286,63536,0.4112788379379094
Accessories,CSGB2.2BLK,4196403,3571397,1893034,5168,1678363,0.4699457943208218
Accessories,CSGB2.2WHT,3513391,2992602,1691785,4674,1300817,0.43467758158284997
Accessories,CSGG01LEBKLR,1086423,1003065,503585,3473,499480,0.49795377168977084
Accessories,CSGG01LEBKMD,1269273,1172208,569705,3929,602503,0.5139898379809726
Accessories,CSGG01LEBKSL,938574,872223,439350,3030,432873,0.4962870733745843
Accessories,CSGG01LEBKXL,495730,455458,224605,1549,230853,0.5068590298117499
Accessories,CSGG02LEBKLR,727892,672552,394545,2721,278007,0.4133613460371837
Accessories,CSGG02LEBKMD,803169,746700,427895,2951,318805,0.4269519217892058
Accessories,CSGG02LEBKSL,542673,504344,269120,1856,235224,0.4663959519692908
Accessories,CSGG02LEBKXL,540928,503906,285505,1969,218401,0.43341615301266506
Accessories,CSGYBBK,181637,153930,87150,249,66780,0.43383356070941337
Accessories,CSGYMSPTR01BLKLR,425203,405246,176634,1390,228612,0.5641314164729572
Accessories,CSGYMSPTR01BLKMD,484396,461437,196588,1543,264849,0.5739656767879472
Accessories,CSGYMSPTR01BLKSL,87517,83263,36487,290,46776,0.5617861475084972
Accessories,CSGYMSPTR01BLKXL,183469,174618,78542,616,96076,0.5502067369916045
Accessories,CSGYMSPTR01BLKXXL,78447,74572,33973,270,40599,0.5444268626294051
Accessories,CSHATPO3MN,176250,167780,69966,338,97814,0.5829896292764334
Accessories,CSHATPO3MN2,220955,210641,109710,530,100931,0.47916122692163443
Accessories,CSHB01FBMLT,456599,386771,204130,685,182641,0.472219995811475
Accessories,CSHBDWRPBLKON,237828,201549,107910,981,93639,0.46459669856957864
Accessories,CSHESET1ABLP3,752657,716919,353894,2565,363025,0.5063682229094221
Accessories,CSHFBLCBA1GY,116445,98769,47151,41,51618,0.5226133705919873
Accessories,CSHG01PLBK60,336302,284888,114773,1689,170115,0.5971293982196513
Accessories,CSHG01PLGR60,175563,148716,57248,831,91468,0.6150515075714785
Accessories,CSHGPBLKGR,1018111,861876,358668,2260,503208,0.5838519694248361
Accessories,CSICEGLPK1MLT,306190,291609,129174,814,162435,0.5570301328148308
Accessories,CSICEGLPK2BL,307749,293147,137960,1163,155187,0.5293828693454138
Accessories,CSINCHTPO3MN,144040,137181,55944,504,81237,0.5921884225949657
Accessories,CSINHTPO3WN,133790,127332,52614,474,74718,0.5867967203845067
Accessories,CSINHTPO3WN2,287734,273984,76701,691,197283,0.720052995795375
Accessories,CSINTMTCH10M,852148,795688,442321,1164,353367,0.4441024622716442
Accessories,CSKINTPBG,53046,50551,15600,195,34951,0.6914007635852901
Accessories,CSKINTPBK,47417,45222,12560,157,32662,0.722259077440184
Accessories,CSKINTPBL,11317,10778,3600,45,7178,0.6659862683243645
Accessories,CSKINTPPK,42605,40639,12000,150,28639,0.7047171436305028
Accessories,CSKNBDUBK,199055,189865,83680,523,106185,0.5592657941168725
Accessories,CSKT0720BP001,-2628,-2227,-1980,-1,-247,0.11091154018859452
Accessories,CSKT0720HD00375K,7169,6075,2040,6,4035,0.6641975308641975
Accessories,CSLAHTPO2MN,100060,95295,44187,342,51108,0.5363135526522903
Accessories,CSLAHTPO2MN2,142247,135515,47988,387,87527,0.6458842194591005
Accessories,CSLAHTPO2WN,79508,75878,21824,176,54054,0.7123804001159757
Accessories,CSLAHTPO2WN2,147153,140356,58280,470,82076,0.58477015588931
Accessories,CSLAHTPO3MEN,341536,325236,165375,1125,159861,0.4915230786259824
Accessories,CSLAHTPO3WMN,289062,275177,131271,893,143906,0.5229579507008216
Accessories,CSLAHTPO5MN,779970,742874,389968,1590,352906,0.47505498913678496
Accessories,CSLANTPO3MN,184612,175789,82026,558,93763,0.533383772591004
Accessories,CSLANTPO3WN,179983,171359,83349,567,88010,0.5136001027083491
Accessories,CSLANTPO5MN,410647,391117,184377,750,206740,0.5285886320461652
Accessories,CSLQCK200,157843,135232,39522,469,95710,0.7077466871746332
Accessories,CSMDB03BK,4646917,3932501,1315608,16105,2616893,0.6654525961976869
Accessories,CSMDB03BL,773413,654885,250371,3091,404514,0.617687074829932
Accessories,CSMDB03GR,1221401,1033872,390015,4815,643857,0.622762779144807
Accessories,CSMDB03RD,296257,250678,91773,1133,158905,0.6339008608653333
Accessories,CSMO600521,-1264713,-1129423,-502383,-2564,-627040,0.5551861437211745
Accessories,CSMO600617,-642277,-555692,-284999,-1493,-270693,0.4871277614217948
Accessories,CSMTB2.2BLK,2871330,2449525,1094304,4510,1355221,0.5532586930119104
Accessories,CSMTB2.2GR,1383801,1178529,569571,2311,608958,0.5167102379322019
Accessories,CSMTBT01BLU2,239573,202523,97680,407,104843,0.5176844111533011
Accessories,CSMTBT01PKBLU2,210412,177748,88320,368,89428,0.5031167720593199
Accessories,CSOPGLFLDFRS,94993,90752,41720,280,49032,0.5402856135401974
Accessories,CSOPGLLTCLXL,5437,10784,22648,152,-11864,-1.1001483679525224
Accessories,CSOPGLLTCSM,65196,62186,28161,189,34025,0.5471488759527868
Accessories,CSOPGLSLCLXL,74172,70693,28302,159,42391,0.599649187331136
Accessories,CSOPGLSLCSM,87340,83286,33820,190,49466,0.5939293518718632
Accessories,CSPB01PUTN4,319414,293214,160500,321,132714,0.4526182242321308
Accessories,CSPB01SRFBK3,233475,215534,97125,259,118409,0.5493750405968432
Accessories,CSPB01SRFBK4,763372,702330,391600,979,310730,0.4424273489670098
Accessories,CSPB01SRFBKR3,129775,119201,61040,218,58161,0.4879237590288672
Accessories,CSPB10GBK,692211,586620,298252,431,288368,0.4915754662302683
Accessories,CSPB6GBK,1000616,847980,578016,892,269964,0.31836128210571
Accessories,CSPBBCBK,377988,320329,137940,484,182389,0.5693802309500545
Accessories,CSPC01BK,9979303,9418326,2693064,20209,6725262,0.7140612885984198
Accessories,CSPC02PRGY,237611,226297,106650,237,119647,0.528716686478389
Accessories,CSPC03PRBK,222714,212308,99050,283,113258,0.5334608210712738
Accessories,CSPK01FGSET,544241,502796,328462,248,174334,0.34672909092355547
Accessories,CSPLB08BK1L,3364759,3184415,860791,5802,2323624,0.729686300309476
Accessories,CSPLB08PKB1L,953718,893895,299695,1994,594200,0.664731316317912
Accessories,CSPNSKIPRPE01BLK,45128,38202,9766,257,28436,0.7443589340872205
Accessories,CSPNSKIPRPE01GRNWH,31898,27032,6992,184,20040,0.7413435927789287
Accessories,CSPNSKIPRPE01GRY,41239,34888,9576,252,25312,0.7255216693418941
Accessories,CSPRB01TPE,315202,267008,137441,726,129567,0.48525512344199423
Accessories,CSPTW1GRBK,66848,56573,27026,167,29547,0.5222809467413784
Accessories,CSR11NTPO3CIMN,134717,128333,59727,463,68606,0.5345935963470035
Accessories,CSR11NTPO3CIMN2,109598,104316,46569,361,57747,0.5535775911653055
Accessories,CSR11NTPO3CIWN,170690,162561,70434,546,92127,0.5667226456530164
Accessories,CSRB01TPECB1,1341997,1136703,539544,2216,597159,0.5253430315570558
Accessories,CSRB01TPEYE,329177,278737,81941,1612,196796,0.7060275456792604
Accessories,CSRB02TPECB2,1540260,1304998,811437,1217,493561,0.3782082424647394
Accessories,CSRB02TPERD,494138,418362,146573,1921,271789,0.649650302847773
Accessories,CSRB03TPEBK,1463269,1238855,523417,4226,715438,0.5774993845123118
Accessories,CSRB04TPEBL,1043215,883393,428708,2372,454685,0.5147029691201991
Accessories,CSRB05TPEGN,682605,577990,296729,1299,281261,0.4866191456599595
Accessories,CSRB06TPEMLT1,2270579,1922185,962615,3280,959570,0.499207932639158
Accessories,CSRB06TPEMLT2,2408816,2039500,1119442,1692,920058,0.45111939200784507
Accessories,CSRHDGRBK,112572,95400,40260,305,55140,0.5779874213836478
Accessories,CSRS01POBGN55,245266,207852,155610,266,52242,0.2513423012528145
Accessories,CSRS01POBK75,176580,149644,96810,105,52834,0.3530646066664885
Accessories,CSRS01POBL60,157174,133198,101430,147,31768,0.23850207961080497
Accessories,CSRS01POBL75,100391,84959,27660,30,57299,0.674431196224061
Accessories,CSRS01POBL80,106026,89853,61065,59,28788,0.3203899702847985
Accessories,CSRS01POBL95,8431,7145,5570,5,1575,0.22043386983904828
Accessories,CSRS01POGN65,112946,95717,64325,83,31392,0.3279668188514057
Accessories,CSRS01POGR65,103239,87491,57350,74,30141,0.3445040061263444
Accessories,CSRS01POGR80,135556,114878,81765,79,33113,0.2882449206984801
Accessories,CSRS01POGR95,21504,18224,11140,10,7084,0.3887181738366989
Accessories,CSRS01POMA60,148248,125634,96600,140,29034,0.23109986150245954
Accessories,CSRS02POBK80,2353,1994,4140,4,-2146,-1.0762286860581745
Accessories,CSRS02POBL60,84077,71252,53820,78,17432,0.24465278167630383
Accessories,CSRS02POBL75,151232,128163,76526,83,51637,0.40290099326638734
Accessories,CSRS02POBL80,34772,29468,24840,24,4628,0.15705171711687255
Accessories,CSRS02POBO55,255210,216280,157950,270,58330,0.2696966894766044
Accessories,CSRS02POGBL65,35638,30202,24025,31,6177,0.2045228792795179
Accessories,CSRS02POGGN65,21537,18252,14725,19,3527,0.19323909708525094
Accessories,CSRS02POGN60,186662,158188,104880,152,53308,0.3369914279212077
Accessories,CSRS02POGN75,183047,155124,85746,93,69378,0.447242206235012
Accessories,CSRT01RBSET11,10560176,8942937,4648365,14214,4294572,0.48021941784896843
Accessories,CSSABTBK,16112,15345,3656,16,11689,0.7617464972303682
Accessories,CSSH01PLBK700,622351,527399,239265,3681,288134,0.5463301978198669
Accessories,CSSH01PLYE700,576797,488804,196300,3020,292504,0.598407541673145
Accessories,CSSH02PLBGR500,1909367,1614805,703024,4448,911781,0.5646384547979477
Accessories,CSSH02PLBK550,1312909,1111909,446388,5086,665521,0.5985390890801315
Accessories,CSSH02PLBR550,731979,619952,275520,3017,344432,0.5555784963997212
Accessories,CSSH02PLOGR500,878174,743880,375831,2429,368049,0.4947693176318761
Accessories,CSSK02COFS,475627,450687,203172,1546,247515,0.5491948957924235
Accessories,CSSK03COFS,350527,332351,143241,1077,189110,0.5690068632259268
Accessories,CSSK04COFS,357580,338419,150573,1133,187846,0.5550693075743384
Accessories,CSSK06COFS,606833,575483,250394,2094,325089,0.5648976598787453
Accessories,CSSK07COFS,531154,501855,207579,1737,294276,0.5863765430253759
Accessories,CSSK08COFS,913046,866904,284610,1551,582294,0.6716937515572659
Accessories,CSSK10COFS,325170,309382,146930,1123,162452,0.5250854930151075
Accessories,CSSK11COFS,259820,246650,114114,858,132536,0.5373444151631867
Accessories,CSSK13COFS,293034,276026,133113,956,142913,0.5177519509031758
Accessories,CSSK14COFS,310076,293604,149883,1063,143721,0.4895062737564883
Accessories,CSSK16COFS,1315526,1248934,501370,2699,747564,0.5985616533780007
Accessories,CSSK16COFS2,204583,194840,44215,239,150625,0.7730702114555533
Accessories,CSSK17COFS,381038,360613,139499,1215,221114,0.6131614778169395
Accessories,CSSK18COFS,136322,126999,67468,404,59531,0.4687517224545075
Accessories,CSSK18COFS2,116320,110780,56279,337,54501,0.49197508575555154
Accessories,CSSK19COFS,258607,243720,116702,719,127018,0.5211636303955358
Accessories,CSSK21COFS,323808,306869,78598,670,228271,0.7438711632651066
Accessories,CSSK21COFS2,81196,77330,24804,212,52526,0.6792447950342687
Accessories,CSSK22COFS,2944951,2800917,1049839,5707,1751078,0.6251802534669896
Accessories,CSSK22COFS2,179173,170641,27565,149,143076,0.8384620343293816
Accessories,CSSK23COFS,333281,315342,89642,770,225700,0.7157308572914487
Accessories,CSSK25COFS,318099,300874,104058,881,196816,0.6541475833737711
Accessories,CSSK26COFS,401315,379664,100253,852,279411,0.7359428336634498
Accessories,CSSK28COFS,402633,379980,163532,992,216448,0.5696299805252908
Accessories,CSSK28COFS2,109741,104516,48263,289,56253,0.5382238126219909
Accessories,CSSK30COFS,329604,312318,158396,605,153922,0.4928374285183691
Accessories,CSSK31COFS,73198,69713,31725,225,37988,0.5449198858175663
Accessories,CSSKBTOAGR,116269,98533,59492,139,39041,0.3962225853267433
Accessories,CSSKBTOBK,54585,46259,30816,72,15443,0.3338377396830887
Accessories,CSSLHNGRPBK,171034,144944,37546,693,107398,0.7409620267137653
Accessories,CSSR01PVGNNA,127508,107963,59220,423,48743,0.4514787473486287
Accessories,CSSR01PVRDNA,97588,82612,44660,319,37952,0.4594005713455672
Accessories,CSSS03PLORG500,407634,345048,146395,1541,198653,0.5757256961350304
Accessories,CSSS03PLYBK500,249846,211530,82080,864,129450,0.6119699333427883
Accessories,CSST01PLGR,2469702,2089743,1062285,2033,1027458,0.4916671571576026
Accessories,CSST09BK1.2L,97892,82823,50400,96,32423,0.3914733829974765
Accessories,CSST09PBL1.2L,123760,104881,60900,116,43981,0.41934192084362276
Accessories,CSSTS06BK700,2897471,2706982,1330381,6458,1376601,0.508537182737085
Accessories,CSSTS06BL700,1920142,1769145,873798,4254,895347,0.5060902300263687
Accessories,CSSTS06SL700,2657631,2497996,1205394,6112,1292602,0.5174555924028701
Accessories,CSSWKBLU,50757,42510,19032,173,23478,0.5522935779816514
Accessories,CSSWMSET,237084,202011,68750,625,133261,0.6596719980595116
Accessories,CSTB01TPERDGY,1597137,1352381,612657,3230,739724,0.5469789948246833
Accessories,CSTBALL2AGRP3,61924,58701,24276,238,34425,0.5864465682015638
Accessories,CSTBALL2AGRP6,91627,86460,47328,232,39132,0.4526023594725885
Accessories,CSTT01STBKNA,954757,807981,363905,2581,444076,0.5496119339439912
Accessories,CSTTBLU,331302,280586,136755,1013,143831,0.5126093247703022
Accessories,CSTUMB03BK12ML,693936,588187,382505,677,205682,0.34968810939378125
Accessories,CSTUMB03BL12ML,503325,426547,273460,484,153087,0.358898316012069
Accessories,CSTUMB03BR12ML,357980,303373,202270,358,101103,0.33326301285875803
Accessories,CSTUMB03PK12ML,33598,28473,16450,35,12023,0.4222596846134935
Accessories,CSTUMB03WH12ML,912752,771755,498832,865,272923,0.35363943220322513
Accessories,CSTW33BL,295782,281836,67973,1119,213863,0.758820732624647
Accessories,CSTW48BL,277383,264366,99004,761,165362,0.6255040360712043
Accessories,CSTW72BL,251943,240315,104775,555,135540,0.5640097372198989
Accessories,CSVBALL1ASPBL,418194,397101,205470,827,191631,0.48257496203736583
Accessories,CSVBALL1ASPSTBL,606957,576946,287040,1196,289906,0.5024837679782856
Accessories,CSWEVE1GY7KG,736571,624212,375301,278,248911,0.39876035705817897
Accessories,CSWL01LEBLNA,351503,297405,143640,1026,153765,0.5170222423967318
Accessories,CSWL01LEMANA,165796,140300,66080,472,74220,0.5290092658588739
Accessories,CSWRKGLV02BGL,975869,922623,404328,1833,518295,0.561762496707756
Accessories,CSWRKGLV02BGM,703930,662770,269050,1229,393720,0.5940522353154186
Accessories,CSWRKGLV02BGS,448184,425112,185579,840,239533,0.5634585709177816
Accessories,CSWRKGLV02BGXL,640934,603792,253574,1148,350218,0.5800308715584175
Accessories,CSWRKGLV03COL,2954334,2793784,1091034,5691,1702750,0.6094780412515785
Accessories,CSWRKGLV03COM,2850532,2688711,1023719,5350,1664992,0.6192528687538378
Accessories,CSWRKGLV03COS,1223913,1152244,421310,2209,730934,0.6343569591162983
Accessories,CSWRKGLV03COXL,1865149,1760061,723386,3777,1036675,0.5889994721773848
Accessories,CSWW01POGR19,1160369,983496,289200,4820,694296,0.7059469484370043
Accessories,CSWWBLK,245810,207952,86815,1237,121137,0.582523851658075
Accessories,CSYGBLCK2ABK,71211,60068,30080,128,29988,0.49923420123859624
Accessories,CSYGBLCK2BBL,72590,61294,28702,127,32592,0.5317323065879205
Accessories,CSYGBLCK2CGR,75434,63770,31188,138,32582,0.5109299043437353
Accessories,CSYGBLCK2DGY,64372,54066,27346,121,26720,0.49421077941774866
Accessories,CSYGMATBAG6MBLK,147775,124763,69120,432,55643,0.44598959627453655
Accessories,CSYGMATBAG6MGRY,69742,59067,28640,179,30427,0.515126889803105
Accessories,CSYGMATBAG6MNVY,192556,162926,84160,526,78766,0.48344647263174695
Accessories,CSYGMATBAG6MOLV,135541,114810,63840,399,50970,0.4439508753592893
Accessories,CSYGPAD1BEVABL,68786,57799,38130,123,19669,0.3403000051904012
Accessories,CSYGPAD1CEVAGR,60517,51047,32240,104,18807,0.36842517679785297
Accessories,CSYGPAD1DEVAGY,58757,49548,31930,103,17618,0.35557439250827483
Accessories,CSYGWH1BL,310737,263158,139113,339,124045,0.4713708114516754
Accessories,CSYGWH1DGY,227812,192818,109534,265,83284,0.43193062888319556
Accessories,CSYGWH1GR,161721,137051,76775,185,60276,0.4398070791165333
Accessories,CSYGWH1GY,132669,112327,60590,146,51737,0.46059273371495724
Accessories,CSYM01TPEBGN6,2445745,2068512,945971,2688,1122541,0.5426804388855371
Accessories,CSYM01TPEBR6,549295,465403,241850,691,223553,0.48034284265464555
Accessories,CSYM02EVAGBK6,1059183,897335,482842,1987,414493,0.4619155610780812
Accessories,CSYM02EVAGR6,801455,678967,314444,1294,364523,0.5368788173799316
Accessories,CSYM02TPEBK6,695567,588677,305666,768,283011,0.480757699043788
Accessories,CSYM02TPELA6,658825,557710,308296,765,249414,0.44721091606749025
Accessories,CSYM02TPEPRWB6,1602202,1356833,686797,1892,670036,0.49382348454083885
Accessories,CSYM02TPEPRWL6,2398299,2029156,1042040,2674,987116,0.4864662943608081
Accessories,CSYM03TPENB6,1425288,1207065,613471,1690,593594,0.49176639203356903
Accessories,CSYM03TPENB8,4079337,3453469,1686037,3604,1767432,0.5117845273839146
Accessories,CSYM04TPEAP6,791710,669765,351834,884,317931,0.4746903764753309
Accessories,CSYM2CEVASGR5,451386,381844,139756,847,242088,0.6339971297178952
Accessories,CSYM2DEVABR5,349219,295585,86625,525,208960,0.7069370908537307
Accessories,CSYM2EEVAPR5,456431,386121,118140,716,267981,0.6940337355388596
Accessories,CSYM3AEVABR4,959973,813187,287860,1945,525327,0.6460100813220083
Accessories,CSYM3BEVAPK4,542839,457611,169904,1148,287707,0.6287152188212259
Accessories,CSYM3CEVABL4,406194,342999,125061,845,217938,0.6353896075498763
Accessories,CSYM8ATPENY10,1679635,1420866,685170,1239,735696,0.5177800017735663
Accessories,CSYM8BTPEMR10,3480612,2946959,1449847,2632,1497112,0.5080192836072711
Accessories,CSYM8CTPETL10,1871122,1582088,767700,1399,814388,0.5147551842881053
Accessories,CSYM8DTPERFBL6,432509,366323,182580,510,183743,0.5015873969147446
Accessories,CSYM8ETPEBR6,2663985,2254505,1103721,3083,1150784,0.5104375461575823
Accessories,CSYM8FTPEPK6,135977,115235,56564,158,58671,0.5091421877033887
Accessories,CSYM8GTPEFGR6,911998,770576,366669,933,403907,0.5241624447166795
Accessories,CSYM8HTPESEGR6,1728272,1461973,580563,1770,881410,0.6028907510603821
Accessories,CSYM8ITPEDGY8,1135729,959972,520064,1088,439908,0.45825086565024814
Accessories,CSYM8JTPEBR8,1147752,969295,451202,1128,518093,0.5345049752655281
Accessories,CSYM8KTPEOCYL8,70574,60293,32361,67,27932,0.46327102648732027
Accessories,CSYOBGBLK,211343,179052,107640,598,71412,0.3988338583204879
Accessories,CSYOBGBLU,145591,123390,76680,426,46710,0.3785557986870897
Accessories,CSYOBLTBLK,84797,71821,29868,524,41953,0.5841327745366954
Accessories,CUL600596,-39044,-34077,-10110,-35,-23967,0.7033189541332864
Accessories,CUL600597,-6589,-5715,-2519,-43,-3196,0.5592300962379703
Accessories,Divo5.7pair,275608,246079,132240,38,113839,0.4626116003397283
Accessories,FK67 60 003   02,1132,959,9398,28,-8439,-8.799791449426486
Accessories,FK67 60 003 02,-3271,-2772,27166,-28,-29938,10.8001443001443
Accessories,FK67 60 003 04,-234,-198,139,-2,-337,1.702020202020202
Accessories,FK67.003,11629,9858,74700,900,-64842,-6.577601947656725
Accessories,FK67.60.003-02,785243,665472,866120,14680,-200648,-0.30151231005962686
Accessories,FK67.60.003-04,-219564,-186072,38913,301,-224985,1.209128724364762
Accessories,FK67.60.003-05,-4566,-3869,-57,-1,-3812,0.9852675109847506
Accessories,FKSB03,-29865,-25310,9672,104,-34982,1.3821414460687476
Accessories,FKSB05,2423,2053,3333,27,-1280,-0.6234778373112518
Accessories,FKSB07,-356549,-302160,19779,347,-321939,1.0654586973788722
Accessories,FKSB09,-5290386,-4483378,-13110,-230,-4470268,0.9970758655638673
Accessories,FKSB10,-68617,-58150,-4793,-42,-53357,0.9175752364574377
Accessories,FKSB11,-14658,-12422,-684,-12,-11738,0.9449364031556915
Accessories,FKSB14,-1846,-1565,-114,-2,-1451,0.9271565495207668
Accessories,FKSB15,-17993,-15248,-627,-11,-14621,0.958879853095488
Accessories,FKSB16,18716,15861,-171,-3,16032,1.0107811613391338
Accessories,FSB110,1088854,922757,251642,153,671115,0.7272933177423742
Accessories,Gym Ball,-826,-700,805,1,-1505,2.15
Accessories,HRAR01ABYENA,307357,262697,190875,1527,71822,0.2734024370282112
Accessories,HRAS01NYBONA,315616,300762,161748,1262,139014,0.4622059967682087
Accessories,HRAW01POBK0.5,1248166,1057792,458190,5091,599602,0.5668430088334947
Accessories,HRAW01POBK1,1567820,1330771,771210,6765,559561,0.42047880514378505
Accessories,HRAW01PORD2,817438,692802,537920,3362,154882,0.22355882344450506
Accessories,HRBG01PUBK10,1689382,1516484,1140960,4754,375524,0.24762806597366013
Accessories,HRBG01PUBK12,2347690,2099015,1598160,6659,500855,0.23861430242280307
Accessories,HRBG01PUBK14,1168233,1038604,733440,3056,305164,0.29382132169720127
Accessories,HRBT01PCBK1,43049,36482,31694,184,4788,0.13124280467079655
Accessories,HRBT01PCBL1,51522,43662,51330,298,-7668,-0.17562182217946956
Accessories,HRBT01PCBW1,46108,39075,32336,188,6739,0.1724632117722329
Accessories,HRBT01PCFB1,47831,40535,34967,203,5568,0.137362772912298
Accessories,HRBT01PCGP1,48554,41147,35828,208,5319,0.12926823340705276
Accessories,HRBT01PCMG1,47177,39980,34967,203,5013,0.12538769384692347
Accessories,HRBT01PCOT1,45404,38478,32211,187,6267,0.16287229065959768
Accessories,HRBT01PCPB1,49772,42179,34450,200,7729,0.18324284596600204
Accessories,HRBT01PCPE1,43856,37166,31694,184,5472,0.14723134047247485
Accessories,HRBT01PCRO1,45212,38315,35656,207,2659,0.06939840793422941
Accessories,HRBT01PLBK2,740741,627495,413034,1590,214461,0.3417732412210456
Accessories,HRES01NYBKLR,283101,268665,138603,983,130062,0.4841047401038468
Accessories,HRES01NYBKMD,263489,249950,125631,891,124319,0.497375475095019
Accessories,HRES01NYBKSL,81052,77145,40608,288,36537,0.4736146218160607
Accessories,HRES01NYBKXL,166165,158115,83049,589,75066,0.4747557157764918
Accessories,HRFP01PURBNA,924062,825119,566460,2098,258659,0.31348084336925947
Accessories,HRFP01PVBWNA,631605,562929,388080,1617,174849,0.3106057779933171
Accessories,HRGB01LEBKLR,141925,120336,64400,368,55936,0.4648318042813456
Accessories,HRGB01LEBKMD,395655,335304,218225,1247,117079,0.3491726910505094
Accessories,HRGB01LEBKSL,210449,178324,118650,678,59674,0.33463807451604943
Accessories,HRGB01LEBKXL,186550,158157,103075,589,55082,0.34827418324829124
Accessories,HRGB01SLGRLR,824693,698922,530376,1617,168546,0.24115137311459647
Accessories,HRGB01SLGRMD,1286266,1090840,783264,2388,307576,0.28196252429320523
Accessories,HRGB01SLGRSL,543660,462460,348664,1063,113796,0.24606668684859231
Accessories,HRGB01SLGRXL,495742,420281,309632,944,110649,0.2632738572526476
Accessories,HRGB01SLOGLR,315874,267690,181712,554,85978,0.3211849527438455
Accessories,HRGB01SLOGMD,520711,441281,316192,964,125089,0.2834679036713568
Accessories,HRGB01SLOGSL,325241,275628,177776,542,97852,0.35501472999840367
Accessories,HRGB01SLOGXL,198031,167888,132840,405,35048,0.208758219765558
Accessories,HRGB01SLOGXXL,148334,125835,83312,254,42523,0.337926649978146
Accessories,HRGB02LEBKLR,744630,634885,479226,1507,155659,0.245176685541476
Accessories,HRGB02LEBKMD,492227,417736,311322,979,106414,0.25473983568569625
Accessories,HRGB02LEBKSL,377194,320022,227688,716,92334,0.2885239139809138
Accessories,HRGB02LEBKXL,264361,224720,173628,546,51092,0.22735849056603774
Accessories,HRHW01POBR108,1184494,1002571,738430,6713,264141,0.2634636349944293
Accessories,HRKS01NYBKLR,463139,438515,271920,1236,166595,0.3799071867552991
Accessories,HRKS01NYBKMD,637436,604077,370040,1682,234037,0.38742908602711246
Accessories,HRKS01NYBKSL,235904,224189,142340,647,81849,0.3650892773508067
Accessories,HRKS01NYBKXL,340926,322051,191620,871,130431,0.4050010712589
Accessories,HRMB01PUOR2,710101,608550,400892,1891,207658,0.34123408101224223
Accessories,HRMR01PUBKNA,282487,249823,214245,621,35578,0.14241282828242396
Accessories,HRPBUFLSFBKLR,1987375,1710601,1318875,3517,391726,0.22899904770311721
Accessories,HRPBUFLSFBKMD,1383430,1173539,874400,2186,299139,0.254903330865016
Accessories,HRPU01ABBLNA,293150,250675,171625,1373,79050,0.31534855889099433
Accessories,HRSR01PVGNNA,431604,363102,267680,1912,95422,0.2627966797208498
Accessories,HRSR01PVRDNA,416952,354358,270620,1933,83738,0.23630904339679082
Accessories,HRTT01STBKNA,515430,441548,339033,2338,102515,0.23217181370994772
Accessories,HRWE01ABBKNA,347534,299452,197790,1735,101662,0.33949347474720487
Accessories,HRWL01LEBLNA,161951,137258,112840,806,24418,0.17789855600402163
Accessories,HRWL01LEMANA,366,310,280,2,30,0.0967741935483871
Accessories,HRWV01NEBK5,1336798,1132811,723894,906,408917,0.36097548487788345
Accessories,HRWW01POBL19,160273,135829,115200,1920,20629,0.15187478373543206
Accessories,HRWW01POGR19,428442,363111,318180,5303,44931,0.1237390219519651
Accessories,HRWW01POOR19,120246,102650,57420,957,45230,0.44062347783731126
Accessories,HRYB01EVABK75,28974,24531,19800,180,4731,0.19285801638742814
Accessories,HRYB01EVABR75,45530,38585,33770,307,4815,0.12478942594272385
Accessories,HRYM01EVABK4,2466400,2090167,1501330,10354,588837,0.281717680931715
Accessories,HRYM01EVABOG4,5197265,4450532,3210300,22140,1240232,0.2786705050092888
Accessories,HRYM01EVAGR4,4332690,3671773,2478920,17096,1192853,0.32487111812195363
Accessories,HRYM01EVAWI4,127868,108363,91612,619,16751,0.15458228362079307
Accessories,HRYM01TPEBGN6,1565546,1326734,1113000,3180,213734,0.16109785382751932
Accessories,HRYM01TPEBR6,571043,484606,378700,1082,105906,0.21854042252881722
Accessories.Bicycles,FRAME ALL MODEL,0,0,707560000,0,-707560000,-Infinity
Accessories.Bicycles,Tube,42304,38880,12756800,500,-12717920,-327.10699588477365
Accessories.Bicycles,V brake set,0,0,16464000,0,-16464000,-Infinity
Apparel,666003120543,0,0,368905,0,-368905,-Infinity
Apparel,AW19503844XL,-1068,-1016,-878,-1,-138,0.13582677165354332
Apparel,AW19503847L,486,434,0,0,434,1
Apparel,AW19503857L,297,265,0,0,265,1
Apparel,AW19503884XL,-1644,-1565,-1449,-3,-116,0.07412140575079872
Apparel,AW19503885XXL,-276,-263,0,0,-263,1
Apparel,AW19503886L,-525,-500,-505,-1,5,-0.01
Apparel,AW19503886S,-525,-500,175,-1,-675,1.35
Apparel,AW19503887M,-518,-493,-505,-1,12,-0.02434077079107505
Apparel,AW19503887S,-525,-500,-505,-1,5,-0.01
Apparel,AW19503887XL,676,644,530,1,114,0.17701863354037267
Apparel,AW19503889L,116715,105100,84255,114,20845,0.1983349191246432
Apparel,AW19503889M,113235,101893,84994,115,16899,0.1658504509632654
Apparel,AW19503889S,62507,56926,47301,64,9625,0.16907915539472299
Apparel,AW19503889XL,57770,51796,42127,57,9669,0.18667464669086417
Apparel,AW19503889XS,27099,24621,19216,26,5405,0.21952804516469682
Apparel,AW19503889XXL,35928,32248,24390,33,7858,0.2436740262962044
Apparel,AW19503889XXXL,32450,29318,23424,32,5894,0.20103690565522886
Apparel,AW19503890L,35571,31810,17738,24,14072,0.4423766111285759
Apparel,AW19503890M,28468,25418,12563,17,12855,0.5057439609725392
Apparel,AW19503890S,1960,1867,2956,4,-1089,-0.5832886984467059
Apparel,AW19503890XL,31495,28190,15521,21,12669,0.4494146860588861
Apparel,AW19503890XS,-12421,-10987,-12721,-15,1734,-0.1578228815873305
Apparel,AW19503890XXL,8206,7327,-739,-1,8066,1.1008598334925617
Apparel,AW19503892L,176286,167172,233798,332,-66626,-0.39854760366568565
Apparel,AW19503892M,191665,186984,264044,374,-77060,-0.41212082317203613
Apparel,AW19503892S,-60995,-60321,-15300,-20,-45021,0.7463569901029492
Apparel,AW19503892XL,147936,146254,201960,264,-55706,-0.38088530911975055
Apparel,AW19503892XS,-388,-370,9015,13,-9385,25.364864864864863
Apparel,AW19503892XXL,-31065,-29662,12240,16,-41902,1.4126491807700088
Apparel,AW19503893S,732,698,363,1,335,0.4799426934097421
Apparel,AW19503933S,337,321,0,0,321,1
Apparel,AW19503947L,1074,1023,640,2,383,0.37438905180840665
Apparel,AW19503948L,206,133,-6608,-14,6741,50.68421052631579
Apparel,AW19503948M,-4015,-4596,-12942,-36,8346,-1.8159268929503916
Apparel,AW19503948S,456,434,0,0,434,1
Apparel,AW19503948XL,10946,10373,2203,6,8170,0.7876217102091969
Apparel,AW19503948XXL,598,569,364,1,205,0.3602811950790861
Apparel,AW19503952L,3163,3012,14260,31,-11248,-3.734395750332005
Apparel,AW19503952M,33988,32370,42716,118,-10346,-0.31961692925548346
Apparel,AW19503952S,364,347,373,1,-26,-0.07492795389048991
Apparel,AW19503952XL,17096,16282,18720,52,-2438,-0.14973590468001474
Apparel,AW19503952XXL,-32,-31,359,1,-390,12.580645161290322
Apparel,AW19WLGUP1228AL,0,0,591,0,-591,-Infinity
Apparel,AW19WLGUP1228AM,315,281,886,1,-605,-2.1530249110320283
Apparel,AW19WLGUP1228AS,1992,1779,3695,5,-1916,-1.077009555930298
Apparel,AW19WLGUP1228AXL,630,563,394,2,169,0.30017761989342806
Apparel,AW19WS1232AL,-2243,-2367,-9996,-17,7629,-3.223067173637516
Apparel,AW19WS1232AM,-11633,-9276,-27636,-47,18360,-1.9793014230271668
Apparel,AW19WS1232AS,-9102,-9136,-20580,-35,11444,-1.2526269702276707
Apparel,AW19WS1232AXS,-25581,-22673,-24108,-41,1435,-0.06329113924050633
Apparel,AW19WS1232BL,4535,6068,-39864,-73,45932,7.569545154911008
Apparel,AW19WS1232BM,24830,21420,-63145,-115,84565,3.9479458450046687
Apparel,AW19WS1232BS,52428,48012,-5520,-10,53532,1.1149712571857036
Apparel,AW19WS1232BXS,-33224,-29886,-42788,-76,12902,-0.4317071538513016
Apparel,AW19WS1232CL,13816,13926,-5460,-10,19386,1.3920723825937096
Apparel,AW19WS1232CM,-39151,-30952,20842,38,-51794,1.6733652106487464
Apparel,AW19WS1232CS,-24756,-19275,-14456,-26,-4819,0.2500129701686122
Apparel,AW19WS1232CXS,-33118,-30357,-37238,-66,6881,-0.22666930197318574
Apparel,AW19WS1233AL,2486,2368,2469,4,-101,-0.04265202702702703
Apparel,AW19WS1233AM,8106,7361,6787,11,574,0.07797853552506454
Apparel,AW19WS1233AS,68122,64145,83963,136,-19818,-0.308956270948632
Apparel,AW19WS1233AXL,6893,6291,4940,8,1351,0.2147512319186139
Apparel,AW19WS1233BL,3097,2820,1336,2,1484,0.526241134751773
Apparel,AW19WS1233BM,23594,21506,5088,8,16418,0.7634148609690319
Apparel,AW19WS1233BS,37367,34039,44521,70,-10482,-0.30794089133053265
Apparel,AW19WS1233BXL,4558,4341,3816,6,525,0.12093987560469938
Apparel,AW19WS1233CL,7853,7479,6730,10,749,0.10014707848642866
Apparel,AW19WS1233CM,14384,13142,18171,27,-5029,-0.38266626084309846
Apparel,AW19WS1233CS,26932,24380,20989,33,3391,0.13908941755537327
Apparel,AW19WS1233CXL,7323,6975,10176,16,-3201,-0.4589247311827957
Apparel,AW19WS1233DL,1319,1257,617,1,640,0.5091487669053302
Apparel,AW19WS1233DM,10793,10283,8076,12,2207,0.21462608188271906
Apparel,AW19WS1233DS,98034,95836,103695,168,-7859,-0.0820046746525314
Apparel,AW19WS1233DXL,4375,4166,3702,6,464,0.1113778204512722
Apparel,AW19WS1234AL,-2357,-2195,-1941,-3,-254,0.11571753986332574
Apparel,AW19WS1234AM,-4656,-4434,-647,-1,-3787,0.8540820929183581
Apparel,AW19WS1234AS,-2662,-2536,-669,-1,-1867,0.736198738170347
Apparel,AW19WS1234AXL,79,75,0,0,75,1
Apparel,AW19WS1234CL,-1984,-1633,2521,4,-4154,2.5437844458052665
Apparel,AW19WS1234CM,2577,2222,3782,6,-1560,-0.7020702070207021
Apparel,AW19WS1234CS,2390,2511,-6930,-11,9441,3.759856630824373
Apparel,AW19WS1234CXL,-3941,-3753,-1260,-2,-2493,0.6642685851318945
Apparel,AW19WS1234CXXL,554,495,0,0,495,1
Apparel,AW19WS1234DL,15949,15190,3780,6,11410,0.7511520737327189
Apparel,AW19WS1234DM,51669,47931,53578,85,-5647,-0.11781519267280048
Apparel,AW19WS1234DS,35875,33419,46288,75,-12869,-0.3850803435171609
Apparel,AW19WS1234DXL,8246,7853,3152,5,4701,0.598624729402776
Apparel,AW19WS1234DXXL,1294,1232,652,1,580,0.4707792207792208
Apparel,AW19WS1235AL,41444,38611,13191,15,25420,0.6583616067959908
Apparel,AW19WS1235AM,29232,28029,-3448,-4,31477,1.123015448285704
Apparel,AW19WS1235AS,25471,24789,5787,9,19002,0.7665496792932349
Apparel,AW19WS1235AXL,41536,39558,14926,17,24632,0.6226806208605086
Apparel,AW19WS1235BL,18719,16989,682,1,16307,0.9598563776561304
Apparel,AW19WS1235BM,77690,70696,32832,48,37864,0.535589000792124
Apparel,AW19WS1235BS,65043,61952,48526,71,13426,0.2167161673553719
Apparel,AW19WS1235BXL,14919,14209,3996,6,10213,0.7187697937926666
Apparel,AW19WS1236BL,-5124,-4880,-4136,-6,-744,0.15245901639344261
Apparel,AW19WS1236BM,-4003,-3816,-2765,-4,-1051,0.27541928721174
Apparel,AW19WS1236BS,-770,-734,1372,2,-2106,2.869209809264305
Apparel,AW19WS1236BXL,-934,-790,-665,-1,-125,0.15822784810126583
Apparel,AW19WS1236BXS,-9,-8,762,1,-770,96.25
Apparel,AW19WS1236CL,8903,8479,-7224,-12,15703,1.8519872626488973
Apparel,AW19WS1236CM,47078,45672,28294,47,17378,0.3804957085303906
Apparel,AW19WS1236CS,10962,10201,602,1,9599,0.9409861778257034
Apparel,AW19WS1236CXL,7340,6990,1806,3,5184,0.7416309012875536
Apparel,AW19WS1236CXS,1700,1619,4592,7,-2973,-1.8363187152563312
Apparel,AW19WS1236CXXL,366,349,-1881,-3,2230,6.389684813753582
Apparel,AW19WS1236DL,2035,1938,665,1,1273,0.6568627450980392
Apparel,AW19WS1236DM,-789,-751,-668,-1,-83,0.11051930758988016
Apparel,AW19WS1236DS,-3056,-2911,-3325,-5,414,-0.14221916867055995
Apparel,AW19WS1236DXL,-1570,-1495,-1330,-2,-165,0.11036789297658862
Apparel,AW19WS1236DXS,-580,-553,0,0,-553,1
Apparel,AW500291M,744,709,557,1,152,0.2143864598025388
Apparel,AW500298L,-142,-136,-338,-1,202,-1.4852941176470589
Apparel,AW500299L,-1050,-1000,-712,-2,-288,0.288
Apparel,AW500299M,-525,-500,-338,-1,-162,0.324
Apparel,AW500299S,-1050,-1000,700,-2,-1700,1.7
Apparel,AW500300L,366,348,303,1,45,0.12931034482758622
Apparel,AW500302M,-525,-500,-340,-1,-160,0.32
Apparel,AW500303L,-525,-500,-376,-1,-124,0.248
Apparel,AW500303M,-1575,-1500,875,-3,-2375,1.5833333333333333
Apparel,AW500303S,-1575,-1500,-1074,-3,-426,0.284
Apparel,AW500303XL,-1050,-1000,700,-2,-1700,1.7
Apparel,AW500303XXL,-525,-500,-376,-1,-124,0.248
Apparel,AW500304L,-525,-500,-303,-1,-197,0.394
Apparel,AW500304M,-1050,-1000,-752,-2,-248,0.248
Apparel,AW500304S,-1575,-1500,1575,-3,-3075,2.05
Apparel,AW500305L,-525,-500,-358,-1,-142,0.284
Apparel,AW500305M,-2100,-2000,-1504,-4,-496,0.248
Apparel,AW500305S,-525,-500,-358,-1,-142,0.284
Apparel,AW500305XL,-1050,-1000,-716,-2,-284,0.284
Apparel,AW500305XXL,-525,-500,175,-1,-675,1.35
Apparel,AW500341XL,-310,-295,0,0,-295,1
Apparel,AW500351L,-341,-325,0,0,-325,1
Apparel,AW500351M,-153,-146,0,0,-146,1
Apparel,AW500351XL,-153,-146,0,0,-146,1
Apparel,AW500351XXL,-153,-146,0,0,-146,1
Apparel,AW503265XS,-512,-487,0,0,-487,1
Apparel,AW503272XXL,239,228,0,0,228,1
Apparel,AW503293XXL,-367,-350,-356,-1,6,-0.017142857142857144
Apparel,AW503614L,-1575,-1500,-1182,-3,-318,0.212
Apparel,AW503614M,-3150,-3000,-2364,-6,-636,0.212
Apparel,AW503614XXL,-1575,-1500,1575,-3,-3075,2.05
Apparel,AW503958L/XL,44,42,0,0,42,1
Apparel,AW503958S/M,21,20,516,1,-496,-24.8
Apparel,AW503980XL,-688,-655,-934,-1,279,-0.4259541984732824
Apparel,AW503981M,-537,-511,0,0,-511,1
Apparel,AW504022S,-326,-310,-276,-1,-34,0.10967741935483871
Apparel,AW504080S/M,-133,-127,0,0,-127,1
Apparel,AW504092S/M,79,75,0,0,75,1
Apparel,AW504101S/M,-316,-301,0,0,-301,1
Apparel,AW504156L,5768,5493,6537,27,-1044,-0.1900600764609503
Apparel,AW504168M,-348,-332,0,0,-332,1
Apparel,AW504168S,-157,-150,0,0,-150,1
Apparel,AW504174S,-157,-150,0,0,-150,1
Apparel,BBD503404XL,-183,-174,0,0,-174,1
Apparel,BBD503411XL,-249,-237,0,0,-237,1
Apparel,BBD503413S,36,35,0,0,35,1
Apparel,BBD503437M,-531,-506,0,0,-506,1
Apparel,BBD503439L,-1953,-1860,-2062,-5,202,-0.1086021505376344
Apparel,BBD503439M,447,426,812,2,-386,-0.9061032863849765
Apparel,BBD503439S,-6574,-6261,2822,7,-9083,1.4507267209710908
Apparel,BBD503439XL,1521,1448,934,2,514,0.35497237569060774
Apparel,BBD503439XXL,2686,2559,3314,8,-755,-0.29503712387651426
Apparel,BBD503441S,296,282,0,0,282,1
Apparel,BBD503489M,250,238,0,0,238,1
Apparel,BBD503508L,3854,3521,2310,5,1211,0.34393638170974156
Apparel,BBD503508M,-524,-499,-506,-1,7,-0.014028056112224449
Apparel,BBD503508XL,606,577,450,1,127,0.22010398613518198
Apparel,BBD503508XXL,74,70,0,0,70,1
Apparel,BBD503557XS,-290,-276,0,0,-276,1
Apparel,BBD503590M,-375,-357,0,0,-357,1
Apparel,BBD503590XL,-375,-357,0,0,-357,1
Apparel,BBD504033L,-114,-109,0,0,-109,1
Apparel,BBD504033M,-1498,-1211,-1970,-5,759,-0.6267547481420314
Apparel,BBD504033S,-374,-338,-394,-1,56,-0.16568047337278108
Apparel,BBD504033XL,-114,-109,0,0,-109,1
Apparel,BBDWSHIC2L,7574,7213,8750,25,-1537,-0.21308748093719673
Apparel,BBDWSHIC2M,2076,1978,3850,11,-1872,-0.9464105156723963
Apparel,BBDWSHIC2XL,500,484,-1400,-4,1884,3.8925619834710745
Apparel,CS100000L,3116,2968,2650,5,318,0.10714285714285714
Apparel,CS100000M,4679,4457,4240,8,217,0.04868745793134396
Apparel,CS100000S,35,33,530,1,-497,-15.06060606060606
Apparel,CS100000XL,2476,2359,2120,4,239,0.1013141161509114
Apparel,CS100000XXL,35,33,530,1,-497,-15.06060606060606
Apparel,CS100200L,2099,1999,1695,3,304,0.1520760380190095
Apparel,CS503319L,21028,18742,1444,4,17298,0.9229537936186106
Apparel,CS503319M,20224,19261,9606,26,9655,0.501272000415347
Apparel,CS503319S,498,474,720,2,-246,-0.5189873417721519
Apparel,CS503319XL,6672,6354,-1071,-3,7425,1.1685552407932012
Apparel,CS503319XXL,-1381,-1233,-1080,-3,-153,0.12408759124087591
Apparel,CS503331M,450,402,0,0,402,1
Apparel,CS503895L,-134,-127,0,0,-127,1
Apparel,CS503895M,-258,-246,-394,-1,148,-0.6016260162601627
Apparel,CS503895XL,222,211,0,0,211,1
Apparel,CS503896L,313146,297427,220706,456,76721,0.2579490093367448
Apparel,CS503896M,324077,308172,214403,432,93769,0.3042748854535779
Apparel,CS503896S,120749,114473,86153,178,28320,0.24739458212853685
Apparel,CS503896XL,199939,189305,149259,304,40046,0.21154222022661842
Apparel,CS503896XS,56202,53415,40172,83,13243,0.2479266123748011
Apparel,CS503896XXL,110457,104542,91254,172,13288,0.1271068087467238
Apparel,CS503896XXXL,53032,48148,40860,90,7288,0.15136661958959874
Apparel,CS503897L,313,298,0,0,298,1
Apparel,CS600588M,191,182,0,0,182,1
Apparel,CS600588XL,376,358,0,0,358,1
Apparel,CS600590M,580,552,0,0,552,1
Apparel,CS600591S,628,598,525,1,73,0.12207357859531773
Apparel,CS600594XL,-10,-9,0,0,-9,1
Apparel,CS600607XL,93,89,0,0,89,1
Apparel,CS600608XL,51,49,0,0,49,1
Apparel,CS600609L,361,344,305,1,39,0.11337209302325581
Apparel,CS600610L,-679,-647,-646,-2,-1,0.0015455950540958269
Apparel,CS600611M,-289,-275,-323,-1,48,-0.17454545454545456
Apparel,CS600613XXL,307,293,414,1,-121,-0.4129692832764505
Apparel,CS600619XL,-1410,-1343,-1332,-3,-11,0.008190618019359643
Apparel,CS600620L,39,37,0,0,37,1
Apparel,CS600623XL,9,8,0,0,8,1
Apparel,CS600626L,18456,17554,13175,31,4379,0.24945881280619803
Apparel,CS600626M,13738,12636,17978,42,-5342,-0.42276036720481164
Apparel,CS600626S,26757,23950,15799,37,8151,0.3403340292275574
Apparel,CS600626XL,21112,19781,18275,43,1506,0.07613366361660179
Apparel,CS600626XXL,3603,3280,850,2,2430,0.7408536585365854
Apparel,CS600635L,-847,-806,-772,-2,-34,0.04218362282878412
Apparel,CS600635M,-941,-897,-768,-2,-129,0.14381270903010032
Apparel,CS600635S,-428,-408,0,0,-408,1
Apparel,CS600635XXL,66,62,0,0,62,1
Apparel,CS600637L,-391,-372,-363,-1,-9,0.024193548387096774
Apparel,CS600637XL,464,442,0,0,442,1
Apparel,CS600647M,470,448,0,0,448,1
Apparel,CS600667L,335,319,0,0,319,1
Apparel,CS600667M,534,509,0,0,509,1
Apparel,CS600672L,267,254,0,0,254,1
Apparel,CS600677L,-688,-655,-726,-2,71,-0.1083969465648855
Apparel,CS600677XXL,453,431,0,0,431,1
Apparel,CS600687L,354,337,0,0,337,1
Apparel,CS600692L,32,30,-363,-1,393,13.1
Apparel,CS600704S,-514,-490,-476,-1,-14,0.02857142857142857
Apparel,CS600704XL,387,369,0,0,369,1
Apparel,CS600705M,428,407,0,0,407,1
Apparel,CS600708XL,253,241,0,0,241,1
Apparel,CS600709M,35,33,0,0,33,1
Apparel,CS600709S,-12,-12,0,0,-12,1
Apparel,CS600713L,246557,226208,-43249,-51,269457,1.1911912929693025
Apparel,CS600713M,355183,322876,24034,28,298842,0.9255627547417584
Apparel,CS600713S,109516,100040,-28404,-34,128444,1.2839264294282287
Apparel,CS600713XL,126758,117604,-106505,-126,224109,1.9056239583687629
Apparel,CS600713XS,-72584,-69926,-75858,-89,5932,-0.08483253725366817
Apparel,CS600713XXL,123743,112093,-28326,-34,140419,1.2527008823030876
Apparel,CS600713XXXL,41735,37702,32256,42,5446,0.14444857036761977
Apparel,CS600714L,230653,239703,179765,210,59938,0.2500511049089915
Apparel,CS600714M,155419,157363,117594,139,39769,0.25272141481796867
Apparel,CS600714S,72565,69805,58595,71,11210,0.1605902156006017
Apparel,CS600714XL,222,6328,-40178,-48,46506,7.349241466498103
Apparel,CS600714XS,-38943,-37139,-30581,-36,-6558,0.1765798756024664
Apparel,CS600714XXL,136529,127939,81577,97,46362,0.36237581972658844
Apparel,CS600714XXXL,30742,28173,25344,33,2829,0.10041529123629006
Apparel,CS600715L,108780,97180,75047,94,22133,0.22775262399670715
Apparel,CS600715M,85751,76711,69459,87,7252,0.09453663750961401
Apparel,CS600715S,31368,28258,23153,29,5105,0.1806568051525232
Apparel,CS600715XL,27151,24287,17556,22,6731,0.2771441511919957
Apparel,CS600715XS,22578,20823,14231,19,6592,0.31657302021802813
Apparel,CS600715XXL,6903,6221,2394,3,3827,0.6151744092589616
Apparel,CS600715XXXL,-1874,-1673,6144,8,-7817,4.6724447101016136
Apparel,CS600716L,5704,5433,5642,7,-209,-0.03846861770660777
Apparel,CS600716M,1029,980,2418,3,-1438,-1.4673469387755103
Apparel,CS600716S,866,825,806,1,19,0.02303030303030303
Apparel,CS600716XL,11643,11143,3224,4,7919,0.7106703760208203
Apparel,CS600716XS,-9432,-8619,-9842,-12,1223,-0.1418958115790695
Apparel,CS600716XXL,8346,7953,1612,2,6341,0.7973091915000629
Apparel,CS600717L,7245,6556,9999,11,-3443,-0.5251677852348994
Apparel,CS600717M,807,769,3153,3,-2384,-3.1001300390117037
Apparel,CS600717S,4900,4375,3224,4,1151,0.2630857142857143
Apparel,CS600717XL,6384,6240,0,0,6240,1
Apparel,CS600717XS,-5709,-5129,-4836,-6,-293,0.057126145447455645
Apparel,CS600717XXL,-2875,-2738,-2418,-3,-320,0.1168736303871439
Apparel,CS600718L,41373,36929,7910,10,29019,0.7858051937501692
Apparel,CS600718M,2435,2206,-18745,-23,20951,9.49728014505893
Apparel,CS600718S,19982,18592,6328,8,12264,0.6596385542168675
Apparel,CS600718XL,29642,26722,7910,10,18812,0.7039892223635955
Apparel,CS600718XS,-763,-829,-2223,-3,1394,-1.6815440289505428
Apparel,CS600718XXL,14855,13076,1582,2,11494,0.8790149892933619
Apparel,CS600718XXXL,820,732,0,0,732,1
Apparel,CS600719XL,-423,-403,-515,-1,112,-0.27791563275434245
Apparel,CS600720L,67198,67455,1888,2,65567,0.9720109702764806
Apparel,CS600720M,156348,140156,75422,86,64734,0.461871057963983
Apparel,CS600720S,146366,134831,106026,123,28805,0.21363781326252865
Apparel,CS600720XL,-149300,-145893,-161120,-186,15227,-0.10437101163181235
Apparel,CS600720XS,-6629,-6423,-2586,-3,-3837,0.5973843998131714
Apparel,CS600720XXL,11800,10066,-18333,-21,28399,2.821279554937413
Apparel,CS600720XXXL,47814,42848,34080,40,8768,0.2046303211351755
Apparel,CS600725L,630561,594255,310481,531,283774,0.4775290069078089
Apparel,CS600725M,557606,524189,274539,477,249650,0.476259517082579
Apparel,CS600725S,219925,206299,121350,196,84949,0.4117761113723285
Apparel,CS600725XL,325259,305220,162909,281,142311,0.46625712600747005
Apparel,CS600725XS,49270,46222,17954,31,28268,0.6115702479338843
Apparel,CS600725XXL,170694,160133,92714,147,67419,0.42101877814067057
Apparel,CS600725XXXL,49488,47131,41750,50,5381,0.11417114001400352
Apparel,CS600726L,367021,344354,186546,315,157808,0.45827259157727224
Apparel,CS600726M,356403,334699,191157,325,143542,0.428868924018297
Apparel,CS600726S,156612,145864,84248,144,61616,0.4224208852081391
Apparel,CS600726XL,190479,178266,93023,159,85243,0.4781786768088138
Apparel,CS600726XS,44466,40829,20477,35,20352,0.4984692253055426
Apparel,CS600726XXL,99673,94346,52473,85,41873,0.44382379751128825
Apparel,CS600726XXXL,36657,33459,29225,35,4234,0.12654293314205445
Apparel,CS600727L,-1113,-1060,-750,-1,-310,0.29245283018867924
Apparel,CS600727M,-3355,-3195,-2996,-4,-199,0.062284820031298906
Apparel,CS600727S,4087,3892,2996,4,896,0.2302158273381295
Apparel,CS600727XL,-2308,-2198,-1498,-2,-700,0.3184713375796178
Apparel,CS600727XS,1516,1444,762,1,682,0.47229916897506924
Apparel,CS600727XXL,1717,1635,749,1,886,0.5418960244648318
Apparel,CS600728L,336933,313352,179716,345,133636,0.4264724654701422
Apparel,CS600728M,355272,329390,164166,315,165224,0.5016059989677889
Apparel,CS600728S,154176,143321,88225,155,55096,0.3844237759993302
Apparel,CS600728XL,181748,168786,97977,188,70809,0.4195193914187196
Apparel,CS600728XS,32689,31065,11109,21,19956,0.6423949782713665
Apparel,CS600728XXL,108763,101575,66236,115,35339,0.34791041102633524
Apparel,CS600728XXXL,36887,34388,30381,39,4007,0.11652320576945446
Apparel,CS600729L,19958,20287,-4440,-6,24727,1.218859368068221
Apparel,CS600729M,23481,20823,7890,10,12933,0.6210920616625847
Apparel,CS600729S,11849,10539,4434,6,6105,0.5792769712496442
Apparel,CS600729XL,24285,23600,6862,9,16738,0.7092372881355932
Apparel,CS600729XS,-40,-38,-742,-1,704,-18.526315789473685
Apparel,CS600729XXL,17406,17046,8893,12,8153,0.47829402792443976
Apparel,CS600729XXXL,2410,2152,785,1,1367,0.6352230483271375
Apparel,CS600730L,253414,235336,164869,308,70467,0.2994314512016861
Apparel,CS600730M,177656,166140,148275,277,17865,0.10752979414951246
Apparel,CS600730S,205789,193206,146134,273,47072,0.24363632599401674
Apparel,CS600730XL,262495,249943,142387,266,107556,0.4303221134418647
Apparel,CS600730XS,77483,73934,33723,63,40211,0.5438769713528282
Apparel,CS600730XXL,128117,122016,62629,117,59387,0.4867148570679255
Apparel,CS600730XXXL,86643,82398,44964,84,37434,0.45430714337726646
Apparel,CS600731L,958,913,756,1,157,0.171960569550931
Apparel,CS600731M,799,714,0,0,714,1
Apparel,CS600731S,-2679,-2551,-2286,-3,-265,0.10388083104664837
Apparel,CS600731XL,3555,3386,3008,4,378,0.11163614884819846
Apparel,CS600731XS,-260,-248,0,0,-248,1
Apparel,CS6007332XL,-547,-463,162,-1,-625,1.349892008639309
Apparel,CS600733L,135153,120672,88440,88,32232,0.26710421638822596
Apparel,CS600733M,68496,61157,34170,34,26987,0.44127409781382343
Apparel,CS600733S,40240,36064,26130,26,9934,0.2754547471162378
Apparel,CS600733XL,72431,64887,43215,43,21672,0.33399602385685884
Apparel,CS600733XS,30318,27020,26780,26,240,0.008882309400444115
Apparel,CS600733XXL,23503,21112,7434,7,13678,0.6478779840848806
Apparel,CS600734L,17793,16582,13065,13,3517,0.21209745507176456
Apparel,CS600734M,4103,3793,6030,6,-2237,-0.5897706301080938
Apparel,CS600734S,-5591,-4992,-4020,-4,-972,0.19471153846153846
Apparel,CS600734XL,1947,1738,2010,2,-272,-0.1565017261219793
Apparel,CS600734XS,9260,8209,2046,2,6163,0.7507613594834938
Apparel,CS600734XXL,5537,4944,5025,5,-81,-0.016383495145631068
Apparel,CS600737XL,-21,-19,0,0,-19,1
Apparel,CS600739L,-15,-14,0,0,-14,1
Apparel,CS600739XXL,-15,-14,0,0,-14,1
Apparel,CS600740L,-27961,-25060,-13732,-16,-11328,0.45203511572226657
Apparel,CS600740M,10972,11641,0,0,11641,1
Apparel,CS600740S,11978,11976,13440,16,-1464,-0.12224448897795591
Apparel,CS600740XL,-2617,-1358,-7641,-9,6283,-4.626656848306333
Apparel,CS600740XXL,-12000,-10700,-8490,-10,-2210,0.20654205607476636
Apparel,CS600741L,869,827,735,1,92,0.11124546553808948
Apparel,CS600742L,1741,1658,1474,2,184,0.11097708082026538
Apparel,CS600742M,1711,1630,1448,2,182,0.1116564417177914
Apparel,CS600742XL,-1893,-1690,-1482,-2,-208,0.12307692307692308
Apparel,CS600743M,-20,-18,0,0,-18,1
Apparel,CS600744M,-22,-20,0,0,-20,1
Apparel,CS6007452XL,-450,-381,134,-1,-515,1.3517060367454068
Apparel,CS600745L,-18487,-15628,10193,12,-25821,1.6522267724596877
Apparel,CS600745M,10074,10777,31428,37,-20651,-1.9162104481766726
Apparel,CS600745S,8044,8150,17838,21,-9688,-1.1887116564417177
Apparel,CS600745XL,987,2097,20386,24,-18289,-8.721506914639962
Apparel,CS600745XXL,10040,10030,13591,16,-3561,-0.35503489531405785
Apparel,CS600748M,-1,-1,0,0,-1,1
Apparel,CS600750XL,-497,-473,-697,-1,224,-0.47357293868921774
Apparel,CS600752L,-20,-18,0,0,-18,1
Apparel,CS600754L,-1486,-1416,690,1,-2106,1.4872881355932204
Apparel,CS600754M,-19,-17,0,0,-17,1
Apparel,CS600754S,-19,-17,0,0,-17,1
Apparel,CS600754XL,-5028,-4631,-4068,-6,-563,0.12157201468365364
Apparel,CS600755S,-646,-615,-703,-1,88,-0.14308943089430895
Apparel,CS600756L,-18,-18,0,0,-18,1
Apparel,CS600758XL,-19,-17,0,0,-17,1
Apparel,CS600759L,7989,7609,-1482,-2,9091,1.1947693520830596
Apparel,CS600759M,-6318,-5506,-19249,-26,13743,-2.4960043588812204
Apparel,CS600759S,6323,5948,-2221,-3,8169,1.3734028244788163
Apparel,CS600759XL,4878,4713,791,1,3922,0.8321663483980479
Apparel,CS600759XXL,384,291,0,0,291,1
Apparel,CS600762XL,878,836,727,1,109,0.1303827751196172
Apparel,CS600763S,-16,-15,0,0,-15,1
Apparel,CS600786L,-365,-347,-408,-1,61,-0.17579250720461095
Apparel,CS600786S,488,465,428,1,37,0.07956989247311828
Apparel,CS600786XL,-380,-362,-371,-1,9,-0.024861878453038673
Apparel,CS600786XXL,488,465,363,1,102,0.21935483870967742
Apparel,CS600787M,19,18,0,0,18,1
Apparel,CS600787S,19,18,0,0,18,1
Apparel,CS600787XL,309,295,0,0,295,1
Apparel,CS600788M,288,274,0,0,274,1
Apparel,CS600789M,250,238,0,0,238,1
Apparel,CS600789XL,406,387,0,0,387,1
Apparel,CS600790L,64,61,0,0,61,1
Apparel,CS600791M,292,279,0,0,279,1
Apparel,CS600792L,247,235,0,0,235,1
Apparel,CS600792S,38,36,0,0,36,1
Apparel,CS600793M,264,251,0,0,251,1
Apparel,CS600794S,126,120,0,0,120,1
Apparel,CS600794XL,-418,-398,-408,-1,10,-0.02512562814070352
Apparel,CS600795L,373,355,363,1,-8,-0.022535211267605635
Apparel,CS600795S,328,313,0,0,313,1
Apparel,CS600795XL,401,382,0,0,382,1
Apparel,CS600796S,59,56,0,0,56,1
Apparel,CS600797L,-15,-14,0,0,-14,1
Apparel,CS600797M,495,472,419,1,53,0.11228813559322035
Apparel,CS600797XL,145,138,0,0,138,1
Apparel,CS600798L,53,50,0,0,50,1
Apparel,CS600811L,11746,11186,8800,22,2386,0.21330234221348113
Apparel,CS600811M,95632,85386,409961,39,-324575,-3.8012671866582344
Apparel,CS600811S,50560,48152,12800,32,35352,0.7341751121448745
Apparel,CS600811XS,14155,13481,6400,16,7081,0.5252577701950893
Apparel,CS600818M,537,480,0,0,480,1
Apparel,CS600818S,543,485,0,0,485,1
Apparel,CS600818XXL,18,17,0,0,17,1
Apparel,CS600820L,22,20,0,0,20,1
Apparel,CS600821L,-2733,-2603,-2304,-3,-299,0.11486746062235882
Apparel,CS600821XL,120,114,0,0,114,1
Apparel,CS600821XXL,120,114,0,0,114,1
Apparel,CS600824L,925,826,0,0,826,1
Apparel,CS600825M,932,888,666,1,222,0.25
Apparel,CS600825S,-697,-664,-780,-1,116,-0.1746987951807229
Apparel,CS600826L,3474,3102,3438,6,-336,-0.10831721470019343
Apparel,CS600826M,45,43,0,0,43,1
Apparel,CS600826XL,3492,3117,2725,5,392,0.1257619505935194
Apparel,CS600826XXL,93,89,0,0,89,1
Apparel,CS600828L,438,417,0,0,417,1
Apparel,CS600830M,525,500,435,1,65,0.13
Apparel,CS600831L,440,419,0,0,419,1
Apparel,CS600831M,769,732,426,1,306,0.4180327868852459
Apparel,CS600831XL,576,548,426,1,122,0.22262773722627738
Apparel,CS600832L,66,63,0,0,63,1
Apparel,CS600832XL,7,6,0,0,6,1
Apparel,CS600832XXL,440,419,0,0,419,1
Apparel,CS600833XL,205,196,0,0,196,1
Apparel,CS600834L,521,496,435,1,61,0.12298387096774194
Apparel,CS600835L,59,56,0,0,56,1
Apparel,CS600835M,597,569,0,0,569,1
Apparel,CS600835S,1802,1716,1014,2,702,0.4090909090909091
Apparel,CS600835XL,400,381,0,0,381,1
Apparel,CS600836L,482,459,0,0,459,1
Apparel,CS600837L,-471,-449,-333,-1,-116,0.2583518930957684
Apparel,CS600838XL,263,250,0,0,250,1
Apparel,CS600838XXL,63,60,0,0,60,1
Apparel,CS600841M,237,226,469,1,-243,-1.075221238938053
Apparel,CS600841S,52,50,0,0,50,1
Apparel,CS600841XL,680,648,469,1,179,0.2762345679012346
Apparel,CS600846L,604668,569875,416652,636,153223,0.2688712436937925
Apparel,CS600846M,601518,568204,414683,633,153521,0.27018641192247855
Apparel,CS600846S,273590,257134,199775,305,57359,0.22307046131588976
Apparel,CS600846XL,430083,405032,299375,457,105657,0.260860870252227
Apparel,CS600846XS,48018,45631,23518,36,22113,0.4846047643049681
Apparel,CS600846XXL,232717,219368,164405,251,54963,0.25055158455198573
Apparel,CS600846XXXL,40918,36601,28003,50,8598,0.23491161443676403
Apparel,CS600847L,117,112,0,0,112,1
Apparel,CS600847S,2023,1807,1606,2,201,0.11123408965135584
Apparel,CS600848L,90103,82605,35040,48,47565,0.5758126021427274
Apparel,CS600848M,33396,29970,5928,8,24042,0.8022022022022022
Apparel,CS600848S,11987,11416,756,1,10660,0.9337771548703574
Apparel,CS600848XL,17497,14957,-10794,-14,25751,1.7216687838470282
Apparel,CS600848XS,3058,2730,1434,2,1296,0.4747252747252747
Apparel,CS600848XXL,-1202,-1073,-5019,-7,3946,-3.6775396085740915
Apparel,CS600848XXXL,682,650,792,1,-142,-0.21846153846153846
Apparel,CS600849L,-4613,-4394,-2864,-4,-1530,0.34820209376422395
Apparel,CS600849M,-8774,-8351,-7150,-10,-1201,0.1438151119626392
Apparel,CS600849S,102,215,0,0,215,1
Apparel,CS600849XL,-1816,-1730,-1430,-2,-300,0.17341040462427745
Apparel,CS600849XS,-1426,-1358,-2145,-3,787,-0.5795287187039765
Apparel,CS600849XXL,816,729,0,0,729,1
Apparel,CS600850L,2354,2100,1628,2,472,0.22476190476190477
Apparel,CS600850M,56,53,0,0,53,1
Apparel,CS600850XL,119,113,0,0,113,1
Apparel,CS600850XXL,-2097,-1871,-810,-1,-1061,0.567076429716729
Apparel,CS600851L,355231,331529,202641,306,128888,0.3887684033674279
Apparel,CS600851M,309740,288839,190656,288,98183,0.3399229328449413
Apparel,CS600851S,138698,129187,97142,135,32045,0.24805127450904502
Apparel,CS600851XL,244675,221713,142330,215,79383,0.35804395772913633
Apparel,CS600851XS,46465,41762,27884,42,13878,0.3323116708969877
Apparel,CS600851XXL,112633,104059,60242,91,43817,0.4210784266617976
Apparel,CS600851XXXL,37743,33859,27229,36,6630,0.19581204406509348
Apparel,CS600852L,596219,548837,286665,435,262172,0.47768645335500337
Apparel,CS600852M,578967,538350,301278,454,237072,0.44036779047088326
Apparel,CS600852S,206529,190898,111371,169,79527,0.4165942021393624
Apparel,CS600852XL,303578,273836,148921,215,124915,0.45616719496340874
Apparel,CS600852XS,63174,59598,40858,62,18740,0.31444008188194233
Apparel,CS600852XXL,175843,158652,77103,117,81549,0.5140117994100295
Apparel,CS600852XXXL,77719,71037,51703,68,19334,0.27216802511367316
Apparel,CS600853L,548659,505907,243365,406,262542,0.5189530882158183
Apparel,CS600853M,640698,593325,309080,511,284245,0.4790713352715628
Apparel,CS600853S,260911,246833,137801,228,109032,0.44172375654794943
Apparel,CS600853XL,257799,241415,112587,187,128828,0.5336370979433755
Apparel,CS600853XS,22039,20638,19325,25,1313,0.06362050586297122
Apparel,CS600853XXL,56493,53690,5960,10,47730,0.8889923635686348
Apparel,CS600853XXXL,50196,46718,36780,48,9938,0.21272314739500836
Apparel,CS600854L,359251,336853,281576,411,55277,0.16409828619605585
Apparel,CS600854M,368127,348052,345925,505,2127,0.0061111558043051035
Apparel,CS600854S,206003,192304,190022,277,2282,0.011866627839254514
Apparel,CS600854XL,237084,223848,137000,200,86848,0.3879775561988492
Apparel,CS600854XS,70711,67354,41785,61,25569,0.37962110639308727
Apparel,CS600854XXL,90184,86616,40415,59,46201,0.5334002955574028
Apparel,CS600854XXXL,69328,65813,16560,30,49253,0.7483779800343398
Apparel,CS600855L,1952,1859,1654,2,205,0.11027434104357181
Apparel,CS600855M,-1296,-1234,-1656,-2,422,-0.3419773095623987
Apparel,CS600855S,-2586,-2463,-2481,-3,18,-0.007308160779537149
Apparel,CS600855XL,1022,974,827,1,147,0.15092402464065707
Apparel,CS600855XS,-1635,-1557,-1610,-2,53,-0.0340398201669878
Apparel,CS600855XXL,2637,2412,1656,2,756,0.31343283582089554
Apparel,CS600856L,8640,9708,-27698,-35,37406,3.853110836423568
Apparel,CS600856M,34445,32571,6331,8,26240,0.8056246354118695
Apparel,CS600856S,51478,46163,28487,36,17676,0.38290405736195654
Apparel,CS600856XL,-8395,-8683,-34584,-44,25901,-2.982955199815732
Apparel,CS600856XS,-1805,-1719,-1580,-2,-139,0.08086096567771961
Apparel,CS600856XXL,-26998,-25832,-35609,-45,9777,-0.3784840507897182
Apparel,CS600856XXXL,-3080,-2933,-4932,-6,1999,-0.6815547221275144
Apparel,CS600857L,-7414,-6566,613,1,-7179,1.0933597319524826
Apparel,CS600857M,-2284,-2206,5316,6,-7522,3.4097914777878513
Apparel,CS600857S,1931,1839,886,1,953,0.5182164219684611
Apparel,CS600857XL,2987,2845,1839,3,1006,0.35360281195079085
Apparel,CS600857XS,-8519,-8113,0,0,-8113,1
Apparel,CS600857XXL,-1323,-1140,-1226,-2,86,-0.07543859649122807
Apparel,CS600858L,168630,160600,128534,192,32066,0.19966376089663762
Apparel,CS600858M,174730,166415,176019,206,-9604,-0.05771114382717904
Apparel,CS600858S,74946,66356,56234,84,10122,0.15254084031587195
Apparel,CS600858XL,91223,86884,62259,93,24625,0.2834238755121772
Apparel,CS600858XS,44053,41905,30712,39,11193,0.26710416418088534
Apparel,CS600858XXL,44808,39727,32781,49,6946,0.17484330556045008
Apparel,CS600858XXXL,18559,17675,16254,21,1421,0.0803960396039604
Apparel,CS600859L,-255,-243,0,0,-243,1
Apparel,CS600859S,1749,1561,854,1,707,0.452914798206278
Apparel,CS600859XXL,567,540,801,1,-261,-0.48333333333333334
Apparel,CS600860L,-2440,-2317,-1784,-2,-533,0.2300388433318947
Apparel,CS600860M,1995,1764,1784,2,-20,-0.011337868480725623
Apparel,CS600860S,-1350,-1139,-890,-1,-249,0.218612818261633
Apparel,CS600860XL,109,104,0,0,104,1
Apparel,CS600861M,-112,-101,-890,-1,789,-7.811881188118812
Apparel,CS600861S,-940,-839,-892,-1,53,-0.0631704410011919
Apparel,CS600873S,503,479,413,1,66,0.13778705636743216
Apparel,CS600876L,238,227,0,0,227,1
Apparel,CS600876XL,-91,-87,0,0,-87,1
Apparel,CS600877L,88,84,0,0,84,1
Apparel,CS600877XL,532,506,0,0,506,1
Apparel,CS600878L,-691,-658,-565,-1,-93,0.1413373860182371
Apparel,CS600878M,-670,-638,-548,-1,-90,0.14106583072100312
Apparel,CS600878XL,620,591,525,1,66,0.1116751269035533
Apparel,CS600879L,368,350,0,0,350,1
Apparel,CS600879M,222,211,0,0,211,1
Apparel,CS600881L,320,304,0,0,304,1
Apparel,CS600881M,350,333,0,0,333,1
Apparel,CS600883L,-407,-387,-344,-1,-43,0.1111111111111111
Apparel,CS600883S,368,351,0,0,351,1
Apparel,CS600885L,1118,998,887,1,111,0.11122244488977956
Apparel,CS600885M,67,0,0,0,0,NaN
Apparel,CS600885S,-3133,-2918,-2583,-3,-335,0.11480466072652502
Apparel,CS600886L,3302,3145,1766,2,1379,0.4384737678855326
Apparel,CS600886M,3985,3692,5252,6,-1560,-0.4225352112676056
Apparel,CS600886XL,-5036,-4797,-1722,-2,-3075,0.6410256410256411
Apparel,CS600886XS,-658,-627,0,0,-627,1
Apparel,CS600887L,36997,33141,9892,11,23249,0.7015177574605473
Apparel,CS600887M,-5409,-4797,-22569,-26,17772,-3.7048155096935584
Apparel,CS600887S,-13804,-12320,-19725,-25,7405,-0.6010551948051948
Apparel,CS600887XL,-206,-107,-19965,-23,19858,-185.58878504672896
Apparel,CS600887XS,-40606,-37653,-40263,-50,2610,-0.06931718588160306
Apparel,CS600887XXL,11094,9975,0,0,9975,1
Apparel,CS600887XXXL,187,204,-1634,-2,1838,9.009803921568627
Apparel,CS600888L,-253,-99,0,0,-99,1
Apparel,CS600888M,-4428,-4218,-3808,-4,-410,0.09720246562351825
Apparel,CS600888S,-31,-28,0,0,-28,1
Apparel,CS600888XL,892,797,0,0,797,1
Apparel,CS600888XXL,-250,-238,0,0,-238,1
Apparel,CS600889L,624,557,0,0,557,1
Apparel,CS600889M,1228,1169,981,1,188,0.16082121471343028
Apparel,CS600889S,153,146,0,0,146,1
Apparel,CS600889XL,760,724,0,0,724,1
Apparel,CS600889XXL,852,812,0,0,812,1
Apparel,CS600890L,3722,3324,2943,3,381,0.11462093862815885
Apparel,CS600890S,-877,-835,-981,-1,146,-0.17485029940119762
Apparel,CS600890XL,1264,1128,981,1,147,0.13031914893617022
Apparel,CS600890XXL,-3491,-3117,-2943,-3,-174,0.05582290664100096
Apparel,CS600891L,-1748,-1582,-1962,-2,380,-0.2402022756005057
Apparel,CS600891M,3230,3076,1962,2,1114,0.3621586475942783
Apparel,CS600891S,-3725,-3326,-2943,-3,-383,0.11515333734215273
Apparel,CS600891XL,-6349,-5669,-5886,-6,217,-0.03827835597107074
Apparel,CS600891XXL,-2723,-2572,-2943,-3,371,-0.1442457231726283
Apparel,CS600892L,-2092,-1992,-994,-1,-998,0.501004016064257
Apparel,CS600892M,-5467,-5206,-4747,-5,-459,0.08816749903956973
Apparel,CS600892XL,-6877,-6406,-4747,-5,-1659,0.25897596003746487
Apparel,CS600892XS,148,141,0,0,141,1
Apparel,CS600893L,1276,1309,2430,2,-1121,-0.8563789152024446
Apparel,CS600893M,-1347,-1203,-1215,-1,12,-0.00997506234413965
Apparel,CS600893S,-9229,-8241,-7290,-6,-951,0.11539861667273389
Apparel,CS600893XL,-5031,-4509,-1215,-1,-3294,0.7305389221556886
Apparel,CS600893XXL,-146,-45,0,0,-45,1
Apparel,CS600894L,-8794,-8376,-7428,-6,-948,0.11318051575931232
Apparel,CS600894M,65,58,0,0,58,1
Apparel,CS600894S,-4497,-4015,-3714,-3,-301,0.07496886674968867
Apparel,CS600895L,1275,1214,2880,5,-1666,-1.3723228995057661
Apparel,CS600895M,3953,3765,5184,9,-1419,-0.37689243027888447
Apparel,CS600895S,17248,16934,17281,30,-347,-0.020491319239400025
Apparel,CS600895XL,6172,5879,6912,12,-1033,-0.1757101547882293
Apparel,CS600895XXL,683,651,1152,2,-501,-0.7695852534562212
Apparel,CS600896L,47900,43066,57936,102,-14870,-0.34528398272419075
Apparel,CS600896M,37354,33364,45214,74,-11850,-0.35517324061863087
Apparel,CS600896S,14854,12429,14200,25,-1771,-0.14248933944806502
Apparel,CS600896XL,22669,20204,27192,45,-6988,-0.34587210453375566
Apparel,CS600896XXL,9894,9101,14676,25,-5575,-0.6125700472475553
Apparel,CS600898L,4752,4526,4032,7,494,0.10914714980114892
Apparel,CS600898M,6131,5839,4608,8,1231,0.21082377119369755
Apparel,CS600898S,-3179,-3028,-2880,-5,-148,0.0488771466314399
Apparel,CS600898XL,7805,7394,7488,13,-94,-0.01271301054909386
Apparel,CS600899L,8608,8199,7155,14,1044,0.12733260153677278
Apparel,CS600899M,7779,7409,6647,13,762,0.1028478877041436
Apparel,CS600899S,5863,5584,5114,10,470,0.08416905444126074
Apparel,CS600899XL,4815,4586,4088,8,498,0.10859136502398604
Apparel,CS600899XXL,650,581,511,1,70,0.12048192771084337
Apparel,CS600900L,18012,17154,12701,25,4453,0.2595896000932727
Apparel,CS600900M,4850,4619,5081,10,-462,-0.10002164970772895
Apparel,CS600900S,2801,2505,2032,4,473,0.18882235528942115
Apparel,CS600900XL,-4598,-4019,-508,-1,-3511,0.8736003981089824
Apparel,CS600900XXL,944,899,508,1,391,0.43492769744160176
Apparel,CS600901M,-814,-769,-604,-1,-165,0.21456436931079323
Apparel,CS600902L,-482,-459,-540,-1,81,-0.17647058823529413
Apparel,CS600902M,-1229,-1171,-540,-1,-631,0.5388556789069172
Apparel,CS600902XL,-5950,-5542,-4896,-9,-646,0.1165644171779141
Apparel,CS600903L,382,363,0,0,363,1
Apparel,CS600903XXL,686,653,525,1,128,0.19601837672281777
Apparel,CS600904L,82,78,0,0,78,1
Apparel,CS600904M,-1910,-1779,-1569,-3,-210,0.11804384485666104
Apparel,CS600904XXL,775,656,545,1,111,0.16920731707317074
Apparel,CS600905L,1737,1654,1454,2,200,0.12091898428053205
Apparel,CS600906XL,739,704,0,0,704,1
Apparel,CS600908L,-7374,-7121,-4030,-10,-3091,0.43406824884145484
Apparel,CS600908M,7696,7330,7666,19,-336,-0.04583901773533424
Apparel,CS600908XL,-1237,-1178,-810,-2,-368,0.31239388794567063
Apparel,CS600908XXL,-409,-389,-399,-1,10,-0.02570694087403599
Apparel,CS600909L,-831,-791,-457,-1,-334,0.4222503160556258
Apparel,CS600909M,5330,5343,5628,14,-285,-0.05334081976417743
Apparel,CS600909S,479,457,0,0,457,1
Apparel,CS600909XL,363,345,0,0,345,1
Apparel,CS600910L,-1340,-1276,-802,-2,-474,0.3714733542319749
Apparel,CS600910M,680,648,1596,4,-948,-1.462962962962963
Apparel,CS600910XL,-276,-263,0,0,-263,1
Apparel,CS600910XXL,-421,-401,0,0,-401,1
Apparel,CS600911L,-1707,-1625,-399,-1,-1226,0.7544615384615385
Apparel,CS600911M,2154,1958,1596,4,362,0.18488253319713993
Apparel,CS600911S,63,60,0,0,60,1
Apparel,CS600912L,76,72,0,0,72,1
Apparel,CS600912M,-1537,-1464,-1464,-3,0,0
Apparel,CS600913L,1637,1520,6832,14,-5312,-3.4947368421052634
Apparel,CS600913XL,479,456,0,0,456,1
Apparel,CS600913XXL,217,206,0,0,206,1
Apparel,CS600914L,-1538,-1465,-1782,-3,317,-0.21638225255972696
Apparel,CS600915L,86,82,0,0,82,1
Apparel,CS600917L,74,71,0,0,71,1
Apparel,CS600918M,653,583,518,1,65,0.11149228130360206
Apparel,CS600918S,-463,-441,-518,-1,77,-0.1746031746031746
Apparel,CS600920XXL,75,71,0,0,71,1
Apparel,CS600921S,-429,-409,-480,-1,71,-0.17359413202933985
Apparel,CS600922L,585,557,480,1,77,0.13824057450628366
Apparel,CS600922M,-429,-409,-480,-1,71,-0.17359413202933985
Apparel,CS600922S,75,71,0,0,71,1
Apparel,CS600922XL,-757,-721,-960,-2,239,-0.3314840499306519
Apparel,CS600923L,-1029,-980,-980,-2,0,0
Apparel,CS600923M,12,12,0,0,12,1
Apparel,CS600923S,-883,-841,-980,-2,139,-0.16527942925089179
Apparel,CS600923XL,70,67,0,0,67,1
Apparel,CS600924L,882,840,513,1,327,0.3892857142857143
Apparel,CS600925L,374,356,0,0,356,1
Apparel,CS600925S,1756,1672,1440,3,232,0.13875598086124402
Apparel,CS600926L,68040,65711,72114,85,-6403,-0.09744182861316979
Apparel,CS600926M,79840,77314,80652,94,-3338,-0.04317458675013581
Apparel,CS600926S,32741,30863,40723,48,-9860,-0.31947639568415254
Apparel,CS600926XL,37388,36418,39875,47,-3457,-0.0949255862485584
Apparel,CS600926XXL,45657,42312,42042,49,270,0.006381168462847419
Apparel,CS600927L,4189,3990,6120,17,-2130,-0.5338345864661654
Apparel,CS600927M,6624,5909,3285,9,2624,0.44406837028261975
Apparel,CS600927S,883,841,754,2,87,0.10344827586206896
Apparel,CS600927XL,9566,8644,11190,30,-2546,-0.2945395650161962
Apparel,CS600927XXL,56,53,0,0,53,1
Apparel,CS600928L,218202,206297,91794,274,114503,0.5550395788596053
Apparel,CS600928M,200910,191342,87104,260,104238,0.5447732332681795
Apparel,CS600928S,79338,75560,40201,120,35359,0.46795923769190045
Apparel,CS600928XL,131397,125140,54607,163,70533,0.5636327313408982
Apparel,CS600928XXL,41473,39498,18091,54,21407,0.541976808952352
Apparel,CS600929L,1677,1597,1350,3,247,0.15466499686912963
Apparel,CS600929M,-950,-905,0,0,-905,1
Apparel,CS600929S,-3422,-3055,-2700,-6,-355,0.11620294599018004
Apparel,CS600929XL,672,640,450,1,190,0.296875
Apparel,CS600930L,-25219,-24018,-19458,-46,-4560,0.18985760679490382
Apparel,CS600930M,-7346,-6643,-4922,-11,-1721,0.25906969742586183
Apparel,CS600930S,-1955,-1934,-964,-2,-970,0.5015511892450879
Apparel,CS600930XL,-5204,-4956,3920,8,-8876,1.7909604519774012
Apparel,CS600930XXL,-10620,-10114,-8330,-17,-1784,0.1763891635356931
Apparel,CS600931L,82381,74680,86013,171,-11333,-0.15175415104445636
Apparel,CS600931M,130864,125700,119714,238,5986,0.04762132060461416
Apparel,CS600931S,104254,92935,90596,180,2339,0.025168128261688277
Apparel,CS600931XL,35676,34907,42084,84,-7177,-0.20560346062394363
Apparel,CS600931XS,760,723,2040,4,-1317,-1.8215767634854771
Apparel,CS600931XXL,8832,7886,6972,14,914,0.1159015977681968
Apparel,CS600932L,-18622,-16942,-13110,-23,-3832,0.2261834494156534
Apparel,CS600932M,-11024,-10042,-8341,-19,-1701,0.16938856801433977
Apparel,CS600932S,-212,-202,1470,3,-1672,8.277227722772277
Apparel,CS600932XL,-5089,-4555,-2940,-6,-1615,0.3545554335894621
Apparel,CS600932XXL,-4015,-3823,-2970,-6,-853,0.22312320167407795
Apparel,CS600933L,-1169,-1114,852,2,-1966,1.7648114901256733
Apparel,CS600933M,-1610,-1533,-831,-2,-702,0.45792563600782776
Apparel,CS600933S,3963,3774,3265,8,509,0.134870164281929
Apparel,CS600933XL,-1382,-1316,-1302,-3,-14,0.010638297872340425
Apparel,CS600933XXL,-3078,-2748,-2346,-6,-402,0.1462882096069869
Apparel,CS600934L,1688,1607,834,2,773,0.48102053515868076
Apparel,CS600934M,1337,1273,1078,2,195,0.15318146111547526
Apparel,CS600934S,-148,-141,0,0,-141,1
Apparel,CS600934XL,-31,-7,0,0,-7,1
Apparel,CS600934XXL,-1580,-1411,-1272,-3,-139,0.09851169383416017
Apparel,CS600937L,86002,82462,84262,99,-1800,-0.021828236035992335
Apparel,CS600937M,60900,59572,72802,89,-13230,-0.22208420063116902
Apparel,CS600937S,22184,21562,25265,31,-3703,-0.17173731564789907
Apparel,CS600937XL,45718,43888,44996,55,-1108,-0.025246080933284724
Apparel,CS600937XXL,41658,39674,36786,45,2888,0.07279326511065182
Apparel,CS600938L,88777,83546,70970,94,12576,0.1505278529193498
Apparel,CS600938M,96546,91543,82175,110,9368,0.10233442207487192
Apparel,CS600938S,61498,58569,52293,70,6276,0.1071556625518619
Apparel,CS600938XL,37128,34312,29133,39,5179,0.1509384471904873
Apparel,CS600938XXL,37352,34627,29835,39,4792,0.1383891183180755
Apparel,CS600939L,27041,27323,25034,30,2289,0.0837755736924935
Apparel,CS600939M,30980,30962,30132,37,830,0.026807053807893548
Apparel,CS600939S,11774,10576,6515,8,4061,0.383982602118003
Apparel,CS600939XL,1407,1531,4886,6,-3355,-2.1913781841933377
Apparel,CS600939XXL,-9766,-9106,-6515,-8,-2591,0.2845376674719965
Apparel,CS600940L,71679,69291,90579,109,-21288,-0.30722604667272807
Apparel,CS600940M,58142,60034,85823,104,-25789,-0.42957324182962986
Apparel,CS600940S,37349,35907,43162,53,-7255,-0.20204973960509093
Apparel,CS600940XL,34323,33810,45008,53,-11198,-0.331203785862171
Apparel,CS600940XXL,28737,27823,30131,37,-2308,-0.08295295259317831
Apparel,CS600941L,67626,61198,57102,93,4096,0.0669302918396026
Apparel,CS600941M,74377,66729,62014,101,4715,0.07065893389680648
Apparel,CS600941S,32554,29281,26404,43,2877,0.0982548410231891
Apparel,CS600941XL,87774,80928,73066,119,7862,0.09714808224594701
Apparel,CS600941XXL,34237,30576,27632,45,2944,0.09628466771323914
Apparel,CS600942L,766,729,0,0,729,1
Apparel,CS600942M,1702,1621,741,1,880,0.5428747686613201
Apparel,CS600942XL,3319,3161,2118,3,1043,0.3299588737741221
Apparel,CS600942XXL,110,105,0,0,105,1
Apparel,CS600946S,-2517,-2398,-2121,-3,-277,0.11551292743953294
Apparel,CS600946XL,657,626,0,0,626,1
Apparel,CS600946XXL,-632,-602,-707,-1,105,-0.1744186046511628
Apparel,CS600948L,-2096,-1952,-1728,-3,-224,0.11475409836065574
Apparel,CS600948M,-2096,-1952,-1728,-3,-224,0.11475409836065574
Apparel,CS600948XL,-1210,-1152,-1152,-2,0,0
Apparel,CS600949L,236,225,0,0,225,1
Apparel,CS600949M,-1849,-1761,-1761,-3,0,0
Apparel,CS600949S,333,317,0,0,317,1
Apparel,CS600949XL,-2176,-2072,-1833,-3,-239,0.11534749034749035
Apparel,CS600950L,807,769,662,1,107,0.13914174252275682
Apparel,CS600950M,1667,1588,1396,2,192,0.12090680100755667
Apparel,CS600950S,1601,1525,1324,2,201,0.1318032786885246
Apparel,CS600951L,830,791,0,0,791,1
Apparel,CS600951M,643,613,0,0,613,1
Apparel,CS600952L,-1493,-1333,-1242,-2,-91,0.06826706676669167
Apparel,CS600952M,-1673,-1493,-1208,-2,-285,0.19089082384460818
Apparel,CS600952XL,-1254,-1194,-1208,-2,14,-0.011725293132328308
Apparel,CS600952XXL,464,442,1208,2,-766,-1.7330316742081449
Apparel,CS600953L,-5021,-4782,-4228,-7,-554,0.11585110832287746
Apparel,CS600953M,564,537,0,0,537,1
Apparel,CS600953S,1995,1900,1208,2,692,0.3642105263157895
Apparel,CS600953XL,1415,1348,604,1,744,0.5519287833827893
Apparel,CS600953XXL,-1375,-1310,-1208,-2,-102,0.07786259541984733
Apparel,CS600954L,-73102,-66260,-49773,-77,-16487,0.24882281919710234
Apparel,CS600954M,-22849,-21761,-19388,-30,-2373,0.10904829741280272
Apparel,CS600954S,-38139,-34314,-27795,-43,-6519,0.18998076586815876
Apparel,CS600954XL,-24673,-23498,-19392,-30,-4106,0.17473827559792324
Apparel,CS600954XS,-19208,-17307,-20038,-31,2731,-0.15779742300803143
Apparel,CS600954XXL,-4703,-4275,-3232,-5,-1043,0.2439766081871345
Apparel,CS600958L,55308,52675,66240,96,-13565,-0.25752254390128143
Apparel,CS600958S,261,249,777,1,-528,-2.1204819277108435
Apparel,CS600959L,-20120,-19162,-706,-1,-18456,0.9631562467383363
Apparel,CS600959M,-594,-566,706,1,-1272,2.2473498233215548
Apparel,CS600960L,438,418,-712,-1,1130,2.7033492822966507
Apparel,CS600960M,4542,4326,3696,6,630,0.14563106796116504
Apparel,CS600960S,1727,1645,1430,2,215,0.13069908814589665
Apparel,CS600961L,5977,5693,13986,19,-8293,-1.4567012120147549
Apparel,CS600961M,586,558,0,0,558,1
Apparel,CS600961S,866,825,738,1,87,0.10545454545454545
Apparel,CS600962L,4937,4702,4074,6,628,0.13356018715440238
Apparel,CS600962M,937,892,776,1,116,0.13004484304932734
Apparel,CS600962S,989,883,776,1,107,0.12117780294450736
Apparel,CS600963L,9720,10238,-14638,-18,24876,2.4297714397343233
Apparel,CS600963M,10250,8801,-4087,-5,12888,1.4643790478354732
Apparel,CS600963S,33867,32254,19449,24,12805,0.39700502263285176
Apparel,CS600963XL,22656,24260,-3160,-4,27420,1.1302555647155812
Apparel,CS600963XS,-15049,-13163,-28440,-36,15277,-1.1606016865456203
Apparel,CS600963XXL,-5996,-5353,-18170,-23,12817,-2.394358303754904
Apparel,CS600964L,344665,322119,189492,452,132627,0.4117329309975506
Apparel,CS600964M,351263,327997,212130,506,115867,0.3532562797830468
Apparel,CS600964S,163837,151569,100615,240,50954,0.3361769227216647
Apparel,CS600964XL,180475,167773,101454,242,66319,0.3952900645515071
Apparel,CS600964XS,93657,85916,48211,115,37705,0.4388588854229713
Apparel,CS600964XXL,54338,48597,45123,80,3474,0.07148589419099945
Apparel,CS600965L,445245,417228,215743,514,201485,0.4829134190418668
Apparel,CS600965M,467631,438516,237262,566,201254,0.4589433452827263
Apparel,CS600965S,275183,256209,139107,332,117102,0.4570565436811353
Apparel,CS600965XL,391157,364194,190251,454,173943,0.4776108337863886
Apparel,CS600965XS,127774,116602,62885,150,53717,0.46068678067271573
Apparel,CS600965XXL,161724,149006,131976,216,17030,0.11429069970336765
Apparel,CS600966600968M,217,194,1032,0,-838,-4.319587628865979
Apparel,CS600966600968S,3065,2736,2342,1,394,0.1440058479532164
Apparel,CS600966L,26414,25156,9795,15,15361,0.6106296708538719
Apparel,CS600966M,372,354,-1959,-3,2313,6.533898305084746
Apparel,CS600966S,-1439,-1371,0,0,-1371,1
Apparel,CS600967L,6666,6349,5616,8,733,0.11545125216569538
Apparel,CS600967M,942,897,701,1,196,0.21850613154960982
Apparel,CS600967S,-2272,-2117,-1854,-3,-263,0.12423240434577232
Apparel,CS600968L,191810,171580,154560,210,17020,0.09919571045576407
Apparel,CS600968M,190046,170697,165256,227,5441,0.03187519405730622
Apparel,CS600968S,109219,98012,97284,132,728,0.0074276619189487005
Apparel,CS600968XL,104833,93657,87360,120,6297,0.0672346968192447
Apparel,CS600968XS,40432,36190,32760,45,3430,0.09477756286266925
Apparel,CS600968XXL,52668,47025,41496,57,5529,0.11757575757575757
Apparel,CS600969L,4588,4369,4208,8,161,0.03685053788052186
Apparel,CS600969M,3348,3189,2615,5,574,0.17999372844151773
Apparel,CS600969S,-1541,-1467,-1290,-2,-177,0.12065439672801637
Apparel,CS600969XL,2824,2690,1929,3,761,0.2828996282527881
Apparel,CS600970L,196128,186744,75881,181,110863,0.5936629824786874
Apparel,CS600970M,223513,210478,98100,234,112378,0.5339180341888463
Apparel,CS600970S,93439,89005,33958,81,55047,0.6184708724228976
Apparel,CS600970XL,130851,122095,49050,117,73045,0.5982636471599984
Apparel,CS600970XS,23057,20985,636,1,20349,0.9696926375982845
Apparel,CS600970XXL,15361,13705,4642,8,9063,0.6612914994527544
Apparel,CS600971L,854,813,-2058,-3,2871,3.5313653136531364
Apparel,CS600971M,648,617,0,0,617,1
Apparel,CS600972L,883,841,661,1,180,0.2140309155766944
Apparel,CS600972M,103,99,0,0,99,1
Apparel,CS600973L,44782,40020,32383,47,7637,0.1908295852073963
Apparel,CS600973M,26993,25641,6196,9,19445,0.7583557583557583
Apparel,CS600973S,14753,14051,11713,17,2338,0.16639385097146112
Apparel,CS600973XL,48038,45755,55063,79,-9308,-0.20343131898153208
Apparel,CS600973XS,31407,29912,43349,67,-13437,-0.44921770526878846
Apparel,CS600973XXL,26583,25317,31365,45,-6048,-0.2388908638464273
Apparel,CS600974L,-27483,-26263,-52050,-75,25787,-0.9818756425389331
Apparel,CS600974M,48190,44773,-1388,-2,46161,1.0310008263909052
Apparel,CS600974S,29967,27212,3470,5,23742,0.8724827282081434
Apparel,CS600974XL,-1573,1426,-51391,-83,52817,37.03856942496494
Apparel,CS600974XS,1549,1443,-12546,-18,13989,9.694386694386694
Apparel,CS600974XXL,12496,11157,3235,5,7922,0.7100475038092677
Apparel,CS600975600977L,2641,2515,1761,2,754,0.2998011928429423
Apparel,CS600975L,3129,2980,4655,7,-1675,-0.5620805369127517
Apparel,CS600975M,10696,10186,8632,13,1554,0.15256234046730807
Apparel,CS600975S,2183,2079,2007,3,72,0.03463203463203463
Apparel,CS600975XL,-1992,-1898,-1695,-3,-203,0.10695468914646997
Apparel,CS600976600978M,28761,25679,54802,16,-29123,-1.1341173721718136
Apparel,CS600976600978S,10330,9415,5165,5,4250,0.4514073287307488
Apparel,CS600976600978XL,21611,19453,28230,15,-8777,-0.45119004780753613
Apparel,CS600976L,43786,41644,58861,96,-17217,-0.41343290750168094
Apparel,CS600976M,7703,7336,0,0,7336,1
Apparel,CS600976S,-5714,-5435,-4301,-7,-1134,0.20864765409383626
Apparel,CS600976XL,70643,67279,80287,142,-13008,-0.193344134128034
Apparel,CS600976XS,21571,20544,25944,47,-5400,-0.2628504672897196
Apparel,CS600976XXL,-29336,-27939,-16500,-30,-11439,0.4094276817352088
Apparel,CS600977L,342359,318909,111557,264,207352,0.6501917474890956
Apparel,CS600977M,403639,375693,143697,341,231996,0.6175148325893748
Apparel,CS600977S,186846,171736,69402,165,102334,0.5958797223645595
Apparel,CS600977XL,176272,166216,44463,105,121753,0.7324986764210425
Apparel,CS600977XS,86239,82041,28693,68,53348,0.6502602357357906
Apparel,CS600977XXL,70166,63675,46713,69,16962,0.2663839811542992
Apparel,CS600978L,313215,292631,143796,343,148835,0.5086098191920884
Apparel,CS600978M,263690,251075,130800,312,120275,0.47904012745195657
Apparel,CS600978S,145303,134357,70431,168,63926,0.475792106105376
Apparel,CS600978XL,138932,135805,54081,129,81724,0.6017746032914841
Apparel,CS600978XS,51684,47765,10481,25,37284,0.7805715482047524
Apparel,CS600978XXL,56482,50211,50244,79,-33,-0.0006572265041524765
Apparel,CS600992L,990,943,748,2,195,0.2067868504772004
Apparel,CS600992M,-383,-365,-374,-1,9,-0.024657534246575342
Apparel,CS600992XL,-978,-932,-1192,-3,260,-0.27896995708154504
Apparel,CS600992XXL,563,537,374,1,163,0.30353817504655495
Apparel,CS600993L,-1113,-999,-748,-2,-251,0.25125125125125125
Apparel,CS600993S,-643,-654,-374,-1,-280,0.42813455657492355
Apparel,CS600993XL,-192,-183,374,1,-557,3.0437158469945356
Apparel,CS600993XXL,1065,1015,1122,3,-107,-0.10541871921182266
Apparel,CS600994L,-878,-888,0,0,-888,1
Apparel,CS600994M,-974,-927,-1122,-3,195,-0.21035598705501618
Apparel,CS600994S,58,56,0,0,56,1
Apparel,CS600994XL,104,99,0,0,99,1
Apparel,CS600994XXL,-1746,-1663,-374,-1,-1289,0.7751052315093205
Apparel,CS600995XXL,72,69,0,0,69,1
Apparel,CS600996L,-476,-454,-465,-1,11,-0.024229074889867842
Apparel,CS600996XL,-223,-212,-424,-1,212,-1
Apparel,CS600996XXL,-415,-396,-465,-1,69,-0.17424242424242425
Apparel,CS600997L,1134,1045,930,2,115,0.11004784688995216
Apparel,CS600997M,-605,-541,-484,-1,-57,0.10536044362292052
Apparel,CS600997XL,996,949,0,0,949,1
Apparel,CS600998L,1103,1050,500,1,550,0.5238095238095238
Apparel,CS600998M,-3157,-2819,-2000,-4,-819,0.2905285562256119
Apparel,CS600998S,1156,1101,500,1,601,0.5458673932788374
Apparel,CS600998XL,-1899,-1695,-1500,-3,-195,0.11504424778761062
Apparel,CS600999L,-3224,-2879,-2550,-5,-329,0.11427579020493227
Apparel,CS600999M,-3874,-3459,-3060,-6,-399,0.11535125758889853
Apparel,CS600999XL,-1670,-1491,-1530,-3,39,-0.026156941649899398
Apparel,CS600999XXL,80,76,0,0,76,1
Apparel,CS601000L,-2358,-2245,-2550,-5,305,-0.1358574610244989
Apparel,CS601000M,-2142,-2040,-2550,-5,510,-0.25
Apparel,CS601000S,-771,-734,-1020,-2,286,-0.3896457765667575
Apparel,CS601000XL,-523,-498,-510,-1,12,-0.024096385542168676
Apparel,CS601000XXL,37,35,0,0,35,1
Apparel,CS601001L,-2318,-2208,-2500,-5,292,-0.1322463768115942
Apparel,CS601001M,935,890,454,1,436,0.4898876404494382
Apparel,CS601001S,-3685,-3510,-3500,-7,-10,0.002849002849002849
Apparel,CS601001XL,-3400,-3238,-3000,-6,-238,0.07350216182828907
Apparel,CS601001XXL,12,11,-500,-1,511,46.45454545454545
Apparel,CS601002L,104594,102186,104602,119,-2416,-0.02364316051122463
Apparel,CS601002M,70978,69150,89816,103,-20666,-0.29885755603759945
Apparel,CS601002S,66196,63222,64528,74,-1306,-0.020657366106734996
Apparel,CS601002XL,80345,77355,79352,91,-1997,-0.02581604291900976
Apparel,CS601002XXL,41453,39841,36624,42,3217,0.08074596521171658
Apparel,CS601003L,71282,69559,80631,93,-11072,-0.15917422619646632
Apparel,CS601003M,86873,84169,96707,110,-12538,-0.1489622069883211
Apparel,CS601003S,19881,19292,26877,31,-7585,-0.39316815260211485
Apparel,CS601003XL,31117,30351,31212,36,-861,-0.02836809330829297
Apparel,CS601003XXL,26490,25706,26010,30,-304,-0.01182603283280168
Apparel,CS601004L,37901,39236,48070,55,-8834,-0.22515037210724845
Apparel,CS601004M,30056,30684,40749,47,-10065,-0.3280211184982401
Apparel,CS601004S,12706,11585,19941,23,-8356,-0.7212775140267588
Apparel,CS601004XL,35617,33547,31212,36,2335,0.06960383938951321
Apparel,CS601004XXL,8666,8711,8670,10,41,0.004706692687406727
Apparel,CS601005L,9241,8419,7227,9,1192,0.141584511224611
Apparel,CS601005M,5336,5082,3940,5,1142,0.2247146792601338
Apparel,CS601005XL,-2928,-2669,-1576,-2,-1093,0.4095166729112027
Apparel,CS601006L,-3467,-3302,-2968,-4,-334,0.10115081768625075
Apparel,CS601006M,-3246,-3092,-2969,-4,-123,0.03978007761966365
Apparel,CS601006S,-1668,-1589,-1484,-2,-105,0.06607929515418502
Apparel,CS601006XL,156,148,773,1,-625,-4.222972972972973
Apparel,CS601006XXL,887,845,742,1,103,0.12189349112426036
Apparel,CS601007L,239,228,742,1,-514,-2.254385964912281
Apparel,CS601007M,-756,-720,0,0,-720,1
Apparel,CS601007XL,826,787,0,0,787,1
Apparel,CS601007XXL,463,441,0,0,441,1
Apparel,CS601008L,877,835,742,1,93,0.11137724550898204
Apparel,CS601008M,-746,-710,0,0,-710,1
Apparel,CS601008XL,-761,-725,-742,-1,17,-0.023448275862068966
Apparel,CS601009XXL,-746,-710,0,0,-710,1
Apparel,CS601010L,-3384,-3223,-2256,-3,-967,0.30003102699348433
Apparel,CS601010M,-2742,-2611,-2256,-3,-355,0.13596323247797779
Apparel,CS601010S,-2679,-2552,-2256,-3,-296,0.11598746081504702
Apparel,CS601010XL,9,8,0,0,8,1
Apparel,CS601010XXL,729,694,0,0,694,1
Apparel,CS601011L,79105,76619,59400,72,17219,0.22473537895300122
Apparel,CS601011M,53224,52484,41700,50,10784,0.2054721438914717
Apparel,CS601011S,8117,8069,2493,3,5576,0.691039781881274
Apparel,CS601011XL,6210,6340,6793,8,-453,-0.07145110410094638
Apparel,CS601011XXL,32198,31114,26656,32,4458,0.14327955261297165
Apparel,CS601012L,-5151,-4906,-1850,-2,-3056,0.62291072156543
Apparel,CS601012M,-2069,-1847,-2256,-3,409,-0.2214401732539253
Apparel,CS601012S,-2066,-1968,-1808,-2,-160,0.08130081300813008
Apparel,CS601012XL,-1458,-1389,-752,-1,-637,0.4586033117350612
Apparel,CS601012XXL,9,8,0,0,8,1
Apparel,CS601013L,-7602,-6740,-5264,-7,-1476,0.21899109792284865
Apparel,CS601013M,-6899,-6061,-5264,-7,-797,0.1314964527305725
Apparel,CS601013S,-4637,-4352,-4512,-6,160,-0.03676470588235294
Apparel,CS601013XL,-3541,-3372,-3184,-4,-188,0.05575326215895611
Apparel,CS601013XXL,-1106,-1053,-752,-1,-301,0.2858499525166192
Apparel,CS601014M,-998,-951,-888,-2,-63,0.06624605678233439
Apparel,CS601014S,-482,-459,-467,-1,8,-0.017429193899782137
Apparel,CS601014XL,-1195,-1138,-1332,-3,194,-0.1704745166959578
Apparel,CS601015L,-198,-189,-444,-1,255,-1.3492063492063493
Apparel,CS601015M,-3236,-3014,-2664,-6,-350,0.11612475116124751
Apparel,CS601015S,-1513,-1441,-1332,-3,-109,0.07564191533657183
Apparel,CS601015XXL,-456,-434,-444,-1,10,-0.02304147465437788
Apparel,CS601016L,-4821,-4591,-4522,-7,-69,0.015029405358309737
Apparel,CS601016M,-3801,-3620,-642,-1,-2978,0.8226519337016575
Apparel,CS601016S,956,910,1276,2,-366,-0.4021978021978022
Apparel,CS601016XL,-2233,-2126,-1905,-3,-221,0.1039510818438382
Apparel,CS601016XS,298,220,1292,2,-1072,-4.872727272727273
Apparel,CS601016XXL,-2290,-2181,-1890,-3,-291,0.13342503438789546
Apparel,CS601017L,-937,-892,-1208,-2,316,-0.3542600896860987
Apparel,CS601017M,-2690,-2562,-2416,-4,-146,0.05698672911787666
Apparel,CS601017S,-619,-590,-604,-1,14,-0.023728813559322035
Apparel,CS601017XL,-1349,-1284,-1208,-2,-76,0.059190031152647975
Apparel,CS601017XS,-619,-590,-604,-1,14,-0.023728813559322035
Apparel,CS601017XXL,-1489,-1418,-969,-2,-449,0.3166431593794076
Apparel,CS601018L,-635,-605,-604,-1,-1,0.001652892561983471
Apparel,CS601018S,94,90,0,0,90,1
Apparel,CS601018XL,542,516,604,1,-88,-0.17054263565891473
Apparel,CS601018XXL,671,639,0,0,639,1
Apparel,CS601019L,-12967,-12350,-5171,-8,-7179,0.5812955465587044
Apparel,CS601019M,-33266,-29964,-27149,-42,-2815,0.09394606861567215
Apparel,CS601019S,-3135,-2978,-1939,-3,-1039,0.34889187374076563
Apparel,CS601019XL,-11011,-10486,-8403,-13,-2083,0.19864581346557314
Apparel,CS601019XS,-1687,-1606,-646,-1,-960,0.597758405977584
Apparel,CS601019XXL,915,815,1293,2,-478,-0.5865030674846625
Apparel,CS601033L,107,102,0,0,102,1
Apparel,CS601033S,1026,978,858,2,120,0.12269938650306748
Apparel,CS601034S,-440,-419,-429,-1,10,-0.02386634844868735
Apparel,CS601034XXL,26,24,0,0,24,1
Apparel,CS601035XL,-11,-11,0,0,-11,1
Apparel,CS601035XXL,-465,-443,-451,-1,8,-0.01805869074492099
Apparel,CS601042L,2084,1861,1636,2,225,0.12090274046211714
Apparel,CS601042M,2669,2273,818,1,1455,0.6401231852177739
Apparel,CS601042S,-1351,-1308,-1636,-2,328,-0.25076452599388377
Apparel,CS601042XL,1544,1379,818,1,561,0.406816533720087
Apparel,CS601042XS,831,792,0,0,792,1
Apparel,CS601042XXL,959,857,0,0,857,1
Apparel,CS601043L,57640,51190,33676,38,17514,0.3421371361594061
Apparel,CS601043M,10649,8793,-34562,-39,43355,4.930626634823155
Apparel,CS601043S,5408,5060,-2659,-3,7719,1.525494071146245
Apparel,CS601043XL,79787,71434,23928,27,47506,0.6650334574572333
Apparel,CS601043XS,8011,7143,3545,4,3598,0.503709925801484
Apparel,CS601043XXL,7878,7883,4431,5,3452,0.4379043511353546
Apparel,CS601043XXXL,9204,8361,4960,5,3401,0.4067695251764143
Apparel,CS601044L,22384,20522,31902,39,-11380,-0.5545268492349673
Apparel,CS601044M,7671,6906,12270,15,-5364,-0.7767158992180713
Apparel,CS601044S,-583,-521,0,0,-521,1
Apparel,CS601044XL,-923,-1115,1636,2,-2751,2.4672645739910313
Apparel,CS601044XXL,-585,-522,0,0,-522,1
Apparel,CS601045L,5794,5173,2781,3,2392,0.4624009278948386
Apparel,CS601045M,18821,16805,6490,7,10315,0.6138054150550432
Apparel,CS601045S,1748,1561,-927,-1,2488,1.5938500960922486
Apparel,CS601045XL,4708,4203,0,0,4203,1
Apparel,CS601045XS,-1729,-1609,-927,-1,-682,0.4238657551274083
Apparel,CS601045XXL,-8965,-8005,-4636,-5,-3369,0.4208619612742036
Apparel,CS601046L,-31343,-28656,-20826,-20,-7830,0.27324120603015073
Apparel,CS601046M,4018,3629,5207,5,-1578,-0.4348305318269496
Apparel,CS601046S,15,-131,0,0,-131,1
Apparel,CS601046XL,-16273,-14529,-12496,-12,-2033,0.13992704246679055
Apparel,CS601046XS,-7238,-6535,-6084,-6,-451,0.06901300688599847
Apparel,CS601046XXL,-653,-584,0,0,-584,1
Apparel,CS601047L,1576,1407,2082,2,-675,-0.47974413646055436
Apparel,CS601047M,1836,1622,991,1,631,0.38902589395807646
Apparel,CS601047S,155,148,0,0,148,1
Apparel,CS601047XL,2215,1978,2082,2,-104,-0.0525783619817998
Apparel,CS601047XS,-1876,-1787,0,0,-1787,1
Apparel,CS601047XXL,-515,-491,984,1,-1475,3.0040733197556007
Apparel,CS601048L,96436,86750,25596,27,61154,0.7049452449567724
Apparel,CS601048M,65958,59980,18960,20,41020,0.683894631543848
Apparel,CS601048S,34909,31389,13272,14,18117,0.5771767179585205
Apparel,CS601048XL,97176,89244,48348,51,40896,0.4582492940701896
Apparel,CS601048XS,-2613,-2465,-2761,-3,296,-0.12008113590263692
Apparel,CS601048XXL,33842,30237,10428,11,19809,0.6551245163210636
Apparel,CS601048XXXL,2580,2304,888,1,1416,0.6145833333333334
Apparel,CS601049XS,213,190,0,0,190,1
Apparel,CS601050XL,2147,2032,1636,2,396,0.19488188976377951
Apparel,CS601051L,677,645,666,1,-21,-0.03255813953488372
Apparel,CS601051M,-2616,-2468,-1998,-3,-470,0.19043760129659643
Apparel,CS601051S,1754,1670,837,1,833,0.49880239520958086
Apparel,CS601051XL,628,598,0,0,598,1
Apparel,CS601052601045M,12864,11486,17052,6,-5566,-0.48458993557374197
Apparel,CS601052L,17003,16733,846,1,15887,0.9494412239287635
Apparel,CS601052M,75317,71903,49934,59,21969,0.3055366257318888
Apparel,CS601052S,15231,13779,7617,9,6162,0.44720226431526233
Apparel,CS601052XL,-4181,-3777,-11002,-13,7225,-1.91289383108287
Apparel,CS601052XS,1650,1571,846,1,725,0.4614894971355824
Apparel,CS601052XXL,-7084,-6482,-11065,-12,4583,-0.707034865782166
Apparel,CS601053L,7881,7406,6300,8,1106,0.14933837429111532
Apparel,CS601053M,4142,3756,3148,4,608,0.16187433439829607
Apparel,CS601053S,2072,1906,787,1,1119,0.587093389296957
Apparel,CS601053XL,199,177,0,0,177,1
Apparel,CS601054600713L,0,0,0,0,0,NaN
Apparel,CS601054600713M,9428,8534,6492,4,2042,0.23927818139207874
Apparel,CS601054L,19532,18602,28309,37,-9707,-0.5218256101494463
Apparel,CS601054M,8655,7785,2295,3,5490,0.7052023121387283
Apparel,CS601054S,4179,3980,2295,3,1685,0.42336683417085424
Apparel,CS601054XL,1337,1273,-2295,-3,3568,2.802827965435978
Apparel,CS601054XS,1216,1159,765,1,394,0.3399482312338223
Apparel,CS601054XXL,3103,2955,3825,5,-870,-0.29441624365482233
Apparel,CS601054XXXL,-1024,-975,0,0,-975,1
Apparel,CS601055L,3768,3589,2418,3,1171,0.326274728336584
Apparel,CS601055M,7980,7131,5642,7,1489,0.2088066189875193
Apparel,CS601055S,4725,4500,4030,5,470,0.10444444444444445
Apparel,CS601056600718M,1475,1317,747,0,570,0.4328018223234624
Apparel,CS601056L,15757,15007,13702,17,1305,0.08695941893782902
Apparel,CS601056M,2657,2531,1612,2,919,0.3630975898854208
Apparel,CS601056S,120,114,0,0,114,1
Apparel,CS601056XL,120,114,0,0,114,1
Apparel,CS601057L,-21915,-19795,29369,43,-49164,2.483657489264966
Apparel,CS601057M,45792,47937,99188,137,-51251,-1.0691324029455327
Apparel,CS601057S,48946,46615,58644,81,-12029,-0.25804998391075834
Apparel,CS601057XL,1384,3153,16652,23,-13499,-4.2813193783698065
Apparel,CS601057XS,9118,9161,9562,14,-401,-0.04377251391769457
Apparel,CS601057XXL,35043,34517,31132,43,3385,0.0980676188544775
Apparel,CS601079M,-1079,-1028,-909,-3,-119,0.11575875486381323
Apparel,CS601079S,-1079,-1028,-909,-3,-119,0.11575875486381323
Apparel,CS601080L,-319,-304,-303,-1,-1,0.003289473684210526
Apparel,CS601080M,-3034,-2752,-2424,-8,-328,0.11918604651162791
Apparel,CS601080XL,-734,-676,-606,-2,-70,0.10355029585798817
Apparel,CS601080XXL,47,45,0,0,45,1
Apparel,CS601081L,-735,-700,-646,-2,-54,0.07714285714285714
Apparel,CS601081M,-790,-728,-646,-2,-82,0.11263736263736264
Apparel,CS601081XL,432,412,323,1,89,0.21601941747572814
Apparel,CS601082L,-1815,-1620,-1415,-5,-205,0.12654320987654322
Apparel,CS601082M,99,94,0,0,94,1
Apparel,CS601082S,-908,-865,-849,-3,-16,0.018497109826589597
Apparel,CS601082XL,-2810,-2509,-2264,-8,-245,0.09764846552411319
Apparel,CS601083S,-567,-540,-283,-1,-257,0.4759259259259259
Apparel,CS601084L,2928,2614,1592,2,1022,0.3909716908951798
Apparel,CS601084M,5103,4556,3980,5,576,0.1264266900790167
Apparel,CS601084S,1873,1783,796,1,987,0.5535614133482895
Apparel,CS601084XL,2203,2037,796,1,1241,0.6092292587137947
Apparel,CS601086XXL,328,312,0,0,312,1
Apparel,CS601091L,13333,12771,6215,11,6556,0.5133505598621878
Apparel,CS601091M,30091,27951,15820,28,12131,0.4340095166541448
Apparel,CS601091S,32330,30139,21590,38,8549,0.2836524104980258
Apparel,CS601091XS,-1052,-563,-2276,-4,1713,-3.0426287744227354
Apparel,CS601092L,32851,29515,2976,5,26539,0.8991699136032526
Apparel,CS601092M,45462,44974,-7738,-13,52712,1.1720549650909415
Apparel,CS601092S,10051,11488,-23214,-39,34702,3.0207172701949863
Apparel,CS601092XS,-12480,-11885,-22618,-38,10733,-0.9030710980227177
Apparel,CS601101M,462,440,379,1,61,0.13863636363636364
Apparel,CS601101XL,-1349,-1284,-1137,-3,-147,0.11448598130841121
Apparel,CS601105L,27278,24574,20212,62,4362,0.1775046797428176
Apparel,CS601105M,23721,21488,16300,50,5188,0.24143708116157855
Apparel,CS601105S,11673,10346,10106,31,240,0.023197370964624008
Apparel,CS601105XL,17781,15947,15974,49,-27,-0.0016931084216467048
Apparel,CS601105XS,1867,1778,1580,5,198,0.11136107986501688
Apparel,CS601105XXL,8670,8257,7498,23,759,0.09192200557103064
Apparel,CS601106L,-1212,-1082,-954,-3,-128,0.11829944547134935
Apparel,CS601106M,444,397,636,2,-239,-0.6020151133501259
Apparel,CS601106S,-3625,-3237,-2862,-9,-375,0.11584800741427248
Apparel,CS601106XL,-2417,-2158,-1908,-6,-250,0.11584800741427248
Apparel,CS601107L,-3048,-2640,3411,7,-6051,2.2920454545454545
Apparel,CS601107M,-10831,-9568,-968,-2,-8600,0.8988294314381271
Apparel,CS601107S,-6527,-5905,-2766,-6,-3139,0.5315834038950042
Apparel,CS601107XL,-8151,-7163,-6270,-13,-893,0.1246684350132626
Apparel,CS601107XXL,-5363,-4761,-2437,-5,-2324,0.4881327452215921
Apparel,CS601108L,-15888,-14220,-3896,-8,-10324,0.7260196905766526
Apparel,CS601108M,-2623,-2091,3899,8,-5990,2.8646580583452894
Apparel,CS601108S,-5972,-5415,-1462,-3,-3953,0.7300092336103416
Apparel,CS601108XL,-6192,-5230,-2435,-5,-2795,0.5344168260038241
Apparel,CS601108XXL,-3636,-3261,-974,-2,-2287,0.7013186139221098
Apparel,CS601109L,-5524,-4932,-4365,-9,-567,0.11496350364963503
Apparel,CS601109M,-3452,-3288,-2910,-6,-378,0.11496350364963503
Apparel,CS601110L,9196,8211,7296,19,915,0.11143587869930581
Apparel,CS601110M,967,864,768,2,96,0.1111111111111111
Apparel,CS601110XL,-1462,-1306,-1152,-3,-154,0.11791730474732007
Apparel,CS601119L,77971,73046,141113,256,-68067,-0.9318374722777428
Apparel,CS601119M,193659,177874,219635,369,-41761,-0.23477855110921214
Apparel,CS601119S,113455,110405,138686,233,-28281,-0.25615687695303657
Apparel,CS601119XS,-55390,-52753,-15979,-29,-36774,0.6970977953860444
Apparel,CS601120L,9315,8367,11448,18,-3081,-0.3682323413409824
Apparel,CS601120M,5738,5105,3816,6,1289,0.2524975514201763
Apparel,CS601120S,14261,13911,12720,20,1191,0.085615699805909
Apparel,CS601120XL,1038,1050,4452,7,-3402,-3.24
Apparel,CS601121M,69,65,0,0,65,1
Apparel,CS601122L,0,0,0,0,0,NaN
Apparel,CS601122XXL,471,449,399,1,50,0.111358574610245
Apparel,CS601123L,-1358,-1294,-1197,-3,-97,0.07496136012364761
Apparel,CS601123M,-1850,-1762,-1596,-4,-166,0.094211123723042
Apparel,CS601123S,-1515,-1353,-1197,-3,-156,0.11529933481152993
Apparel,CS601123XL,-1458,-1388,-1224,-3,-164,0.11815561959654179
Apparel,CS601124L,-357,-340,-399,-1,59,-0.17352941176470588
Apparel,CS601124S,-287,-274,-333,-1,59,-0.21532846715328466
Apparel,CS601124XL,385,366,333,1,33,0.09016393442622951
Apparel,CS601125L,-7109,-6770,-6360,-12,-410,0.060561299852289516
Apparel,CS601125M,1381,1233,1060,2,173,0.14030819140308193
Apparel,CS601125S,384,366,0,0,366,1
Apparel,CS601126L,-1153,-1590,3905,11,-5495,3.4559748427672954
Apparel,CS601126M,-5769,-5494,-1420,-4,-4074,0.7415362213323626
Apparel,CS601126S,-1726,-1644,-355,-1,-1289,0.7840632603406326
Apparel,CS601126XL,6720,6098,8520,24,-2422,-0.397179403082978
Apparel,CS601126XXL,-1095,-1042,355,1,-1397,1.3406909788867563
Apparel,CS601127L,-1381,-1233,-1092,-3,-141,0.11435523114355231
Apparel,CS601127M,-1353,-1233,-1092,-3,-141,0.11435523114355231
Apparel,CS601127S,468,445,788,2,-343,-0.7707865168539326
Apparel,CS601127XL,-606,-578,-364,-1,-214,0.370242214532872
Apparel,CS601128L,-889,-819,-728,-2,-91,0.1111111111111111
Apparel,CS601128XL,-903,-860,-1092,-3,232,-0.26976744186046514
Apparel,CS601129L,4498,4291,3231,9,1060,0.24702866464693546
Apparel,CS601129M,3954,3766,4667,13,-901,-0.23924588422729687
Apparel,CS601129S,2274,2166,1795,5,371,0.17128347183748846
Apparel,CS601129XL,7365,6986,3231,9,3755,0.5375035785857429
Apparel,CS601129XXL,-859,-818,-718,-2,-100,0.12224938875305623
Apparel,CS601142L,-2599,-2480,-2272,-3,-208,0.08387096774193549
Apparel,CS601142M,1271,1225,2272,3,-1047,-0.8546938775510204
Apparel,CS601142XL,-914,-871,-757,-1,-114,0.13088404133180254
Apparel,CS601143L,981,938,0,0,938,1
Apparel,CS601143M,895,799,757,1,42,0.052565707133917394
Apparel,CS601143S,728,650,0,0,650,1
Apparel,CS601168L,39716,36996,36219,44,777,0.02100227051573143
Apparel,CS601168M,14196,13149,19756,24,-6607,-0.5024716708494943
Apparel,CS601168S,4544,4057,7407,9,-3350,-0.8257333004683264
Apparel,CS601168XL,23582,21348,23048,28,-1700,-0.07963275248266817
Apparel,CS601168XXL,5925,5643,6584,8,-941,-0.1667552720184299
Apparel,CS601169L,7274,6990,7407,9,-417,-0.05965665236051502
Apparel,CS601169M,7560,7200,9055,11,-1855,-0.25763888888888886
Apparel,CS601169S,-4964,-4603,-3292,-4,-1311,0.28481425157505974
Apparel,CS601169XL,-3148,-2812,-2469,-3,-343,0.12197724039829302
Apparel,CS601169XXL,-242,-231,0,0,-231,1
Apparel,CS601170L,-15186,-13595,-9055,-11,-4540,0.33394630378815743
Apparel,CS601170M,-4489,-4276,-1646,-2,-2630,0.6150608044901777
Apparel,CS601170S,-2956,-2753,-2469,-3,-284,0.10316018888485289
Apparel,CS601170XL,1057,829,823,1,6,0.007237635705669481
Apparel,CS601170XXL,1037,926,823,1,103,0.11123110151187905
Apparel,CS601171L,3477,3105,4115,5,-1010,-0.3252818035426731
Apparel,CS601171M,3111,2778,2268,3,510,0.183585313174946
Apparel,CS601171S,-3126,-2791,-2469,-3,-322,0.11537083482622716
Apparel,CS601171XL,-4760,-4552,-2469,-3,-2083,0.4576010544815466
Apparel,CS601171XXL,1037,926,823,1,103,0.11123110151187905
Apparel,CS601172L,42712,40694,39196,42,1498,0.03681132353663931
Apparel,CS601172M,47477,43443,31730,34,11713,0.2696176599221969
Apparel,CS601172S,-21380,-19412,-8399,-9,-11013,0.5673294869153102
Apparel,CS601172XL,64444,59545,54128,58,5417,0.09097321353598119
Apparel,CS601172XXL,17242,16511,22398,24,-5887,-0.35655017866876626
Apparel,CS601173L,-8400,-7802,-5214,-6,-2588,0.3317098179953858
Apparel,CS601173M,4610,4390,4345,5,45,0.010250569476082005
Apparel,CS601173S,23,22,0,0,22,1
Apparel,CS601173XL,7160,6819,6952,8,-133,-0.019504326147528964
Apparel,CS601173XXL,-1941,-1849,-1738,-2,-111,0.060032449972958354
Apparel,CS601174L,127,121,0,0,121,1
Apparel,CS601174M,-3062,-2734,-2409,-3,-325,0.1188734455010973
Apparel,CS601174S,-4096,-3657,-3212,-4,-445,0.12168444079846868
Apparel,CS601174XL,-5098,-4551,-4015,-5,-536,0.11777631289826412
Apparel,CS601174XXL,-3050,-2723,-2409,-3,-314,0.11531399192067572
Apparel,CS601175L,44382,44311,6969,8,37342,0.8427252826611902
Apparel,CS601175M,-4709,-2620,-14809,-17,12189,-4.652290076335878
Apparel,CS601175S,3972,3783,4356,5,-573,-0.1514670896114195
Apparel,CS601175XL,-1534,-644,-11325,-13,10681,-16.585403726708076
Apparel,CS601175XXL,19630,18348,16551,19,1797,0.09793982995421845
Apparel,CS601176M,527,502,646,1,-144,-0.2868525896414343
Apparel,CS601176S,-2135,-1997,-1292,-2,-705,0.3530295443164747
Apparel,CS601176XL,-1755,-1671,-2584,-4,913,-0.5463794135248354
Apparel,CS601176XXL,-6552,-6240,-2584,-4,-3656,0.5858974358974359
Apparel,CS601177L,1414,1347,646,1,701,0.520415738678545
Apparel,CS601177M,-4066,-3872,-2584,-4,-1288,0.33264462809917356
Apparel,CS601177S,-8487,-7887,-5818,-9,-2069,0.2623304171421326
Apparel,CS601177XL,-3730,-3552,-1292,-2,-2260,0.6362612612612613
Apparel,CS601177XXL,-2866,-2729,-646,-1,-2083,0.7632832539391718
Apparel,CS601178L,-11394,-10852,-9636,-12,-1216,0.11205307777368227
Apparel,CS601178M,-4895,-4540,-4015,-5,-525,0.11563876651982379
Apparel,CS601178S,-6136,-5843,-5621,-7,-222,0.03799418107136745
Apparel,CS601178XL,-939,-894,-803,-1,-91,0.1017897091722595
Apparel,CS601178XXL,-1920,-1829,-1606,-2,-223,0.12192454893384364
Apparel,CS601179L,764,727,0,0,727,1
Apparel,CS601179M,336,320,667,1,-347,-1.084375
Apparel,CS601179S,-21631,-20601,-15341,-23,-5260,0.25532741129071407
Apparel,CS601179XL,6505,6196,5336,8,860,0.13879922530664945
Apparel,CS601179XXL,1058,1008,4669,7,-3661,-3.6319444444444446
Apparel,CS601182L,5538,5274,3162,9,2112,0.4004550625711035
Apparel,CS601182M,10527,9765,5270,15,4495,0.4603174603174603
Apparel,CS601182S,-3239,-3085,-1757,-5,-1328,0.43047001620745545
Apparel,CS601182XL,8931,8506,5265,15,3241,0.3810251587114978
Apparel,CS601182XXL,293,279,351,1,-72,-0.25806451612903225
Apparel,CS601183L,441,394,350,1,44,0.1116751269035533
Apparel,CS601183M,441,394,350,1,44,0.1116751269035533
Apparel,CS601183S,-2662,-2377,-2100,-6,-277,0.11653344551956248
Apparel,CS601183XL,678,646,350,1,296,0.4582043343653251
Apparel,CS601183XXL,55,52,0,0,52,1
Apparel,CS601184L,5069,4827,1405,4,3422,0.7089289413714522
Apparel,CS601184M,5210,4962,2808,8,2154,0.43409915356711004
Apparel,CS601184S,1737,1654,1404,4,250,0.15114873035066506
Apparel,CS601184XL,1525,1452,-351,-1,1803,1.2417355371900827
Apparel,CS601184XXL,-551,-525,351,1,-876,1.6685714285714286
Apparel,CS601185L,22748,20108,24241,69,-4133,-0.2055400835488363
Apparel,CS601185M,29651,28239,25200,80,3039,0.10761712525231064
Apparel,CS601185S,13382,12745,11242,32,1503,0.117928599450765
Apparel,CS601185XL,21113,20108,15750,50,4358,0.21672965983688083
Apparel,CS601185XS,1764,1575,1400,4,175,0.1111111111111111
Apparel,CS601185XXL,8726,8311,7371,21,940,0.11310311635182288
Apparel,CS601186L,-4123,-3681,-3222,-9,-459,0.12469437652811736
Apparel,CS601186M,-1828,-1633,-1432,-4,-201,0.12308634415186773
Apparel,CS601186XXL,478,455,358,1,97,0.21318681318681318
Apparel,CS601187L,1836,1749,1432,4,317,0.1812464265294454
Apparel,CS601187M,-860,-819,-716,-2,-103,0.12576312576312576
Apparel,CS601187S,-851,-810,-716,-2,-94,0.11604938271604938
Apparel,CS601187XL,108,102,0,0,102,1
Apparel,CS601187XXL,-427,-407,-358,-1,-49,0.12039312039312039
Apparel,CS601188L,277,264,0,0,264,1
Apparel,CS601188M,592,564,1074,3,-510,-0.9042553191489362
Apparel,CS601188XXL,267,255,0,0,255,1
Apparel,CS601189L,-1358,-1212,-1074,-3,-138,0.11386138613861387
Apparel,CS601189M,451,402,358,1,44,0.10945273631840796
Apparel,CS601189XL,901,805,716,2,89,0.11055900621118013
Apparel,CS601190L,446,399,359,1,40,0.10025062656641603
Apparel,CS601190M,56,53,0,0,53,1
Apparel,CS601190S,909,866,359,1,507,0.5854503464203233
Apparel,CS601190XL,446,425,359,1,66,0.15529411764705883
Apparel,CS601190XXL,1161,1105,718,2,387,0.3502262443438914
Apparel,CS601191L,-1370,-1223,-1077,-3,-146,0.11937857726901063
Apparel,CS601191M,-760,-724,-718,-2,-6,0.008287292817679558
Apparel,CS601191XL,-1366,-1219,-1077,-3,-142,0.11648892534864644
Apparel,CS601193L,61,58,0,0,58,1
Apparel,CS601194L,316,301,0,0,301,1
Apparel,CS601194XL,316,301,0,0,301,1
Apparel,CS601194XXL,61,58,0,0,58,1
Apparel,CS601195L,-1298,-1236,-1095,-3,-141,0.11407766990291263
Apparel,CS601195S,325,309,0,0,309,1
Apparel,CS601196L,-438,-417,-374,-1,-43,0.10311750599520383
Apparel,CS601200L,52600,48861,49020,57,-159,-0.0032541290599864925
Apparel,CS601200M,59951,54759,56760,66,-2001,-0.03654193831151044
Apparel,CS601200S,27845,25135,24940,29,195,0.0077581062263775615
Apparel,CS601200XL,50278,45398,45580,53,-182,-0.004008987180051985
Apparel,CS601200XXL,26475,24211,24080,28,131,0.0054107637024493
Apparel,CS601201L,49825,44604,46008,81,-1404,-0.031476997578692496
Apparel,CS601201M,60989,54574,60208,106,-5634,-0.10323597317403892
Apparel,CS601201S,22201,19905,19880,35,25,0.0012559658377292139
Apparel,CS601201XL,17399,15751,19880,35,-4129,-0.2621420862167481
Apparel,CS601201XXL,9830,8864,10792,19,-1928,-0.21750902527075813
Apparel,CS601206L,21584,19834,5227,8,14607,0.7364626399112635
Apparel,CS601206M,3219,3066,5200,8,-2134,-0.6960208741030659
Apparel,CS601206S,-2439,-2269,-2556,-4,287,-0.12648743940061702
Apparel,CS601206XL,12723,12117,3930,6,8187,0.6756622926466948
Apparel,CS601207L,50341,47944,58290,87,-10346,-0.2157934256632738
Apparel,CS601207M,9125,8691,7319,11,1372,0.15786445748475433
Apparel,CS601207S,2392,2278,2644,4,-366,-0.16066725197541704
Apparel,CS601207XL,7067,6730,5514,8,1216,0.18068350668647845
Apparel,CS601208L,22550,21212,31786,46,-10574,-0.4984914199509711
Apparel,CS601208M,8082,7698,6890,10,808,0.10496232787737074
Apparel,CS601208S,1786,1701,2620,4,-919,-0.540270429159318
Apparel,CS601208XL,18401,17525,39092,58,-21567,-1.230641940085592
Apparel,CS601209L,11847,11283,30195,45,-18912,-1.6761499601169902
Apparel,CS601209M,17294,16470,13186,19,3284,0.19939283545840922
Apparel,CS601209S,5455,5196,4831,7,365,0.07024634334103157
Apparel,CS601209XL,8432,8031,14828,22,-6797,-0.8463454115303201
Apparel,CS601210L,-19934,-18809,-11286,-7,-7523,0.3999681003774789
Apparel,CS601210M,-9647,-7887,4837,3,-12724,1.6132876886014962
Apparel,CS601210S,2935,3198,9674,6,-6476,-2.0250156347717323
Apparel,CS601210XL,8024,7041,13968,8,-6927,-0.9838091180230081
Apparel,CS601210XS,-13123,-10374,-12257,-7,1883,-0.1815114709851552
Apparel,CS601211L,55727,52770,27300,15,25470,0.4826606026151222
Apparel,CS601211M,28636,24713,12898,8,11815,0.4780884554687816
Apparel,CS601211S,7489,6687,17140,10,-10453,-1.56318229400329
Apparel,CS601211XL,24054,22832,22899,13,-67,-0.0029344779257182902
Apparel,CS601211XS,-3086,-2610,-7004,-4,4394,-1.6835249042145595
Apparel,CS601212M,-424,-404,-458,-1,54,-0.13366336633663367
Apparel,CS601212S,-41,-39,-440,-1,401,-10.282051282051283
Apparel,CS601212XL,3425,3262,2640,6,622,0.19068056407112202
Apparel,CS601212XXL,-2252,-2011,-1760,-4,-251,0.12481352560914968
Apparel,CS601213L,287,257,541,1,-284,-1.105058365758755
Apparel,CS601213M,-2008,-1830,-541,-1,-1289,0.7043715846994536
Apparel,CS601213S,598,570,0,0,570,1
Apparel,CS601213XL,682,609,541,1,68,0.1116584564860427
Apparel,CS601213XXL,426,406,0,0,406,1
Apparel,CS601214L,3097,2949,2532,4,417,0.14140386571719227
Apparel,CS601214M,-2348,-2096,-1998,-3,-98,0.046755725190839696
Apparel,CS601214XXL,1557,1483,1236,2,247,0.1665542818610924
Apparel,CS601215M,-2158,-2055,-1818,-3,-237,0.11532846715328467
Apparel,CS601216L,529,473,-440,-1,913,1.930232558139535
Apparel,CS601216M,-2555,-2281,-2200,-5,-81,0.03551074090311267
Apparel,CS601216S,-1499,-1428,-1320,-3,-108,0.07563025210084033
Apparel,CS601216XL,989,942,440,1,502,0.5329087048832272
Apparel,CS601216XS,-2194,-1959,-1728,-3,-231,0.11791730474732007
Apparel,CS601216XXL,458,436,0,0,436,1
Apparel,CS601217L,81335,76558,65390,161,11168,0.1458763290577079
Apparel,CS601217M,70119,65957,55890,138,10067,0.1526297436208439
Apparel,CS601217S,41912,39183,32157,81,7026,0.17931245693285353
Apparel,CS601217XL,46222,43236,39303,99,3933,0.09096586178184846
Apparel,CS601217XS,2600,2476,2200,5,276,0.11147011308562198
Apparel,CS601217XXL,17563,15942,14080,32,1862,0.11679839417889851
Apparel,CS601218L,1926,1834,1359,3,475,0.2589967284623773
Apparel,CS601218M,-713,-679,-440,-1,-239,0.35198821796759944
Apparel,CS601218S,589,561,440,1,121,0.21568627450980393
Apparel,CS601218XL,2612,2487,1832,4,655,0.26336952151186166
Apparel,CS601219L,1079,995,880,2,115,0.11557788944723618
Apparel,CS601219M,-548,-489,-457,-1,-32,0.065439672801636
Apparel,CS601219XL,730,695,440,1,255,0.3669064748201439
Apparel,CS601219XS,-1672,-1493,-1320,-3,-173,0.115874079035499
Apparel,CS601219XXL,69,65,0,0,65,1
Apparel,CS601221M,94,89,0,0,89,1
Apparel,CS601221XL,1402,1335,600,1,735,0.550561797752809
Apparel,CS601223L,570,543,0,0,543,1
Apparel,CS601223M,65,62,0,0,62,1
Apparel,CS601223S,-648,-617,-1032,-2,415,-0.6726094003241491
Apparel,CS601224L,703,669,1036,2,-367,-0.5485799701046338
Apparel,CS601224M,-2724,-2594,0,0,-2594,1
Apparel,CS601224XL,2309,2199,2072,4,127,0.057753524329240566
Apparel,CS601224XS,1313,1173,1036,2,137,0.11679454390451834
Apparel,CS601224XXL,-633,-603,-1036,-2,433,-0.7180762852404643
Apparel,CS601225L,6824,6499,586,1,5913,0.9098322818895215
Apparel,CS601225M,980,934,1173,2,-239,-0.2558886509635974
Apparel,CS601225S,1854,1766,1172,2,594,0.3363533408833522
Apparel,CS601225XL,-4015,-3824,-2932,-5,-892,0.23326359832635984
Apparel,CS601226L,-540,-514,0,0,-514,1
Apparel,CS601226M,-1379,-1231,-1094,-2,-137,0.11129163281884646
Apparel,CS601226S,689,615,547,1,68,0.11056910569105691
Apparel,CS601226XL,-157,-149,-547,-1,398,-2.6711409395973154
Apparel,CS601227L,4795,4281,2487,3,1794,0.41906096706377016
Apparel,CS601227M,1081,965,2484,3,-1519,-1.5740932642487047
Apparel,CS601227S,3838,3427,1658,2,1769,0.5161949226728917
Apparel,CS601227XL,-2047,-1950,0,0,-1950,1
Apparel,CS601227XS,-4266,-3809,-3312,-4,-497,0.13048044106064585
Apparel,CS601227XXL,216,206,0,0,206,1
Apparel,CS601227XXXL,1777,1692,1488,2,204,0.12056737588652482
Apparel,CS601228L,625745,588062,382485,544,205577,0.34958388741323193
Apparel,CS601228M,655325,618414,427497,608,190917,0.3087203717897719
Apparel,CS601228S,365749,343377,208791,297,134586,0.3919482085288182
Apparel,CS601228XL,363802,341422,216524,308,124898,0.36581708267188406
Apparel,CS601228XS,65301,61421,38720,55,22701,0.36959671773497665
Apparel,CS601228XXL,231056,218964,130758,186,88206,0.4028333424672549
Apparel,CS601228XXXL,48874,43662,34347,60,9315,0.21334341074618662
Apparel,CS601229L,944990,894327,383396,678,510931,0.5713022194342785
Apparel,CS601229M,905132,856164,372034,638,484130,0.5654640933279138
Apparel,CS601229S,352596,331639,147955,256,183684,0.5538673075241453
Apparel,CS601229XL,514193,485351,196040,344,289311,0.5960861314801041
Apparel,CS601229XS,79902,74272,37548,63,36724,0.4944528220594571
Apparel,CS601229XXL,217000,204514,93761,146,110753,0.5415423882961558
Apparel,CS601229XXXL,25579,24366,18171,23,6195,0.2542477222359025
Apparel,CS601230L,4346,3881,2775,3,1106,0.2849780984282401
Apparel,CS601230M,3008,2686,925,1,1761,0.6556217423678332
Apparel,CS601230S,1178,1052,1853,2,-801,-0.7614068441064639
Apparel,CS601230XL,-6943,-6875,-5556,-6,-1319,0.19185454545454544
Apparel,CS601230XS,1186,1129,829,1,300,0.2657218777679362
Apparel,CS601230XXL,9708,8600,10175,11,-1575,-0.18313953488372092
Apparel,CS601231L,2559,2437,1850,2,587,0.24086992203528929
Apparel,CS601231M,4550,4333,3700,4,633,0.1460881606277406
Apparel,CS601231S,-9078,-8456,-7461,-9,-995,0.11766792809839167
Apparel,CS601231XL,-902,-712,2775,3,-3487,4.897471910112359
Apparel,CS601231XS,-9,-8,1656,2,-1664,208
Apparel,CS601231XXL,-512,-899,3700,4,-4599,5.115684093437152
Apparel,CS601232L,15884,15128,5556,6,9572,0.6327340031729244
Apparel,CS601232M,8385,7600,5803,7,1797,0.23644736842105263
Apparel,CS601232S,-2115,-1888,-1658,-2,-230,0.12182203389830508
Apparel,CS601232XL,3741,3563,3708,4,-145,-0.0406960426606792
Apparel,CS601232XS,107,102,0,0,102,1
Apparel,CS601232XXL,-2413,-2298,-3316,-4,1018,-0.44299390774586594
Apparel,CS601233L,30300,28562,-848,-1,29410,1.0296897976332189
Apparel,CS601233M,-1446,-1916,-21200,-25,19284,-10.064718162839249
Apparel,CS601233S,3440,3621,-11024,-13,14645,4.0444628555647615
Apparel,CS601233XL,6777,6375,-9328,-11,15703,2.4632156862745096
Apparel,CS601233XS,-1577,-1502,-1696,-2,194,-0.12916111850865514
Apparel,CS601233XXL,-20822,-18755,-31376,-37,12621,-0.6729405491868835
Apparel,CS601233XXXL,1497,1515,-801,-1,2316,1.5287128712871287
Apparel,CS601234L,-1848,-1634,0,0,-1634,1
Apparel,CS601234M,4071,3877,5508,6,-1631,-0.4206860974980655
Apparel,CS601234S,1605,1375,2754,3,-1379,-1.002909090909091
Apparel,CS601234XL,5570,5305,3672,4,1633,0.30782280867106504
Apparel,CS601234XS,2102,2002,5505,6,-3503,-1.7497502497502497
Apparel,CS601234XXL,1625,1547,2754,3,-1207,-0.7802197802197802
Apparel,CS601236L,164581,153736,56925,99,96811,0.629722381224957
Apparel,CS601236M,161308,144233,54050,94,90183,0.6252591293254665
Apparel,CS601236S,173250,160584,75325,131,85259,0.5309308523887809
Apparel,CS601236XL,150572,143311,56350,98,86961,0.6067991989449519
Apparel,CS601236XS,53801,51084,18975,33,32109,0.6285529715762274
Apparel,CS601236XXL,79491,75169,28175,49,46994,0.6251779323923425
Apparel,CS601236XXXL,60952,57754,40250,70,17504,0.3030785746441805
Apparel,CS601237L,5451,4916,5508,6,-592,-0.12042310821806347
Apparel,CS601237M,-3824,-3642,-3272,-4,-370,0.1015925315760571
Apparel,CS601237S,8418,8017,6426,7,1591,0.19845328676562304
Apparel,CS601237XL,4296,3753,3673,4,80,0.021316280309086066
Apparel,CS601237XS,1926,1835,4590,5,-2755,-1.5013623978201636
Apparel,CS601237XXL,128,122,0,0,122,1
Apparel,CS601238L,127244,126540,12632,39,113908,0.900173858068595
Apparel,CS601238M,53578,60118,-30090,-16,90208,1.500515652549985
Apparel,CS601238S,89544,80525,40722,54,39803,0.4942936976094381
Apparel,CS601238XL,213765,200806,116290,152,84516,0.4208838381323267
Apparel,CS601238XS,8636,7998,4437,6,3561,0.4452363090772693
Apparel,CS601238XXL,122108,112642,66132,84,46510,0.41290104934216365
Apparel,CS601238XXXL,10695,9864,6011,8,3853,0.3906123276561233
Apparel,CS601239L,33402,29617,24192,24,5425,0.18317182699125503
Apparel,CS601239M,11720,10570,-12096,-12,22666,2.144370860927152
Apparel,CS601239S,4820,4302,989,1,3313,0.7701069270106927
Apparel,CS601239XL,-14263,-13234,-14112,-14,878,-0.06634426477255553
Apparel,CS601239XS,-15689,-14205,-14112,-14,-93,0.006546990496304118
Apparel,CS601239XXL,7169,6210,-1008,-1,7218,1.1623188405797102
Apparel,CS601239XXXL,2549,2276,1984,2,292,0.1282952548330404
Apparel,CS601240L,3501,3244,3594,6,-350,-0.10789149198520345
Apparel,CS601240M,814,775,599,1,176,0.2270967741935484
Apparel,CS601240S,729,694,599,1,95,0.13688760806916425
Apparel,CS601240XL,2160,1989,1198,2,791,0.3976872800402212
Apparel,CS601240XXL,-247,-235,599,1,-834,3.548936170212766
Apparel,CS601241L,-588,-560,-1198,-2,638,-1.1392857142857142
Apparel,CS601241M,-731,-696,-1198,-2,502,-0.7212643678160919
Apparel,CS601241S,-6398,-6093,-5391,-9,-702,0.11521418020679468
Apparel,CS601241XL,1578,1503,599,1,904,0.6014637391882901
Apparel,CS601241XXL,716,682,599,1,83,0.1217008797653959
Apparel,CS601244L,-3066,-2920,-2664,-6,-256,0.08767123287671233
Apparel,CS601244XL,23,22,452,1,-430,-19.545454545454547
Apparel,CS601244XXL,-1653,-1476,-1398,-3,-78,0.052845528455284556
Apparel,CS601245L,-4960,-4429,-3996,-9,-433,0.09776473244524723
Apparel,CS601245M,-1669,-1490,-1305,-3,-185,0.12416107382550336
Apparel,CS601245S,556,496,435,1,61,0.12298387096774194
Apparel,CS601245XL,-3318,-2962,-2610,-6,-352,0.1188386225523295
Apparel,CS601246L,-1248,-1150,-1026,-2,-124,0.10782608695652174
Apparel,CS601246M,-1868,-1740,-1539,-3,-201,0.11551724137931034
Apparel,CS601246S,-1078,-1027,-1026,-2,-1,0.0009737098344693282
Apparel,CS601246XXL,80,76,0,0,76,1
Apparel,CS601247L,573,511,455,1,56,0.1095890410958904
Apparel,CS601247S,-1123,-1035,-910,-2,-125,0.12077294685990338
Apparel,CS601247XL,-1655,-1541,-1365,-3,-176,0.11421155094094744
Apparel,CS601247XXL,-1618,-1541,-1365,-3,-176,0.11421155094094744
Apparel,CS601248L,-3520,-3143,-2784,-6,-359,0.11422208081450844
Apparel,CS601248M,-1184,-1058,-910,-2,-148,0.13988657844990549
Apparel,CS601248S,537,511,455,1,56,0.1095890410958904
Apparel,CS601248XL,-2916,-2604,-2275,-5,-329,0.12634408602150538
Apparel,CS601249L,9835,9102,10740,20,-1638,-0.17996044825313118
Apparel,CS601249M,-184,-175,-537,-1,362,-2.0685714285714285
Apparel,CS601249XL,28337,26664,31702,59,-5038,-0.18894389438943895
Apparel,CS601249XXL,16742,15944,18806,35,-2862,-0.17950326141495232
Apparel,CS601250L,-2382,-2268,-2687,-5,419,-0.18474426807760141
Apparel,CS601250M,1170,1044,537,1,507,0.48563218390804597
Apparel,CS601250S,175,167,0,0,167,1
Apparel,CS601250XL,-1298,-1237,-1075,-2,-162,0.13096200485044462
Apparel,CS601250XXL,2190,2086,2148,4,-62,-0.029721955896452542
Apparel,CS601251L,1101,936,704,1,232,0.24786324786324787
Apparel,CS601251S,-3201,-3049,-2816,-4,-233,0.0764184978681535
Apparel,CS601251XL,2412,2153,1408,2,745,0.34602879702740363
Apparel,CS601252L,1806,1664,1408,2,256,0.15384615384615385
Apparel,CS601252M,2400,2239,1408,2,831,0.3711478338543993
Apparel,CS601252S,675,552,2112,3,-1560,-2.8260869565217392
Apparel,CS601252XL,1096,978,1408,2,-430,-0.4396728016359918
Apparel,CS601253L,-100,-95,662,1,-757,7.968421052631579
Apparel,CS601253M,-20232,-18847,-16550,-25,-2297,0.12187616066217435
Apparel,CS601253S,-9842,-9173,-8606,-13,-567,0.061811839092990296
Apparel,CS601253XL,-1047,-997,-1324,-2,327,-0.3279839518555667
Apparel,CS601253XXL,-7225,-6730,-5958,-9,-772,0.11471025260029717
Apparel,CS601254L,-6959,-6627,-5742,-9,-885,0.13354459031235855
Apparel,CS601254M,-5366,-5111,-4466,-7,-645,0.12619839561729604
Apparel,CS601254S,-4529,-4313,-3828,-6,-485,0.11245073035010433
Apparel,CS601254XL,-3807,-3625,-3190,-5,-435,0.12
Apparel,CS601254XXL,-4561,-4344,-3828,-6,-516,0.11878453038674033
Apparel,CS601255L,3032,2649,2391,3,258,0.09739524348810873
Apparel,CS601255M,-14853,-13262,-11616,-12,-1646,0.12411400995324989
Apparel,CS601255S,-11539,-10302,-9120,-12,-1182,0.1147350029120559
Apparel,CS601255XL,1914,1709,1520,2,189,0.11059098888238736
Apparel,CS601255XXL,-2885,-2576,-2280,-3,-296,0.11490683229813664
Apparel,CS601256L,990,884,786,1,98,0.11085972850678733
Apparel,CS601256M,2958,2641,2358,3,283,0.10715638015903067
Apparel,CS601256S,-2984,-2665,-2358,-3,-307,0.11519699812382739
Apparel,CS601256XL,-13,-12,-786,-1,774,-64.5
Apparel,CS601256XXL,990,884,786,1,98,0.11085972850678733
Apparel,CS601257L,-6067,-5779,-5224,-8,-555,0.09603737670877315
Apparel,CS601257S,-4567,-4350,-3846,-6,-504,0.11586206896551725
Apparel,CS601257XL,-2103,-2003,-1282,-2,-721,0.3599600599101348
Apparel,CS601257XXL,-2284,-2175,-1923,-3,-252,0.11586206896551725
Apparel,CS601258L,-5677,-5288,-4680,-6,-608,0.11497730711043873
Apparel,CS601258M,-5345,-4663,-4060,-5,-603,0.12931589105725927
Apparel,CS601258XL,-5692,-5362,-3120,-4,-2242,0.41812756434166354
Apparel,CS601262XL,709,675,600,1,75,0.1111111111111111
Apparel,CS601262XS,-47,-45,-600,-1,555,-12.333333333333334
Apparel,CS601263L,354,337,0,0,337,1
Apparel,CS601264M,376,358,279,1,79,0.2206703910614525
Apparel,CS601265XXL,43,41,0,0,41,1
Apparel,CS601267L,1112,991,2688,3,-1697,-1.7124117053481331
Apparel,CS601267M,-3896,-3548,-3788,-4,240,-0.06764374295377677
Apparel,CS601267S,-8561,-7949,-7168,-8,-781,0.09825135237136746
Apparel,CS601267XL,-7463,-6972,-6272,-7,-700,0.10040160642570281
Apparel,CS601273XL,365,347,0,0,347,1
Apparel,CS601276L,-2434,-2173,-2784,-3,611,-0.2811780947998159
Apparel,CS601276M,1164,1040,904,1,136,0.13076923076923078
Apparel,CS601276S,-14,-12,0,0,-12,1
Apparel,CS601276XL,2290,2044,1808,2,236,0.11545988258317025
Apparel,CS601276XXL,-601,-572,-989,-1,417,-0.7290209790209791
Apparel,CS601277L,9286,8291,6475,7,1816,0.21903268604510914
Apparel,CS601277M,1139,1017,904,1,113,0.1111111111111111
Apparel,CS601277S,4760,4315,3616,4,699,0.16199304750869062
Apparel,CS601277XL,6975,6102,5424,6,678,0.1111111111111111
Apparel,CS601284L,39367,37493,31644,36,5849,0.1560024537913744
Apparel,CS601284M,10975,9997,22854,26,-12857,-1.2860858257477243
Apparel,CS601284S,865,758,1758,2,-1000,-1.3192612137203166
Apparel,CS601284XL,11803,11127,20217,23,-9090,-0.8169317875438123
Apparel,CS601284XXL,9021,8591,7911,9,680,0.07915260155977186
Apparel,CS601285L,25626,24615,16701,19,7914,0.32151127361365023
Apparel,CS601285M,9776,9052,15822,18,-6770,-0.7479010163499779
Apparel,CS601285S,11283,10074,11427,13,-1353,-0.1343061346039309
Apparel,CS601285XL,-4722,-4393,-4395,-5,2,-0.00045526974732529026
Apparel,CS601285XXL,3842,3659,0,0,3659,1
Apparel,CS601286L,5378,5122,-4217,-5,9339,1.8233112065599375
Apparel,CS601286M,-17838,-16220,-14331,-17,-1889,0.11646115906288533
Apparel,CS601286S,-1762,-1678,-1686,-2,8,-0.004767580452920143
Apparel,CS601286XL,4500,4286,843,1,3443,0.8033131124591694
Apparel,CS601286XXL,-990,-884,1686,2,-2570,2.9072398190045248
Apparel,CS601287L,14895,14287,25301,30,-11014,-0.770910618044376
Apparel,CS601287M,5739,5466,16024,19,-10558,-1.9315770215879986
Apparel,CS601287S,-2762,-2567,1687,2,-4254,1.6571873782625632
Apparel,CS601287XL,10592,10391,12650,15,-2259,-0.21739967279376382
Apparel,CS601287XXL,5745,5408,5058,6,350,0.0647189349112426
Apparel,CS601288L,7174,6582,20362,24,-13780,-2.0935885749012457
Apparel,CS601288M,2355,2178,15271,18,-13093,-6.01147842056933
Apparel,CS601288S,132,126,0,0,126,1
Apparel,CS601288XL,-7576,-7022,-2545,-3,-4477,0.6375676445457135
Apparel,CS601288XXL,1012,901,784,1,117,0.12985571587125416
Apparel,CS601289L,34916,32909,35633,42,-2724,-0.08277370931963901
Apparel,CS601289M,17732,16887,24604,29,-7717,-0.4569787410434062
Apparel,CS601289S,1069,954,848,1,106,0.1111111111111111
Apparel,CS601289XL,39764,37683,37330,44,353,0.009367619350900937
Apparel,CS601289XXL,1069,954,848,1,106,0.1111111111111111
Apparel,CS601290L,27649,26332,33007,40,-6675,-0.25349384778976153
Apparel,CS601290M,15808,15055,14850,18,205,0.013616738625041515
Apparel,CS601290S,1150,1095,4950,6,-3855,-3.5205479452054793
Apparel,CS601290XL,17092,16278,16500,20,-222,-0.01363803907113896
Apparel,CS601290XXL,4016,3825,3300,4,525,0.13725490196078433
Apparel,CS601291L,-2215,-1978,-1738,-2,-240,0.12133468149646107
Apparel,CS601291M,3673,3279,2607,3,672,0.20494053064958828
Apparel,CS601291XL,2119,1892,1738,2,154,0.08139534883720931
Apparel,CS601291XXL,1119,999,869,1,130,0.13013013013013014
Apparel,CS601292L,6522,6212,13073,17,-6861,-1.104475209272376
Apparel,CS601292M,19246,18330,25377,33,-7047,-0.3844517184942717
Apparel,CS601292S,1537,1464,769,1,695,0.47472677595628415
Apparel,CS601292XL,5258,5007,4614,6,393,0.07849011384062313
Apparel,CS601292XXL,-1076,-1025,4842,6,-5867,5.72390243902439
Apparel,CS601293L,7143,6803,-13073,-17,19876,2.921652212259297
Apparel,CS601293M,-11657,-11098,-24608,-32,13510,-1.2173364570192828
Apparel,CS601293S,2421,2306,-4614,-6,6920,3.0008673026886385
Apparel,CS601293XL,-6967,-6635,-13073,-17,6438,-0.9703089675960814
Apparel,CS601293XXL,6751,6430,6152,8,278,0.0432348367029549
Apparel,CS601294L,4176,3728,4190,5,-462,-0.12392703862660945
Apparel,CS601294M,1623,1450,1676,2,-226,-0.15586206896551724
Apparel,CS601294S,-9517,-8497,-6704,-8,-1793,0.21101565258326468
Apparel,CS601294XL,7079,6321,5866,7,455,0.07198228128460686
Apparel,CS601295L,19311,18306,20548,22,-2242,-0.12247350595433192
Apparel,CS601295M,25264,23780,22416,24,1364,0.057359125315391085
Apparel,CS601295S,6002,5561,5604,6,-43,-0.007732422226218306
Apparel,CS601295XL,15562,14681,14944,16,-263,-0.017914311014236087
Apparel,CS601295XXL,5626,5358,4670,5,688,0.12840612168719673
Apparel,CS601296L,4124,3928,-823,-1,4751,1.209521384928717
Apparel,CS601296M,9973,9498,2469,3,7029,0.7400505369551484
Apparel,CS601296S,33055,31481,18932,23,12549,0.3986213906800928
Apparel,CS601296XL,12391,11801,6585,8,5216,0.441996440979578
Apparel,CS601296XXL,-805,-766,-1646,-2,880,-1.1488250652741514
Apparel,CS601297L,337679,316926,162498,318,154428,0.48726832131159953
Apparel,CS601297M,326143,307219,155290,300,151929,0.49452996071206534
Apparel,CS601297S,91929,86426,48034,94,38392,0.44421817508620093
Apparel,CS601297XL,233586,218504,128772,252,89732,0.4106652509793871
Apparel,CS601297XS,42329,40031,19418,38,20613,0.5149259324023882
Apparel,CS601297XXL,130527,122777,69496,136,53281,0.43396564503123547
Apparel,CS601297XXXL,80091,75912,39816,79,36096,0.47549794498893455
Apparel,CS601298L,35948,34021,21033,25,12988,0.38176420446195
Apparel,CS601298M,22001,20803,-1758,-2,22561,1.0845070422535212
Apparel,CS601298S,-1437,-1369,-9630,-11,8261,-6.034331628926224
Apparel,CS601298XL,-20430,-19457,-35884,-41,16427,-0.8442719843758031
Apparel,CS601298XS,-12379,-11784,-13140,-15,1356,-0.11507128309572301
Apparel,CS601298XXL,-5400,-5137,-7016,-8,1879,-0.36577769125949
Apparel,CS601299L,-10569,-10066,-28350,-30,18284,-1.8164116828929069
Apparel,CS601299M,5797,5457,-13249,-14,18706,3.427890782481217
Apparel,CS601299S,-9462,-9011,-16116,-17,7105,-0.7884807457551881
Apparel,CS601299XL,3517,3205,-5658,-6,8863,2.7653666146645866
Apparel,CS601299XS,-10993,-9630,-12298,-13,2668,-0.2770508826583593
Apparel,CS601299XXL,-5513,-5663,-19866,-21,14203,-2.508034610630408
Apparel,CS601300L,146517,136105,88924,94,47181,0.3466514823114507
Apparel,CS601300M,68453,63438,38827,41,24611,0.38795359248400013
Apparel,CS601300S,27132,25066,16150,17,8916,0.3557009494933376
Apparel,CS601300XL,79924,73891,49153,52,24738,0.3347904345590126
Apparel,CS601300XS,17600,15635,10417,11,5218,0.3337384074192517
Apparel,CS601300XXL,68626,62974,44274,47,18700,0.29694794677168357
Apparel,CS601301L,-5893,-4064,-35986,-38,31922,-7.854822834645669
Apparel,CS601301M,48749,45119,18940,20,26179,0.5802211928455862
Apparel,CS601301S,9512,9059,0,0,9059,1
Apparel,CS601301XL,7131,7108,-9454,-10,16562,2.3300506471581315
Apparel,CS601301XS,-13148,-12515,-16072,-17,3557,-0.2842189372752697
Apparel,CS601301XXL,-32648,-29508,-35039,-37,5531,-0.18744069404907143
Apparel,CS601302L,52040,48210,17963,19,30247,0.6274009541588882
Apparel,CS601302M,20120,17494,-1894,-2,19388,1.1082656910940893
Apparel,CS601302S,-2954,-3279,-9500,-10,6221,-1.8972247636474535
Apparel,CS601302XL,-25269,-22166,-41543,-44,19377,-0.8741766669674276
Apparel,CS601302XS,-26070,-24829,-28305,-30,3476,-0.13999758347094124
Apparel,CS601302XXL,3906,5225,-14176,-15,19401,3.71311004784689
Apparel,CS601303L,519219,489426,190501,381,298925,0.6107664897246979
Apparel,CS601303M,534910,502630,198501,397,304129,0.6050753039014782
Apparel,CS601303S,220484,206187,90500,181,115687,0.561078050507549
Apparel,CS601303XL,473464,441988,189501,379,252487,0.5712530656940913
Apparel,CS601303XS,39026,33016,16000,32,17016,0.515386479282772
Apparel,CS601303XXL,211285,197584,77000,154,120584,0.6102923313628634
Apparel,CS601303XXXL,79124,74221,53622,81,20599,0.277536007329462
Apparel,CS601304L,16223,14574,2326,2,12248,0.8404007135995608
Apparel,CS601304M,5112,5455,-5791,-5,11246,2.0615948670944086
Apparel,CS601304S,8438,7534,5860,5,1674,0.2221927263074064
Apparel,CS601304XL,-11981,-10375,-23163,-20,12788,-1.2325783132530121
Apparel,CS601304XS,-19768,-18445,-20719,-18,2274,-0.12328544320954188
Apparel,CS601304XXL,-16521,-14531,-20827,-18,6296,-0.43328057256899044
Apparel,CS601305L,33378,30055,6942,6,23113,0.7690234569955082
Apparel,CS601305M,-24913,-22918,-25549,-22,2631,-0.11480059342001919
Apparel,CS601305S,15915,14542,8120,7,6422,0.4416173841287306
Apparel,CS601305XL,-3004,-4001,-24407,-21,20406,-5.100224943764059
Apparel,CS601305XS,-12614,-11785,-12719,-11,934,-0.07925328807806534
Apparel,CS601305XXL,-29228,-27822,-37056,-32,9234,-0.33189562216950613
Apparel,CS601306L,251776,230308,124915,301,105393,0.45761762509335324
Apparel,CS601306M,239854,220709,121595,293,99114,0.4490709486246596
Apparel,CS601306S,122357,111606,58930,142,52676,0.47198179309356125
Apparel,CS601306XL,213577,194128,95865,231,98263,0.5061763372620127
Apparel,CS601306XS,50324,44336,12865,31,31471,0.7098294839408156
Apparel,CS601306XXL,101706,92275,43990,106,48285,0.5232728257924681
Apparel,CS601306XXXL,92046,82725,64337,101,18388,0.22227863402840736
Apparel,CS601313L,93,89,0,0,89,1
Apparel,CS601313XL,-231,-196,-598,-1,402,-2.0510204081632653
Apparel,CS601326L,-457,-435,-6965,-7,6530,-15.011494252873563
Apparel,CS601326M,5612,4872,3980,4,892,0.18308702791461412
Apparel,CS601326S,-2690,-2544,-2985,-3,441,-0.1733490566037736
Apparel,CS601326XL,2464,2272,2985,3,-713,-0.31382042253521125
Apparel,CS601326XXL,78,0,0,0,0,NaN
Apparel,CS601327L,-16581,-14818,-12935,-13,-1883,0.12707517883655015
Apparel,CS601327M,-1107,-979,995,1,-1974,2.0163432073544434
Apparel,CS601327S,-18236,-16914,-13930,-14,-2984,0.1764218990185645
Apparel,CS601327XL,-1265,-1200,-995,-1,-205,0.17083333333333334
Apparel,CS601327XXL,-3684,-3433,-2985,-3,-448,0.13049810661229247
Apparel,CS601328L,-4394,-4091,-3582,-3,-509,0.12441945734539232
Apparel,CS601328M,-19074,-16818,-14328,-12,-2490,0.148055654655726
Apparel,CS601328S,-24853,-22783,-20298,-17,-2485,0.1090725540973533
Apparel,CS601328XL,-2942,-2712,0,0,-2712,1
Apparel,CS601329L,7,7,2388,2,-2381,-340.14285714285717
Apparel,CS601329M,1130,1009,0,0,1009,1
Apparel,CS601329S,-3306,-3123,-2388,-2,-735,0.23535062439961577
Apparel,CS601329XL,-4549,-4062,-3582,-3,-480,0.11816838995568685
Apparel,CS601329XXL,1299,1237,0,0,1237,1
Apparel,CS601330L,-1264,-1379,0,0,-1379,1
Apparel,CS601330M,-13207,-12052,-10818,-9,-1234,0.10238964487222038
Apparel,CS601330S,-2167,-1601,1202,1,-2803,1.7507807620237352
Apparel,CS601330XL,-8751,-8152,-7212,-6,-940,0.11530912659470069
Apparel,CS601330XXL,-4389,-4089,-3606,-3,-483,0.11812179016874541
Apparel,CS601331L,1245,1098,1172,1,-74,-0.06739526411657559
Apparel,CS601331M,4399,3928,3516,3,412,0.10488798370672098
Apparel,CS601331S,2759,2627,3516,3,-889,-0.33840883136657784
Apparel,CS601331XL,1476,1318,1172,1,146,0.11077389984825493
Apparel,CS601331XXL,15,14,0,0,14,1
Apparel,CS601332L,-3344,-3184,-3711,-3,527,-0.16551507537688442
Apparel,CS601332M,-11525,-10838,-11135,-9,297,-0.027403579996309282
Apparel,CS601332S,338,450,-2475,-2,2925,6.5
Apparel,CS601332XL,-4513,-4205,-1237,-1,-2968,0.7058263971462545
Apparel,CS601332XXL,97,0,0,0,0,NaN
Apparel,CS601333L,2409,2302,3516,3,-1214,-0.527367506516073
Apparel,CS601333M,-11017,-10226,-4688,-4,-5538,0.5415607275572071
Apparel,CS601333S,-34334,-31787,-26956,-23,-4831,0.15198036933337528
Apparel,CS601333XL,-4279,-3986,-3516,-3,-470,0.11791269443050677
Apparel,CS601333XXL,-5895,-5349,-4688,-4,-661,0.12357449990652458
Apparel,CS601334L,5853,4237,3160,2,1077,0.25418928487137127
Apparel,CS601334M,-16374,-14619,-12640,-8,-1979,0.1353717764552979
Apparel,CS601334S,-12801,-11006,-4740,-3,-6266,0.569325822278757
Apparel,CS601334XL,-12069,-10902,-7900,-5,-3002,0.2753623188405797
Apparel,CS601334XXL,-5847,-5448,-3160,-2,-2288,0.4199706314243759
Apparel,CS601335L,-3989,-3638,-3186,-3,-452,0.12424409015942826
Apparel,CS601335M,-13197,-12080,-6372,-6,-5708,0.4725165562913907
Apparel,CS601335S,-13449,-12008,-10620,-10,-1388,0.11558960692871419
Apparel,CS601335XL,-17671,-15777,-13806,-13,-1971,0.12492869366799772
Apparel,CS601335XXL,-3820,-3638,-3186,-3,-452,0.12424409015942826
Apparel,CS601336L,-3987,-3638,-3186,-3,-452,0.12424409015942826
Apparel,CS601336M,-11941,-10965,-9558,-9,-1407,0.12831737346101232
Apparel,CS601336S,83,0,0,0,0,NaN
Apparel,CS601336XL,1274,1124,1062,1,62,0.05516014234875445
Apparel,CS601336XXL,-1241,-1182,-1062,-1,-120,0.10152284263959391
Apparel,CS601337L,-13054,-13599,-6336,-6,-7263,0.5340833884844474
Apparel,CS601337M,-19039,-19386,-2112,-2,-17274,0.8910554008047045
Apparel,CS601337S,-7129,-5657,-3168,-3,-2489,0.43998585822874314
Apparel,CS601337XL,99,88,0,0,88,1
Apparel,CS601337XXL,6746,6566,6336,6,230,0.035028936947913494
Apparel,CS601338L,-11625,-10834,-8680,-8,-2154,0.19881853424404652
Apparel,CS601338M,-6256,-5958,-3139,-3,-2819,0.47314535078885533
Apparel,CS601338S,-2511,-2246,-2093,-2,-153,0.06812110418521816
Apparel,CS601338XL,1318,1177,1046,1,131,0.11129991503823279
Apparel,CS601338XXL,-1224,-1166,-1046,-1,-120,0.10291595197255575
Apparel,CS601339L,3709,2869,8468,8,-5599,-1.951551063088184
Apparel,CS601339M,6396,6483,8468,8,-1985,-0.306185407990128
Apparel,CS601339S,-7872,-7179,-6348,-6,-831,0.11575428332636857
Apparel,CS601339XL,-7706,-7179,-6348,-6,-831,0.11575428332636857
Apparel,CS601340L,8213,7972,9522,9,-1550,-0.194430506773708
Apparel,CS601340M,-6452,-5985,3175,3,-9160,1.5304928989139515
Apparel,CS601340S,38,180,0,0,180,1
Apparel,CS601340XL,1334,1191,1058,1,133,0.11167086481947942
Apparel,CS601340XXL,83,0,0,0,0,NaN
Apparel,CS601341L,-23428,-21785,-17502,-13,-4283,0.1966031673169612
Apparel,CS601341M,-4760,-4177,-2693,-2,-1484,0.35527890830739767
Apparel,CS601341S,-19871,-17574,-18849,-14,1275,-0.07255035848412428
Apparel,CS601341XL,-11957,-10779,-9422,-7,-1357,0.12589293997587903
Apparel,CS601341XXL,-16594,-15204,-13463,-10,-1741,0.1145093396474612
Apparel,CS601343L,1235,1176,1045,1,131,0.11139455782312925
Apparel,CS601343M,1235,1176,1045,1,131,0.11139455782312925
Apparel,CS601343S,0,0,0,0,0,NaN
Apparel,CS601343XL,-3668,-3493,-3135,-3,-358,0.10249069567706842
Apparel,CS601343XXL,-1223,-1164,-1045,-1,-119,0.10223367697594501
Apparel,CS601344L,-5958,-5458,-5080,-5,-378,0.06925613777940638
Apparel,CS601344M,-4002,-3795,-2032,-2,-1763,0.4645586297760211
Apparel,CS601344S,-4948,-4712,-2032,-2,-2680,0.568760611205433
Apparel,CS601344XL,-1244,-1182,-1016,-1,-166,0.1404399323181049
Apparel,CS601344XXL,-2616,-2409,-3048,-3,639,-0.26525529265255293
Apparel,CS601345L,-9900,-9802,-26418,-26,16616,-1.6951642521934298
Apparel,CS601345M,-40006,-37308,-47755,-47,10447,-0.2800203709660127
Apparel,CS601345S,631,490,-1016,-1,1506,3.073469387755102
Apparel,CS601345XL,158,0,0,0,0,NaN
Apparel,CS601345XXL,238,0,0,0,0,NaN
Apparel,CS601346L,-5822,-5288,-6070,-5,782,-0.1478819969742814
Apparel,CS601346M,-10213,-9547,-8498,-7,-1049,0.10987744841311407
Apparel,CS601346S,-12,-5,-1214,-1,1209,-241.8
Apparel,CS601346XL,-10170,-9343,-8498,-7,-845,0.09044204217060901
Apparel,CS601346XXL,-6345,-5586,-3642,-3,-1944,0.34801288936627284
Apparel,CS601347L,5865,5585,4840,5,745,0.13339301700984782
Apparel,CS601347M,-2026,-1929,-2904,-3,975,-0.505443234836703
Apparel,CS601347S,-5670,-5400,-4840,-5,-560,0.1037037037037037
Apparel,CS601347XL,-4936,-4407,-3872,-4,-535,0.1213977762650329
Apparel,CS601347XXL,924,825,0,0,825,1
Apparel,CS601348L,10804,10441,10830,10,-389,-0.03725696772339814
Apparel,CS601348M,3899,3949,8664,8,-4715,-1.1939731577614585
Apparel,CS601348S,-4043,-3686,-3249,-3,-437,0.11855670103092783
Apparel,CS601348XL,-4257,-3807,-3249,-3,-558,0.14657210401891252
Apparel,CS601348XXL,-3954,-3684,-3249,-3,-435,0.11807817589576547
Apparel,CS601349L,-20050,-18192,-9639,-7,-8553,0.4701517150395778
Apparel,CS601349M,-18911,-17074,-11016,-8,-6058,0.3548084807309359
Apparel,CS601349S,-453,69,4131,3,-4062,-58.869565217391305
Apparel,CS601349XL,-4000,-3378,0,0,-3378,1
Apparel,CS601350L,-1465,-1395,-1252,-1,-143,0.1025089605734767
Apparel,CS601350M,3175,2835,2504,2,331,0.11675485008818343
Apparel,CS601350S,1597,1426,1252,1,174,0.12201963534361851
Apparel,CS601354L,-22518,-20360,-12555,-9,-7805,0.3833497053045187
Apparel,CS601354M,-1688,-1389,1395,1,-2784,2.0043196544276456
Apparel,CS601354S,-4294,-4118,2790,2,-6908,1.6775133559980573
Apparel,CS601354XL,-3214,-2969,-2790,-2,-179,0.06028965981812058
Apparel,CS601354XXL,94,-16,0,0,-16,1
Apparel,CS601355L,-3441,-3278,-2878,-2,-400,0.12202562538133008
Apparel,CS601355M,-1700,-1619,-1439,-1,-180,0.11117974058060531
Apparel,CS601355S,-20718,-19309,-17268,-12,-2041,0.10570200424672432
Apparel,CS601355XL,-1683,-1603,-1439,-1,-164,0.10230817217716781
Apparel,CS601356L,-33649,-31824,-23028,-16,-8796,0.276395173453997
Apparel,CS601356M,-11985,-11123,-7196,-5,-3927,0.3530522341095028
Apparel,CS601356S,3847,3435,0,0,3435,1
Apparel,CS601356XL,152,36,0,0,36,1
Apparel,CS601356XXL,-1813,-1724,-2879,-2,1155,-0.669953596287703
Apparel,CS601357L,-1569,-1518,0,0,-1518,1
Apparel,CS601357M,-5188,-4396,-1647,-1,-2749,0.6253412192902639
Apparel,CS601357S,-26680,-23821,-14971,-9,-8850,0.3715209269132278
Apparel,CS601357XL,-5318,-4550,-3326,-2,-1224,0.269010989010989
Apparel,CS601358L,-51591,-46063,-29942,-18,-16121,0.3499772051321017
Apparel,CS601358M,-27919,-24928,-11644,-7,-13284,0.5328947368421053
Apparel,CS601358S,-27365,-24433,-3327,-2,-21106,0.8638317030245979
Apparel,CS601358XL,-2952,-2636,-1647,-1,-989,0.37518968133535663
Apparel,CS601358XXL,-1866,-1666,-1663,-1,-3,0.001800720288115246
Apparel,CS601366L,-12825,-11478,-34664,-43,23186,-2.0200383342045654
Apparel,CS601366M,529,247,-15314,-19,15561,63
Apparel,CS601366S,13080,11679,-1610,-2,13289,1.1378542683448924
Apparel,CS601366XL,-8095,-7951,-20106,-25,12155,-1.528738523456169
Apparel,CS601366XS,-23858,-21280,-24150,-30,2870,-0.13486842105263158
Apparel,CS601366XXL,-25552,-22392,-24154,-30,1762,-0.07868881743479814
Apparel,CS601366XXXL,1887,1651,1634,2,17,0.01029678982434888
Apparel,CS601367L,-1008,-960,-662,-1,-298,0.3104166666666667
Apparel,CS601367M,-3483,-3317,-3310,-5,-7,0.0021103406692794696
Apparel,CS601367S,835,745,662,1,83,0.11140939597315436
Apparel,CS601368L,60577,57693,46816,76,10877,0.18853240427781534
Apparel,CS601368M,65636,59504,51744,84,7760,0.13041140091422426
Apparel,CS601368S,53635,48583,44968,73,3615,0.07440874379927136
Apparel,CS601368XL,53539,49347,25020,45,24327,0.4929782965529819
Apparel,CS601368XS,19122,18211,5004,9,13207,0.7252210202624787
Apparel,CS601368XXL,71290,66008,49484,89,16524,0.2503332929341898
Apparel,CS6013696L,2252,2010,704,1,1306,0.6497512437810945
Apparel,CS601369L,1000,953,1324,2,-371,-0.38929695697796435
Apparel,CS601369M,-2884,-2746,-2648,-4,-98,0.035688273852876914
Apparel,CS601369S,-2516,-2247,-1986,-3,-261,0.11615487316421896
Apparel,CS601370L,-7669,-7304,-6850,-10,-454,0.062157721796276016
Apparel,CS601370M,298,284,0,0,284,1
Apparel,CS601370S,1726,1541,1370,2,171,0.11096690460739779
Apparel,CS601371L,2969,2827,1986,3,841,0.29748850371418467
Apparel,CS601371M,1359,1443,1324,2,119,0.08246708246708247
Apparel,CS601372L,21590,20136,8008,13,12128,0.6023043305522447
Apparel,CS601372M,18548,17665,14168,23,3497,0.19796207189357487
Apparel,CS601372S,15755,15005,12320,20,2685,0.1789403532155948
Apparel,CS601372XL,50668,47992,35206,58,12786,0.2664194032338723
Apparel,CS601372XS,14882,14084,12788,23,1296,0.09201931269525702
Apparel,CS601372XXL,28816,27753,20572,37,7181,0.2587468021475156
Apparel,CS601373L,11453,10908,6040,10,4868,0.4462779611294463
Apparel,CS601373M,3350,3190,2776,4,414,0.12978056426332288
Apparel,CS601373S,556,529,0,0,529,1
Apparel,CS601374L,490299,466144,358799,636,107345,0.23028291686689092
Apparel,CS601374M,498034,473638,365005,647,108633,0.22935870854956739
Apparel,CS601374S,228446,209627,159654,283,49973,0.23839009287925697
Apparel,CS601374XL,246575,227931,156270,277,71661,0.31439777827500426
Apparel,CS601374XS,63337,57235,27643,49,29592,0.5170262950991527
Apparel,CS601374XXL,88446,79737,70519,125,9218,0.11560505160715853
Apparel,CS601375L,98973,94264,97554,142,-3290,-0.03490197742510397
Apparel,CS601375M,124239,110533,108546,158,1987,0.017976531895452036
Apparel,CS601375S,71013,67631,62517,91,5114,0.0756162115006432
Apparel,CS601375XL,88752,79630,53222,83,26408,0.33163380635438905
Apparel,CS601375XS,59287,55067,38979,61,16088,0.2921531951985763
Apparel,CS601375XXL,60954,54549,46588,73,7961,0.14594218042493903
Apparel,CS601376L,2940,2625,2055,3,570,0.21714285714285714
Apparel,CS601376M,1879,1677,1490,2,187,0.11150864639236732
Apparel,CS601376S,-11324,-10111,-8940,-12,-1171,0.11581445949955493
Apparel,CS601377L,1672,1493,1370,2,123,0.08238446081714669
Apparel,CS601377M,-2689,-2386,-2055,-3,-331,0.13872590108968985
Apparel,CS601378L,-13,-13,2578,3,-2591,199.30769230769232
Apparel,CS601378M,6574,6261,12031,14,-5770,-0.921578022680083
Apparel,CS601378S,-8359,-7765,-6872,-8,-893,0.1150032195750161
Apparel,CS601379L,-52,-49,-700,-1,651,-13.285714285714286
Apparel,CS601379M,4014,3823,2800,4,1023,0.2675908972011509
Apparel,CS601379S,882,788,700,1,88,0.1116751269035533
Apparel,CS601380L,8658,8245,11872,14,-3627,-0.4399029714978775
Apparel,CS601380M,2162,2059,1718,2,341,0.16561437591063624
Apparel,CS601380S,-5019,-4780,-4295,-5,-485,0.10146443514644352
Apparel,CS601381L,-1507,-1435,-1236,-2,-199,0.13867595818815331
Apparel,CS601381M,8214,7298,6798,11,500,0.06851192107426693
Apparel,CS601381S,-1438,-1370,-700,-1,-670,0.48905109489051096
Apparel,CS601382L,26644,25375,17325,25,8050,0.31724137931034485
Apparel,CS601382M,2492,2373,2079,3,294,0.12389380530973451
Apparel,CS601382S,0,0,0,0,0,NaN
Apparel,CS601383L,4767,4540,3010,5,1530,0.3370044052863436
Apparel,CS601383M,4069,3875,3465,5,410,0.10580645161290322
Apparel,CS601383S,169,109,0,0,109,1
Apparel,CS601384L,-1313,-1250,-1574,-2,324,-0.2592
Apparel,CS601384M,1921,1830,1574,2,256,0.13989071038251366
Apparel,CS601384S,-4653,-4431,-3935,-5,-496,0.11193861430828256
Apparel,CS601385L,283108,262694,128399,313,134295,0.5112221824632462
Apparel,CS601385M,290225,269215,133322,325,135893,0.5047749939639322
Apparel,CS601385S,165643,152959,73840,180,79119,0.5172562582129852
Apparel,CS601385XL,147495,134245,57841,141,76404,0.5691385154009461
Apparel,CS601385XS,67844,62244,24613,60,37631,0.6045723282565388
Apparel,CS601385XXL,56360,51698,47840,65,3858,0.07462571085922086
Apparel,CS601386L,3088,2940,1484,2,1456,0.49523809523809526
Apparel,CS601386M,1983,1771,1574,2,197,0.11123658949745906
Apparel,CS601386S,980,875,787,1,88,0.10057142857142858
Apparel,CS601387L,9427,8978,14840,20,-5862,-0.652929382936066
Apparel,CS601387M,123,117,0,0,117,1
Apparel,CS601387S,894,851,740,1,111,0.13043478260869565
Apparel,CS601388L,-8630,-8219,-3104,-4,-5115,0.6223384840004866
Apparel,CS601388M,4137,3940,2904,4,1036,0.2629441624365482
Apparel,CS601388S,426,406,724,1,-318,-0.7832512315270936
Apparel,CS601389L,36244,33523,43456,56,-9933,-0.29630403006890793
Apparel,CS601389M,5461,5201,4356,6,845,0.16246875600845992
Apparel,CS601389S,-2579,-2456,-2172,-3,-284,0.11563517915309446
Apparel,CS601390L,27397,26092,34144,44,-8052,-0.3086003372681282
Apparel,CS601390M,-1615,-1538,-1452,-2,-86,0.055916775032509754
Apparel,CS601390S,775,738,0,0,738,1
Apparel,CS601391601392L,7244,6899,9659,4,-2760,-0.40005797941730686
Apparel,CS601391601392M,8571,7868,8272,4,-404,-0.05134722928317234
Apparel,CS601391601392S,9131,8368,5630,4,2738,0.3271988527724665
Apparel,CS601391L,13247,12616,0,0,12616,1
Apparel,CS601391M,-6386,-6081,-3380,-5,-2701,0.44417036671600063
Apparel,CS601391S,-2344,-2232,-1352,-2,-880,0.3942652329749104
Apparel,CS601391XL,20693,19698,2022,3,17676,0.8973499847700274
Apparel,CS601391XS,21048,20385,14858,24,5527,0.271130733382389
Apparel,CS601391XXL,3337,3178,3370,5,-192,-0.06041535556954059
Apparel,CS601392L,310034,287371,208272,309,79099,0.27525046020649263
Apparel,CS601392M,295769,273050,221079,328,51971,0.1903351034609046
Apparel,CS601392S,106270,96679,70772,105,25907,0.26796925909452934
Apparel,CS601392XL,105052,94979,45159,67,49820,0.5245370029164341
Apparel,CS601392XS,78976,72364,52574,78,19790,0.27347852523354155
Apparel,CS601392XXL,121181,111925,88297,131,23628,0.2111056511056511
Apparel,CS601393L,3370,3210,2921,4,289,0.09003115264797508
Apparel,CS601393M,-856,-815,-730,-1,-85,0.10429447852760736
Apparel,CS601393S,-4607,-4113,-3650,-5,-463,0.11256990031607099
Apparel,CS601394L,49581,44645,-5779,-8,50424,1.1294433867174376
Apparel,CS601394M,59036,53206,6502,9,46704,0.8777957373228583
Apparel,CS601394S,14504,13153,-10836,-15,23989,1.8238424693986164
Apparel,CS601394XL,-23831,-20385,-57120,-84,36735,-1.8020603384841796
Apparel,CS601394XS,-220,340,-9126,-13,9466,27.841176470588234
Apparel,CS601394XXL,16449,14724,702,1,14022,0.9523227383863081
Apparel,CS601395L,103953,93131,82351,114,10780,0.11575093148360911
Apparel,CS601395M,95178,85490,80184,111,5306,0.06206573868288689
Apparel,CS601395S,58551,53230,46230,64,7000,0.1315047905316551
Apparel,CS601395XL,55917,51013,29858,41,21155,0.414698214180699
Apparel,CS601395XS,78347,72505,46332,66,26173,0.3609820012412937
Apparel,CS601395XXL,99960,92207,68454,94,23753,0.25760517097400415
Apparel,CS601396L,8034,7651,5833,13,1818,0.23761599790877008
Apparel,CS601396M,-8851,-8429,-1591,-1,-6838,0.811246885751572
Apparel,CS601396S,6,6,0,0,6,1
Apparel,CS601396XL,-5022,-4783,-1591,-2,-3192,0.6673635793435082
Apparel,CS601396XXL,-1248,-1189,-1060,-2,-129,0.10849453322119428
Apparel,CS601397L,12645,12043,16968,33,-4925,-0.4089512579921946
Apparel,CS601397M,530,505,0,0,505,1
Apparel,CS601397S,6,6,0,0,6,1
Apparel,CS601397XL,69,65,0,0,65,1
Apparel,CS601397XXL,-1240,-1181,-1060,-2,-121,0.10245554614733277
Apparel,CS601398L,-807,-768,530,2,-1298,1.6901041666666667
Apparel,CS601398M,-3183,-3032,-2650,-5,-382,0.12598944591029024
Apparel,CS601398XL,1312,1250,1060,2,190,0.152
Apparel,CS601398XXL,640,610,530,1,80,0.13114754098360656
Apparel,CS601399L,-12298,-10431,-530,0,-9901,0.9491899146774039
Apparel,CS601399M,-4185,-3986,1591,4,-5577,1.3991470145509282
Apparel,CS601399S,-2481,-2363,-2120,-4,-243,0.10283537875581887
Apparel,CS601399XL,-6819,-6494,-1061,-1,-5433,0.8366184170003079
Apparel,CS601399XXL,-6098,-5808,-1060,-2,-4748,0.8174931129476584
Apparel,CS601400L,4953,4718,31284,61,-26566,-5.630775752437473
Apparel,CS601400M,-12794,-12184,-4242,-7,-7942,0.6518384766907419
Apparel,CS601400S,-3896,-3710,-1591,-3,-2119,0.5711590296495956
Apparel,CS601400XL,-2850,-2714,1591,4,-4305,1.5862196020633752
Apparel,CS601400XXL,-901,-858,530,1,-1388,1.6177156177156178
Apparel,CS601401L,-2307,-2197,5302,11,-7499,3.4132908511606734
Apparel,CS601401M,1792,1707,9014,18,-7307,-4.280609256004687
Apparel,CS601401S,-4059,-3866,-1061,-2,-2805,0.7255561303673047
Apparel,CS601401XL,2350,2239,2651,6,-412,-0.18401071907101385
Apparel,CS601401XXL,412,393,0,0,393,1
Apparel,CS601402L,-5609,-5342,3182,8,-8524,1.5956570572819169
Apparel,CS601402M,-9258,-8817,-2121,-2,-6696,0.7594419870704321
Apparel,CS601402S,-4337,-4131,-530,-1,-3601,0.8717017671266037
Apparel,CS601402XL,-2836,-2700,1061,4,-3761,1.392962962962963
Apparel,CS601402XXL,1446,1377,1591,4,-214,-0.15541031227305738
Apparel,CS601403L,-19864,-18918,2121,5,-21039,1.112115445607358
Apparel,CS601403M,-9818,-9351,-4772,-7,-4579,0.48968024810180727
Apparel,CS601403S,-5024,-4785,-4240,-8,-545,0.11389759665621735
Apparel,CS601403XL,-5495,-5234,-3182,-3,-2052,0.39205196790217806
Apparel,CS601403XXL,3840,3657,3180,6,477,0.13043478260869565
Apparel,CS601404L,-3291,-3134,11135,21,-14269,4.552967453733248
Apparel,CS601404M,-3981,-3791,4772,9,-8563,2.2587707728831443
Apparel,CS601404S,1053,1003,1060,2,-57,-0.05682951146560319
Apparel,CS601404XL,-689,-656,1591,7,-2247,3.4253048780487805
Apparel,CS601404XXL,-2090,-1990,1061,2,-3051,1.5331658291457286
Apparel,CS601405L,6812,6487,8480,16,-1993,-0.3072298443039926
Apparel,CS601405M,-2543,-2421,-1061,-1,-1360,0.5617513424204874
Apparel,CS601405S,-1888,-1798,-1590,-3,-208,0.11568409343715239
Apparel,CS601405XL,6,6,0,0,6,1
Apparel,CS601405XXL,-614,-585,-530,-1,-55,0.09401709401709402
Apparel,CS601406L,-168,-160,16436,32,-16596,103.725
Apparel,CS601406M,-7593,-7232,-2121,-4,-5111,0.7067201327433629
Apparel,CS601406XL,-1178,-1122,0,0,-1122,1
Apparel,CS601406XXL,-5664,-5394,-4770,-9,-624,0.11568409343715239
Apparel,CS601407L,5909,5628,18559,36,-12931,-2.2976190476190474
Apparel,CS601407M,-7301,-6953,2651,6,-9604,1.3812742700992378
Apparel,CS601407S,-1880,-1790,0,1,-1790,1
Apparel,CS601407XL,-3193,-3041,1061,3,-4102,1.3488983886879315
Apparel,CS601408L,19608,18684,12253,36,6431,0.34419824448726183
Apparel,CS601408M,1503,1432,1361,4,71,0.04958100558659218
Apparel,CS601408S,-3170,-3019,-2383,-7,-636,0.21066578337197747
Apparel,CS601408XL,-1170,-1115,-681,-2,-434,0.38923766816143496
Apparel,CS601408XS,185,176,0,0,176,1
Apparel,CS601409L,2572,2449,1915,6,534,0.21804818293180891
Apparel,CS601409M,-1489,-1418,-1276,-4,-142,0.1001410437235543
Apparel,CS601409S,411,367,319,1,48,0.1307901907356948
Apparel,CS601409XL,1180,1124,957,3,167,0.148576512455516
Apparel,CS601409XXL,-1216,-1086,-957,-3,-129,0.11878453038674033
Apparel,CS601410L,12489,11857,9138,26,2719,0.22931601585561273
Apparel,CS601410M,2801,2668,-1406,-4,4074,1.5269865067466266
Apparel,CS601410S,-1484,-1414,-1054,-3,-360,0.2545968882602546
Apparel,CS601410XL,3044,2662,703,2,1959,0.7359128474830954
Apparel,CS601410XXL,556,529,0,0,529,1
Apparel,CS601411L,15112,14393,24955,71,-10562,-0.7338289446258598
Apparel,CS601411M,-3015,-2872,2460,7,-5332,1.8565459610027855
Apparel,CS601411S,-810,-772,351,1,-1123,1.4546632124352332
Apparel,CS601411XL,4381,4230,3866,11,364,0.08605200945626477
Apparel,CS601411XXL,-2087,-1988,0,0,-1988,1
Apparel,CS601412L,-2256,-2148,3622,11,-5770,2.686219739292365
Apparel,CS601412M,-3854,-3671,-329,-1,-3342,0.9103786434214111
Apparel,CS601412S,706,672,658,2,14,0.020833333333333332
Apparel,CS601412XL,-6686,-6367,-1317,-4,-5050,0.7931521909847652
Apparel,CS601412XXL,-1172,-1117,-1176,-3,59,-0.052820053715308866
Apparel,CS601413L,12829,12218,14158,43,-1940,-0.15878212473399902
Apparel,CS601413M,-836,-746,-658,-2,-88,0.11796246648793565
Apparel,CS601413S,0,0,0,0,0,NaN
Apparel,CS601413XL,-926,-881,-987,-3,106,-0.12031782065834279
Apparel,CS601414L,-2332,-2221,2634,8,-4855,2.185952273750563
Apparel,CS601414M,-6792,-6469,0,0,-6469,1
Apparel,CS601414XL,-3782,-3602,-1646,-5,-1956,0.5430316490838423
Apparel,CS601415L,2037,1940,1316,4,624,0.3216494845360825
Apparel,CS601415M,-2501,-2233,-1974,-6,-259,0.11598746081504702
Apparel,CS601415S,-2077,-1855,-1645,-5,-210,0.11320754716981132
Apparel,CS601415XL,608,579,988,3,-409,-0.7063903281519862
Apparel,CS601416L,-10086,-9605,4939,15,-14544,1.5142113482561166
Apparel,CS601416M,-9967,-9492,-659,-2,-8833,0.9305731142014327
Apparel,CS601416S,-951,-906,329,1,-1235,1.3631346578366446
Apparel,CS601416XL,-2709,-2580,1646,5,-4226,1.637984496124031
Apparel,CS601416XXL,179,170,0,0,170,1
Apparel,CS601417L,4093,3899,988,3,2911,0.7466016927417286
Apparel,CS601417M,-1264,-1204,-1316,-4,112,-0.09302325581395349
Apparel,CS601417S,-1948,-1855,-1645,-5,-210,0.11320754716981132
Apparel,CS601417XL,37,35,0,0,35,1
Apparel,CS601417XXL,-1236,-1177,-1316,-4,139,-0.11809685641461343
Apparel,CS601418L,-21609,-20580,-11168,-32,-9412,0.45733722060252674
Apparel,CS601418M,2167,2064,6282,18,-4218,-2.0436046511627906
Apparel,CS601418S,1119,1066,349,1,717,0.6726078799249531
Apparel,CS601418XL,-2106,-2006,-3141,-9,1135,-0.56580259222333
Apparel,CS601418XXL,-2298,-2188,-698,-2,-1490,0.6809872029250457
Apparel,CS601419L,1668,1490,1316,4,174,0.11677852348993288
Apparel,CS601419M,839,749,658,2,91,0.12149532710280374
Apparel,CS601419XL,-1264,-1128,-987,-3,-141,0.125
Apparel,CS601419XXL,-1255,-1120,-987,-3,-133,0.11875
Apparel,CS601420L,-1499,-1428,3127,9,-4555,3.189775910364146
Apparel,CS601420M,-713,-679,-1042,-3,363,-0.5346097201767305
Apparel,CS601420S,-1328,-1265,-1042,-3,-223,0.17628458498023716
Apparel,CS601420XL,-2779,-2646,-1390,-4,-1256,0.47467876039304613
Apparel,CS601420XXL,-1718,-1636,-695,-2,-941,0.5751833740831296
Apparel,CS601421L,10878,9657,5742,18,3915,0.40540540540540543
Apparel,CS601421M,1215,1157,1276,4,-119,-0.10285220397579949
Apparel,CS601421S,-1065,-1014,-957,-3,-57,0.05621301775147929
Apparel,CS601421XL,286,272,0,0,272,1
Apparel,CS601421XXL,804,718,638,2,80,0.11142061281337047
Apparel,CS601422L,7867,7492,4060,12,3432,0.4580886278697277
Apparel,CS601422M,2831,2696,1692,5,1004,0.3724035608308605
Apparel,CS601422S,828,789,676,2,113,0.1432192648922687
Apparel,CS601422XL,813,774,1015,3,-241,-0.31136950904392763
Apparel,CS601422XS,56,53,0,0,53,1
Apparel,CS601422XXL,-762,-726,-676,-2,-50,0.06887052341597796
Apparel,CS601423L,6412,6107,3045,9,3062,0.5013918454232847
Apparel,CS601423M,3303,2992,2368,7,624,0.20855614973262032
Apparel,CS601423S,-738,-703,-338,-1,-365,0.519203413940256
Apparel,CS601423XL,4121,3924,1353,4,2571,0.6551987767584098
Apparel,CS601423XS,288,274,0,0,274,1
Apparel,CS601423XXL,1027,978,677,2,301,0.30777096114519426
Apparel,CS601431L,-514,-489,-369,-1,-120,0.24539877300613497
Apparel,CS601431M,875,834,738,2,96,0.11510791366906475
Apparel,CS601431S,142,127,369,1,-242,-1.905511811023622
Apparel,CS601431XL,1395,1245,1107,3,138,0.1108433734939759
Apparel,CS601431XXL,905,862,738,2,124,0.14385150812064965
Apparel,CS601432L,2787,2488,2214,6,274,0.11012861736334405
Apparel,CS601432M,468,446,738,2,-292,-0.6547085201793722
Apparel,CS601432S,435,415,369,1,46,0.1108433734939759
Apparel,CS601432XL,290,276,0,0,276,1
Apparel,CS601432XXL,465,415,369,1,46,0.1108433734939759
Apparel,CS601433L,871,829,738,2,91,0.1097708082026538
Apparel,CS601433M,871,829,738,2,91,0.1097708082026538
Apparel,CS601433XL,-1243,-1184,-369,-1,-815,0.6883445945945946
Apparel,CS601433XXL,435,415,369,1,46,0.1108433734939759
Apparel,CS601434L,102,92,738,2,-646,-7.021739130434782
Apparel,CS601434M,-236,-224,0,0,-224,1
Apparel,CS601434S,1909,1705,1476,4,229,0.1343108504398827
Apparel,CS601434XL,453,432,369,1,63,0.14583333333333334
Apparel,CS601434XXL,772,735,369,1,366,0.49795918367346936
Apparel,CS601435L,-1121,-1068,-738,-2,-330,0.3089887640449438
Apparel,CS601435M,1034,985,738,2,247,0.25076142131979695
Apparel,CS601435XL,635,605,738,2,-133,-0.21983471074380165
Apparel,CS601435XXL,475,424,369,1,55,0.12971698113207547
Apparel,CS601436L,-4656,-4434,344,1,-4778,1.0775823184483537
Apparel,CS601436M,-7474,-7118,-1032,-3,-6086,0.8550154537791514
Apparel,CS601436S,-4627,-4407,-1720,-5,-2687,0.6097118221012027
Apparel,CS601436XL,-3152,-3118,-2752,-8,-366,0.11738293778062861
Apparel,CS601436XXL,-2058,-1960,-344,-1,-1616,0.8244897959183674
Apparel,CS601437L,890,848,738,2,110,0.12971698113207547
Apparel,CS601437M,-447,-426,0,0,-426,1
Apparel,CS601437S,-330,-314,-369,-1,55,-0.1751592356687898
Apparel,CS601437XL,-1259,-1199,-1107,-3,-92,0.07673060884070058
Apparel,CS601438L,-6107,-5816,-377,-1,-5439,0.9351788170563962
Apparel,CS601438M,-3701,-3524,-754,-2,-2770,0.786038592508513
Apparel,CS601438S,-3157,-3007,-1131,-3,-1876,0.6238776188892584
Apparel,CS601438XL,-3320,-3162,-1508,-4,-1654,0.5230866540164453
Apparel,CS601438XXL,-3403,-3241,-1508,-4,-1733,0.5347115087935822
Apparel,CS601439L,929,829,738,2,91,0.1097708082026538
Apparel,CS601439M,-2730,-2488,-738,-2,-1750,0.7033762057877814
Apparel,CS601439S,57,55,0,0,55,1
Apparel,CS601439XL,470,447,369,1,78,0.174496644295302
Apparel,CS601439XXL,57,55,0,0,55,1
Apparel,CS601440L,429,409,369,1,40,0.097799511002445
Apparel,CS601440M,929,829,738,2,91,0.1097708082026538
Apparel,CS601440S,-814,-775,-738,-2,-37,0.04774193548387097
Apparel,CS601440XL,-211,-201,-369,-1,168,-0.835820895522388
Apparel,CS601440XXL,3,3,369,1,-366,-122
Apparel,CS601441L,-1198,-1094,-359,-1,-735,0.6718464351005484
Apparel,CS601441M,452,403,359,1,44,0.10918114143920596
Apparel,CS601441XL,133,119,359,1,-240,-2.0168067226890756
Apparel,CS601441XXL,1727,1618,1077,3,541,0.33436341161928307
Apparel,CS601442L,-3166,-3015,-2233,-6,-782,0.2593698175787728
Apparel,CS601442M,582,555,372,1,183,0.32972972972972975
Apparel,CS601442S,-823,-784,-744,-2,-40,0.05102040816326531
Apparel,CS601442XL,50,48,744,2,-696,-14.5
Apparel,CS601443L,-1063,-1012,334,1,-1346,1.3300395256916997
Apparel,CS601443M,-832,-792,0,0,-792,1
Apparel,CS601443S,960,914,668,2,246,0.26914660831509846
Apparel,CS601443XL,577,549,334,1,215,0.39162112932604737
Apparel,CS601443XXL,-946,-901,-668,-2,-233,0.2586015538290788
Apparel,CS601444L,-5227,-4761,-2872,-8,-1889,0.3967653854232304
Apparel,CS601444M,138,123,359,1,-236,-1.91869918699187
Apparel,CS601444S,452,403,359,1,44,0.10918114143920596
Apparel,CS601444XL,-1281,-1220,-1077,-3,-143,0.11721311475409836
Apparel,CS601445L,31946,28824,27388,82,1436,0.049819594782126005
Apparel,CS601445M,24150,21650,23046,69,-1396,-0.06448036951501154
Apparel,CS601445S,11050,9862,8350,25,1512,0.1533157574528493
Apparel,CS601445XL,19974,18983,17702,53,1281,0.06748143075383238
Apparel,CS601445XS,2470,2352,2408,8,-56,-0.023809523809523808
Apparel,CS601445XXL,9927,8893,7682,23,1211,0.13617451928483076
Apparel,CS601446L,-16897,-14167,-2076,-3,-12091,0.8534622714759653
Apparel,CS601446M,-7472,-5980,2076,3,-8056,1.3471571906354516
Apparel,CS601446S,872,778,692,1,86,0.11053984575835475
Apparel,CS601446XL,2222,2931,11072,16,-8141,-2.77755032412146
Apparel,CS601446XXL,-2701,-2168,0,0,-2168,1
Apparel,CS601447L,5016,4437,6228,9,-1791,-0.40365111561866124
Apparel,CS601447M,1215,1123,2076,3,-953,-0.8486197684772929
Apparel,CS601447S,-2281,-2134,-1384,-2,-750,0.3514526710402999
Apparel,CS601447XL,-2559,-1897,3460,5,-5357,2.823932525039536
Apparel,CS601447XXL,-219,-195,0,0,-195,1
Apparel,CS601448L,-10965,-9675,3485,5,-13160,1.3602067183462532
Apparel,CS601448M,-2224,-580,29971,43,-30551,52.67413793103448
Apparel,CS601448S,-2053,-1833,-2091,-3,258,-0.1407528641571195
Apparel,CS601448XL,-16205,-14267,-4182,-6,-10085,0.7068760075699166
Apparel,CS601448XXL,-4871,-4187,-697,-1,-3490,0.8335323620730833
Apparel,CS601449L,-18355,-16075,0,0,-16075,1
Apparel,CS601449M,-10059,-8637,-2091,-3,-6546,0.7579020493226815
Apparel,CS601449S,-3335,-2971,-697,-1,-2274,0.7653988556041736
Apparel,CS601449XL,-9425,-8318,-1394,-2,-6924,0.8324116374128396
Apparel,CS601449XXL,-1247,-1021,697,1,-1718,1.6826640548481882
Apparel,CS601450L,-23390,-20401,-1394,-2,-19007,0.9316700161756777
Apparel,CS601450M,-26335,-23349,-4879,-7,-18470,0.791040301511842
Apparel,CS601450S,-4803,-4122,-697,-1,-3425,0.8309073265405144
Apparel,CS601450XL,-12799,-11285,-1394,-2,-9891,0.8764731945059814
Apparel,CS601450XXL,-6540,-5724,-2788,-4,-2936,0.5129280223619846
Apparel,CS601451L,4358,3797,3510,5,287,0.07558598893863576
Apparel,CS601451M,873,780,702,1,78,0.1
Apparel,CS601451XL,2212,1975,1404,2,571,0.2891139240506329
Apparel,CS601455L,1670,1407,1384,2,23,0.016346837242359632
Apparel,CS601455M,1866,1777,2768,4,-991,-0.5576814856499719
Apparel,CS601455S,1743,1557,1384,2,173,0.1111111111111111
Apparel,CS601455XL,-4437,-4226,-2768,-4,-1458,0.3450070989115002
Apparel,CS601455XXL,-619,-589,-692,-1,103,-0.17487266553480477
Apparel,CS601456L,9764,8717,7843,11,874,0.10026385224274406
Apparel,CS601456M,-1594,-1518,-1426,-2,-92,0.06060606060606061
Apparel,CS601456XL,5909,5276,6417,9,-1141,-0.216262319939348
Apparel,CS601456XXL,3517,3140,2852,4,288,0.09171974522292993
Apparel,CS601457L,-21500,-18997,-10696,-15,-8301,0.4369637311154393
Apparel,CS601457M,-3754,-3464,-2139,-3,-1325,0.3825057736720554
Apparel,CS601457S,1797,1604,1426,2,178,0.11097256857855362
Apparel,CS601457XL,-4000,-3073,-1426,-2,-1647,0.5359583468922877
Apparel,CS601457XXL,-1156,-778,0,0,-778,1
Apparel,CS601458L,63047,60045,46200,84,13845,0.2305770671996003
Apparel,CS601458M,75093,69421,53350,97,16071,0.23150055458722865
Apparel,CS601458S,17859,17009,13200,24,3809,0.22394026691751426
Apparel,CS601458XL,25604,24286,24200,44,86,0.0035411348101787037
Apparel,CS601458XXL,10326,9381,8800,16,581,0.06193369576804179
Apparel,CS601459L,2397,2187,1338,2,849,0.38820301783264743
Apparel,CS601459M,999,952,669,1,283,0.2972689075630252
Apparel,CS601459S,104,99,0,0,99,1
Apparel,CS601459XL,2465,2348,2007,3,341,0.14522998296422487
Apparel,CS601460L,-2864,-2652,-2046,-3,-606,0.22850678733031674
Apparel,CS601460M,5136,4829,5456,8,-627,-0.12984054669703873
Apparel,CS601460S,-4756,-4529,-2728,-4,-1801,0.39765952748951205
Apparel,CS601460XL,-1610,-1534,1364,2,-2898,1.8891786179921772
Apparel,CS601460XXL,1857,1768,2046,3,-278,-0.15723981900452488
Apparel,CS601461L,4516,4301,3410,5,891,0.2071611253196931
Apparel,CS601461M,1007,899,682,1,217,0.2413793103448276
Apparel,CS601461XL,1540,1466,682,1,784,0.5347885402455662
Apparel,CS601461XXL,2378,2264,2046,3,218,0.09628975265017668
Apparel,CS601462L,14289,13609,10752,16,2857,0.20993460210155043
Apparel,CS601462M,8379,7980,6720,10,1260,0.15789473684210525
Apparel,CS601462S,-5765,-5491,-5376,-8,-115,0.020943361864869788
Apparel,CS601462XL,1595,1519,1344,2,175,0.1152073732718894
Apparel,CS601462XXL,-1713,-1530,-1344,-2,-186,0.12156862745098039
Apparel,CS601463L,2313,2067,2121,7,-54,-0.026124818577648767
Apparel,CS601463M,-773,-690,-606,-2,-84,0.12173913043478261
Apparel,CS601463XL,1145,1023,909,3,114,0.11143695014662756
Apparel,CS601464L,1235,1102,969,3,133,0.1206896551724138
Apparel,CS601464M,1238,1179,969,3,210,0.178117048346056
Apparel,CS601464XL,1052,1002,646,2,356,0.35528942115768464
Apparel,CS601465L,-24877,-22085,-6028,-8,-16057,0.7270545619198551
Apparel,CS601465M,-15405,-13706,-6028,-8,-7678,0.5601926163723917
Apparel,CS601465XL,-13479,-12128,-1507,-2,-10621,0.8757420844327177
Apparel,CS601465XXL,-218,-195,-753,-1,558,-2.8615384615384616
Apparel,CS601466L,-48287,-42587,-24864,-33,-17723,0.4161598609904431
Apparel,CS601466M,-35459,-32548,-23357,-31,-9191,0.2823829421162591
Apparel,CS601466S,-1583,-1508,-1506,-2,-2,0.001326259946949602
Apparel,CS601466XL,12956,12339,16576,22,-4237,-0.3433827700786125
Apparel,CS601466XXL,-2639,-2349,0,0,-2349,1
Apparel,CS601467L,-16478,-14282,0,0,-14282,1
Apparel,CS601467M,-36907,-33183,-20343,-27,-12840,0.3869451225024862
Apparel,CS601467S,-5430,-4758,-753,-1,-4005,0.8417402269861286
Apparel,CS601467XL,-13559,-11381,-8288,-11,-3093,0.2717687373692997
Apparel,CS601467XXL,-7273,-6440,-3765,-5,-2675,0.41537267080745344
Apparel,CS601468L,58977,56168,47520,88,8648,0.15396667141432843
Apparel,CS601468M,71524,68118,52380,97,15738,0.23104025367744208
Apparel,CS601468S,38508,36675,18900,35,17775,0.48466257668711654
Apparel,CS601468XL,31373,29348,25920,48,3428,0.11680523374676298
Apparel,CS601468XXL,12103,11527,11340,21,187,0.01622278129608745
Apparel,CS601469L,-1728,-1646,-1454,-2,-192,0.1166464155528554
Apparel,CS601469M,185,176,2908,4,-2732,-15.522727272727273
Apparel,CS601469S,-1183,-1127,-1454,-2,327,-0.290150842945874
Apparel,CS601469XL,-470,-517,0,0,-517,1
Apparel,CS601469XXL,916,818,727,1,91,0.11124694376528117
Apparel,CS601472L,80699,76745,71808,102,4937,0.06432992377353573
Apparel,CS601472M,28634,28973,11968,17,17005,0.5869257584647776
Apparel,CS601472S,10091,9610,3520,5,6090,0.6337148803329865
Apparel,CS601472XL,59154,56337,45760,65,10577,0.18774517634946838
Apparel,CS601472XS,1295,1233,0,0,1233,1
Apparel,CS601472XXL,33755,32148,30272,43,1876,0.05835510762722409
Apparel,CS601473L,142312,131181,112640,160,18541,0.1413390658708197
Apparel,CS601473M,137750,126892,110605,157,16287,0.12835324527945025
Apparel,CS601473S,70852,65033,55616,79,9417,0.14480340750080728
Apparel,CS601473XL,67835,62520,54912,78,7608,0.12168905950095969
Apparel,CS601473XS,26296,23465,17625,25,5840,0.24888131259322396
Apparel,CS601473XXL,42786,38963,32384,46,6579,0.16885250109077843
Apparel,CS601473XXXL,50570,46651,38304,48,8347,0.17892435317570898
Apparel,CS601474L,-1485,-1415,-1408,-2,-7,0.0049469964664310955
Apparel,CS601474M,-1972,-1761,-2112,-3,351,-0.19931856899488926
Apparel,CS601474S,1740,1554,704,1,850,0.546975546975547
Apparel,CS601474XL,-832,-792,-704,-1,-88,0.1111111111111111
Apparel,CS601474XS,887,792,704,1,88,0.1111111111111111
Apparel,CS601474XXL,2466,2202,704,1,1498,0.6802906448683016
Apparel,CS601475L,432,410,3006,3,-2596,-6.331707317073171
Apparel,CS601475M,-2262,-1949,7028,7,-8977,4.605951770138533
Apparel,CS601475S,7208,6435,5020,5,1415,0.2198912198912199
Apparel,CS601475XL,17324,15375,-4028,-4,19403,1.2619837398373983
Apparel,CS601475XS,-10738,-9878,-9036,-9,-842,0.08523992711075117
Apparel,CS601475XXL,-51,-61,0,0,-61,1
Apparel,CS601476L,251469,225067,169983,204,55084,0.24474489818587353
Apparel,CS601476M,221342,198055,157080,187,40975,0.20688697584004442
Apparel,CS601476S,106754,97305,72270,86,25035,0.2572837983659627
Apparel,CS601476XL,124910,115386,82332,98,33054,0.2864645624252509
Apparel,CS601476XS,22445,20138,15931,19,4207,0.20890853113516736
Apparel,CS601476XXL,59147,52999,38640,46,14359,0.2709296401818902
Apparel,CS601476XXXL,66987,60235,52360,55,7875,0.13073794305636258
Apparel,CS601477L,-430,-384,-21084,-21,20700,-53.90625
Apparel,CS601477M,6727,6359,-6024,-6,12383,1.9473187608114484
Apparel,CS601477S,12134,10843,5025,5,5818,0.536567370653878
Apparel,CS601477XL,-11513,-10122,-16067,-16,5945,-0.5873345188697886
Apparel,CS601477XS,656,625,0,0,625,1
Apparel,CS601477XXL,18871,16709,9036,9,7673,0.4592135974624454
Apparel,CS601488L,186253,166457,143021,179,23436,0.14079311774211958
Apparel,CS601488M,189486,168607,154477,179,14130,0.083804349760093
Apparel,CS601488S,95661,85892,75944,88,9948,0.11581986680948167
Apparel,CS601488XL,80259,75525,64357,80,11168,0.14787156570671964
Apparel,CS601488XS,21307,20302,18123,21,2179,0.10732932715988573
Apparel,CS601488XXL,46903,43577,35451,39,8126,0.1864745163733162
Apparel,CS601488XXXL,61298,56976,46224,54,10752,0.18871103622577928
Apparel,CS601489L,-61627,-51658,-62999,-73,11341,-0.21954005187967013
Apparel,CS601489M,-21268,-19849,-33558,-42,13709,-0.6906645171041362
Apparel,CS601489S,-86,-82,-1598,-2,1516,-18.48780487804878
Apparel,CS601489XL,-38509,-36800,-47465,-55,10665,-0.28980978260869567
Apparel,CS601489XS,-371,-353,-1726,-2,1373,-3.8895184135977336
Apparel,CS601489XXL,-41514,-39686,-41548,-52,1862,-0.04691830872347931
Apparel,CS601490L,427694,400982,266754,333,134228,0.334748193185729
Apparel,CS601490M,366147,345034,265804,308,79230,0.2296295437551082
Apparel,CS601490S,181864,169731,126861,147,42870,0.25257613517860616
Apparel,CS601490XL,239157,217650,153795,178,63855,0.2933838731909028
Apparel,CS601490XS,38336,36424,25907,33,10517,0.28873819459696903
Apparel,CS601490XXL,131135,123329,76158,95,47171,0.38248100608940316
Apparel,CS601490XXXL,50556,48076,39376,46,8700,0.18096347449871036
Apparel,CS601491601501M,12379,11053,13195,5,-2142,-0.19379354021532616
Apparel,CS601491L,-74564,-63464,-88291,-94,24827,-0.39119815958653725
Apparel,CS601491M,-71818,-62482,-86412,-92,23930,-0.38299030120674754
Apparel,CS601491S,-17963,-15239,-20664,-22,5425,-0.35599448782728527
Apparel,CS601491XL,-13365,-11496,-24068,-27,12572,-1.093597773138483
Apparel,CS601491XS,-5947,-5664,-9805,-11,4141,-0.7311087570621468
Apparel,CS601491XXL,-31824,-27445,-36818,-41,9373,-0.3415194024412461
Apparel,CS601492601502M,32407,28935,70915,14,-41980,-1.4508380853637464
Apparel,CS601492L,-47665,-45329,-71384,-76,26055,-0.5747975909461934
Apparel,CS601492M,-87053,-75762,-102380,-109,26618,-0.3513370819144162
Apparel,CS601492S,-13922,-13259,-18907,-20,5648,-0.42597480956331546
Apparel,CS601492XL,-54582,-46722,-60096,-62,13374,-0.286246307949146
Apparel,CS601492XS,-7595,-7233,-8453,-9,1220,-0.16867136734411725
Apparel,CS601492XXL,-41395,-36092,-41680,-43,5588,-0.15482655436107726
Apparel,CS601493L,1050,1000,889,1,111,0.111
Apparel,CS601493M,-384,-366,-939,-1,573,-1.5655737704918034
Apparel,CS601493S,-1942,-1849,-1878,-2,29,-0.01568415359653867
Apparel,CS601493XL,1383,1317,0,0,1317,1
Apparel,CS601493XXL,-384,-366,-969,-1,603,-1.6475409836065573
Apparel,CS6014946S,1695,1513,530,1,983,0.6497025776602776
Apparel,CS601494L,-384,-366,-939,-1,573,-1.5655737704918034
Apparel,CS601494M,1311,1249,939,1,310,0.24819855884707767
Apparel,CS601494S,55,53,0,0,53,1
Apparel,CS601495L,-3772,-3592,-3564,-4,-28,0.0077951002227171495
Apparel,CS601495M,2492,2286,1879,2,407,0.17804024496937884
Apparel,CS601495S,-1612,-1536,-1782,-2,246,-0.16015625
Apparel,CS601495XL,2330,2219,1878,2,341,0.15367282559711581
Apparel,CS601495XS,-1269,-1133,-1878,-2,745,-0.6575463371579876
Apparel,CS601496L,920,876,861,1,15,0.017123287671232876
Apparel,CS601496S,48,46,0,0,46,1
Apparel,CS601496XL,26,25,0,0,25,1
Apparel,CS601497L,646,616,931,1,-315,-0.5113636363636364
Apparel,CS601497S,2726,2596,2731,3,-135,-0.052003081664098616
Apparel,CS601497XXL,113,108,1821,2,-1713,-15.86111111111111
Apparel,CS601498L,155,139,0,0,139,1
Apparel,CS601498M,82,59,0,0,59,1
Apparel,CS601498S,-39,-35,0,0,-35,1
Apparel,CS601500L,-682,-649,-895,-1,246,-0.3790446841294299
Apparel,CS601500M,-1757,-1673,-1878,-2,205,-0.12253436939629408
Apparel,CS601500XL,-384,-366,-939,-1,573,-1.5655737704918034
Apparel,CS601500XS,1105,1053,889,1,164,0.1557454890788224
Apparel,CS601501L,-57454,-53940,-68495,-95,14555,-0.2698368557656656
Apparel,CS601501M,39257,36943,5033,7,31910,0.8637630944969277
Apparel,CS601501S,1809,1782,-3975,-5,5757,3.2306397306397305
Apparel,CS601501XL,-42890,-40847,-54075,-75,13228,-0.3238426322618552
Apparel,CS601501XS,-3374,-3210,-5047,-7,1837,-0.5722741433021807
Apparel,CS601501XXL,-13002,-12089,-16695,-21,4606,-0.3810075275043428
Apparel,CS601502L,-59782,-56406,-67586,-94,11180,-0.19820586462433074
Apparel,CS601502M,-61858,-58913,-66780,-84,7867,-0.1335358919084073
Apparel,CS601502S,-2236,-2129,-6784,-8,4655,-2.186472522310944
Apparel,CS601502XL,-42283,-40083,-47700,-60,7617,-0.1900306863258738
Apparel,CS601502XS,-6162,-5868,-6360,-8,492,-0.08384458077709611
Apparel,CS601502XXL,-6286,-5987,-6360,-8,373,-0.06230165358276265
Apparel,CS601503L,-22360,-21284,-31800,-40,10516,-0.49408006013907163
Apparel,CS601503M,-7715,-7347,-25884,-36,18537,-2.523070641077991
Apparel,CS601503S,4927,4693,696,1,3997,0.8516940123588324
Apparel,CS601503XL,-70269,-66918,-65190,-82,-1728,0.025822648614722495
Apparel,CS601503XS,-2068,-2041,-3975,-5,1934,-0.9475747182753552
Apparel,CS601503XXL,15379,15802,9540,12,6262,0.3962789520313884
Apparel,CS601504L,-66302,-63140,-73140,-92,10000,-0.15837820715869497
Apparel,CS601504M,26044,24804,-721,-1,25525,1.0290678922754395
Apparel,CS601504S,10249,9761,3198,4,6563,0.6723696342587849
Apparel,CS601504XL,-61661,-53615,-57240,-72,3625,-0.06761167583698592
Apparel,CS601504XS,-2320,-2210,-5047,-7,2837,-1.283710407239819
Apparel,CS601504XXL,25406,24196,16809,24,7387,0.30529839642916184
Apparel,CS601505L,48009,43327,19875,25,23452,0.5412791100237727
Apparel,CS601505M,30775,31598,8628,12,22970,0.7269447433381859
Apparel,CS601505S,19067,18159,9105,13,9054,0.4985957376507517
Apparel,CS601505XL,-38856,-36996,-47586,-66,10590,-0.2862471618553357
Apparel,CS601505XS,7842,7472,3605,5,3867,0.5175321199143469
Apparel,CS601505XXL,27451,27295,15818,22,11477,0.42047994138120537
Apparel,CS601506L,-71517,-59057,-67956,-85,8899,-0.1506849315068493
Apparel,CS601506M,-4206,-2691,-13515,-17,10824,-4.022296544035674
Apparel,CS601506S,-7393,-7041,-13307,-19,6266,-0.889930407612555
Apparel,CS601506XL,-44112,-41460,-51912,-72,10452,-0.2520984081041968
Apparel,CS601506XS,-1539,-1466,-4326,-6,2860,-1.950886766712142
Apparel,CS601506XXL,-17018,-16857,-19413,-27,2556,-0.15162840363053925
Apparel,CS601507L,69530,66219,52140,60,14079,0.2126126942418339
Apparel,CS601507M,25185,24247,14145,15,10102,0.41662886130242915
Apparel,CS601507S,27035,25748,19987,23,5761,0.2237455336336803
Apparel,CS601507XL,44779,42647,32779,41,9868,0.2313879053626281
Apparel,CS601507XS,88653,81254,67896,72,13358,0.16439806040318014
Apparel,CS601507XXL,54898,50748,42435,45,8313,0.16380941120832349
Apparel,CS601508L,55338,52708,37215,45,15493,0.29394019883129696
Apparel,CS601508M,33830,32219,18194,22,14025,0.43530215090474567
Apparel,CS601508S,22139,21085,14886,18,6199,0.2940004742708086
Apparel,CS601508XL,36213,34489,23983,29,10506,0.3046188639856186
Apparel,CS601508XS,43136,41082,33080,40,8002,0.19478116936857992
Apparel,CS601508XXL,42707,40674,32753,37,7921,0.1947435708314894
Apparel,CS601509L,68995,63622,50112,54,13510,0.21234792996133414
Apparel,CS601509M,2606,2482,-1392,-2,3874,1.5608380338436745
Apparel,CS601509S,-5494,-5233,-6264,-9,1031,-0.197018918402446
Apparel,CS601509XL,-4828,-4673,-7362,-9,2689,-0.5754333404665097
Apparel,CS601509XS,32411,30868,22594,26,8274,0.26804457690812494
Apparel,CS601509XXL,54518,51922,40843,47,11079,0.21337775894611147
Apparel,CS601510L,5807,5530,3940,10,1590,0.2875226039783002
Apparel,CS601510M,786,749,658,2,91,0.12149532710280374
Apparel,CS601510XL,142,135,49,0,86,0.6370370370370371
Apparel,CS601511L,9298,8856,5922,18,2934,0.3313008130081301
Apparel,CS601511M,-177,-169,0,0,-169,1
Apparel,CS601511S,-254,-242,0,0,-242,1
Apparel,CS601511XL,-633,-603,0,0,-603,1
Apparel,CS601512L,39955,37860,31280,95,6580,0.17379820390913894
Apparel,CS601512M,26963,25558,24036,73,1522,0.05955082557320604
Apparel,CS601512S,17039,15724,16968,42,-1244,-0.07911472907657084
Apparel,CS601512XL,28645,26937,27472,68,-535,-0.019861157515684746
Apparel,CS601512XS,473,451,808,2,-357,-0.7915742793791575
Apparel,CS601512XXL,9482,8466,8888,22,-422,-0.049846444601937163
Apparel,CS601513L,526,470,404,1,66,0.14042553191489363
Apparel,CS601513M,246,234,394,1,-160,-0.6837606837606838
Apparel,CS601513S,0,0,0,0,0,NaN
Apparel,CS601513XXL,778,741,808,2,-67,-0.09041835357624832
Apparel,CS601514L,-254,-242,0,0,-242,1
Apparel,CS601514M,200,190,788,2,-598,-3.1473684210526316
Apparel,CS601514S,0,0,0,0,0,NaN
Apparel,CS601514XL,186,177,0,0,177,1
Apparel,CS601515L,2158,1771,13984,38,-12213,-6.896103896103896
Apparel,CS601515M,-8985,-8558,0,0,-8558,1
Apparel,CS601515S,-2484,-2366,-1212,-3,-1154,0.48774302620456467
Apparel,CS601515XL,-4299,-4094,0,0,-4094,1
Apparel,CS601515XXL,422,402,0,0,402,1
Apparel,CS601516L,3375,3214,1970,5,1244,0.38705662725575607
Apparel,CS601516M,-291,-277,0,0,-277,1
Apparel,CS601516S,401,382,134,1,248,0.6492146596858639
Apparel,CS601516XL,-141,-134,0,0,-134,1
Apparel,CS601516XXL,437,416,180,0,236,0.5673076923076923
Apparel,CS601517L,-6451,-6272,1695,5,-7967,1.270248724489796
Apparel,CS601517M,-12518,-11922,-5430,-16,-6492,0.5445395067941621
Apparel,CS601517S,-2708,-2579,-808,-2,-1771,0.6867002714230321
Apparel,CS601517XL,-7631,-7267,-1695,-5,-5572,0.7667538186321728
Apparel,CS601517XXL,-489,-465,0,0,-465,1
Apparel,CS601518L,-11212,-10678,-5656,-14,-5022,0.47031279265780107
Apparel,CS601518M,-13328,-12693,-6102,-18,-6591,0.5192625856771449
Apparel,CS601518XL,-304,-290,339,1,-629,2.168965517241379
Apparel,CS601518XXL,437,416,0,0,416,1
Apparel,CS601519L,-9053,-8622,-3054,-9,-5568,0.6457898399443285
Apparel,CS601519M,-12080,-11505,-5424,-16,-6081,0.5285528031290743
Apparel,CS601519S,54,52,19,0,33,0.6346153846153846
Apparel,CS601519XL,1157,1102,394,1,708,0.6424682395644283
Apparel,CS601519XXL,45,43,0,0,43,1
Apparel,CS601520L,-10683,-10174,-4334,-11,-5840,0.5740121879300177
Apparel,CS601520M,-11211,-10677,-5424,-16,-5253,0.4919921326215229
Apparel,CS601520XL,-5262,-5012,-2424,-6,-2588,0.5163607342378292
Apparel,CS601520XXL,-3965,-3777,-2020,-5,-1757,0.46518400847233254
Apparel,CS601521L,714,680,394,1,286,0.42058823529411765
Apparel,CS601521M,-291,-277,0,0,-277,1
Apparel,CS601521S,-289,-275,0,0,-275,1
Apparel,CS601521XL,14,13,0,0,13,1
Apparel,CS601522L,-619,-590,0,0,-590,1
Apparel,CS601522M,200,191,0,0,191,1
Apparel,CS601522S,-14,-13,0,0,-13,1
Apparel,CS601522XL,0,0,0,0,0,NaN
Apparel,CS601522XXL,0,0,0,0,0,NaN
Apparel,CS601523L,135,128,0,0,128,1
Apparel,CS601523M,1374,1227,1092,3,135,0.1100244498777506
Apparel,CS601523S,-458,-409,-364,-1,-45,0.1100244498777506
Apparel,CS601523XXL,-431,-410,-364,-1,-46,0.11219512195121951
Apparel,CS601524L,-7140,-5888,2448,4,-8336,1.4157608695652173
Apparel,CS601524M,-3510,-2614,0,0,-2614,1
Apparel,CS601524S,-2532,-2138,-1224,-2,-914,0.4275023386342376
Apparel,CS601524XL,-7386,-6396,-612,-1,-5784,0.9043151969981238
Apparel,CS601524XXL,-4824,-4214,-1836,-3,-2378,0.5643094447081158
Apparel,CS601525L,-7864,-6502,-612,-1,-5890,0.9058751153491233
Apparel,CS601525M,-10582,-9015,-1836,-3,-7179,0.7963394342762063
Apparel,CS601525S,-5072,-4527,-1224,-2,-3303,0.7296222664015904
Apparel,CS601525XL,-5588,-4715,612,1,-5327,1.129798515376458
Apparel,CS601525XXL,-3052,-2678,0,0,-2678,1
Apparel,CS601526L,-12906,-11373,-1224,-2,-10149,0.8923766816143498
Apparel,CS601526M,-6724,-5766,0,0,-5766,1
Apparel,CS601526S,42,163,612,1,-449,-2.754601226993865
Apparel,CS601526XL,-6218,-5314,-1836,-3,-3478,0.6544975536319156
Apparel,CS601526XXL,-2971,-2570,612,1,-3182,1.2381322957198444
Apparel,CS601527L,-3639,-2767,6848,13,-9615,3.4748825442717743
Apparel,CS601527M,-6015,-4802,0,1,-4802,1
Apparel,CS601527S,-5518,-5168,-2054,-2,-3114,0.6025541795665634
Apparel,CS601527XL,-5572,-4773,1370,3,-6143,1.2870312172637755
Apparel,CS601527XXL,-1606,-1370,685,2,-2055,1.5
Apparel,CS601528L,-1366,-1220,-1224,-2,4,-0.003278688524590164
Apparel,CS601528M,-4223,-4022,-3672,-6,-350,0.0870213823968175
Apparel,CS601528S,1802,1716,1224,2,492,0.2867132867132867
Apparel,CS601528XL,1050,1000,1224,2,-224,-0.224
Apparel,CS601528XXL,1878,1788,1224,2,564,0.31543624161073824
Apparel,CS601529L,1025,976,0,0,976,1
Apparel,CS601529M,-1495,-1424,1054,3,-2478,1.7401685393258426
Apparel,CS601529XL,154,87,703,2,-616,-7.080459770114943
Apparel,CS601529XXL,830,791,702,2,89,0.1125158027812895
Apparel,CS601530L,18154,17289,22032,36,-4743,-0.2743362831858407
Apparel,CS601530M,11103,10575,14077,23,-3502,-0.3311583924349882
Apparel,CS601530XL,21574,20547,25094,41,-4547,-0.2212975130189322
Apparel,CS601530XXL,-2073,-1975,-1836,-3,-139,0.07037974683544304
Apparel,CS601531L,780858,737352,627712,1024,109640,0.14869424643860735
Apparel,CS601531M,744609,702311,608709,993,93602,0.1332771379061413
Apparel,CS601531S,440021,395573,307726,502,87847,0.22207531858847798
Apparel,CS601531XL,613470,553081,479366,782,73715,0.1332806587100262
Apparel,CS601531XS,46723,40876,45294,74,-4418,-0.10808298267932283
Apparel,CS601531XXL,397914,359062,288723,471,70339,0.1958965304042199
Apparel,CS601531XXXL,224011,202688,129024,256,73664,0.3634354278497
Apparel,CS601532L,229168,213806,142572,218,71234,0.3331711925764478
Apparel,CS601532M,182403,163058,102678,157,60380,0.37029768548614606
Apparel,CS601532S,40489,36285,18312,28,17973,0.4953286482017363
Apparel,CS601532XL,157605,149815,115104,176,34711,0.23169242065213763
Apparel,CS601532XS,5632,5433,-3924,-6,9357,1.7222528989508559
Apparel,CS601532XXL,51396,45985,20928,32,25057,0.544895074480809
Apparel,CS601533L,213389,199952,144534,221,55418,0.2771565175642154
Apparel,CS601533M,165878,144673,82404,126,62269,0.43041203265294836
Apparel,CS601533S,31231,27100,23544,36,3556,0.13121771217712178
Apparel,CS601533XL,293499,281657,226938,347,54719,0.19427530648980854
Apparel,CS601533XS,18166,16754,5232,8,11522,0.6877163662408977
Apparel,CS601533XXL,47592,44610,13734,21,30876,0.6921318090114325
Apparel,CS601536L,-4931,-4448,-3876,-6,-572,0.12859712230215828
Apparel,CS601536M,7365,6576,5814,9,762,0.11587591240875912
Apparel,CS601536S,2009,1913,1939,3,-26,-0.013591217982226868
Apparel,CS601536XL,2104,2004,1292,2,712,0.35528942115768464
Apparel,CS601536XXL,-2208,-2103,-1938,-3,-165,0.07845934379457917
Apparel,CS601549L,1825,1447,1312,1,135,0.09329647546648238
Apparel,CS601549M,-1744,-1559,-1312,-1,-247,0.15843489416292494
Apparel,CS601549S,423,195,0,0,195,1
Apparel,CS601550L,-12337,-11138,3936,3,-15074,1.353384808762794
Apparel,CS601550M,-21807,-19022,-5248,-4,-13774,0.7241089265061508
Apparel,CS601550S,-32498,-29016,-14432,-11,-14584,0.5026192445547284
Apparel,CS601550XL,-2431,-2170,0,0,-2170,1
Apparel,CS601551L,1841,1559,2400,2,-841,-0.5394483643361129
Apparel,CS601551M,-4902,-4535,0,0,-4535,1
Apparel,CS601551S,7,7,2400,2,-2393,-341.85714285714283
Apparel,CS601551XL,1795,1350,1200,1,150,0.1111111111111111
Apparel,CS601551XXL,-5820,-5449,-4800,-4,-649,0.11910442282987704
Apparel,CS601552L,-5889,-6649,-22927,-20,16278,-2.448187697398105
Apparel,CS601552M,1655,1315,-6878,-6,8193,6.230418250950571
Apparel,CS601552S,-4173,-3887,-3438,-3,-449,0.11551324929251351
Apparel,CS601552XL,-13183,-12259,-13756,-12,1497,-0.12211436495635859
Apparel,CS601552XXL,-2681,-2553,-2292,-2,-261,0.10223266745005875
Apparel,CS601712L,-16516,-14663,-808,1,-13855,0.9448953147377753
Apparel,CS601712M,-15304,-13509,-4040,-10,-9469,0.7009401139980753
Apparel,CS601712S,-3840,-3313,-404,-1,-2909,0.8780561424690613
Apparel,CS601712XL,-6473,-5684,-404,1,-5280,0.9289232934553132
Apparel,CS601712XXL,-3468,-2959,808,3,-3767,1.2730652247380871
Apparel,CS601713,4,4,796,0,-792,-198
Apparel,CS601713L,554,528,0,0,528,1
Apparel,CS601713M,444,423,0,0,423,1
Apparel,CS601713S,97,117,0,0,117,1
Apparel,CS601713XL,-9,-8,0,0,-8,1
Apparel,CS601713XXL,739,704,2256,2,-1552,-2.2045454545454546
Apparel,CS601714L,-1081,-1029,-2165,-5,1136,-1.1039844509232264
Apparel,CS601714M,-211,-201,-866,-2,665,-3.308457711442786
Apparel,CS601714XL,1200,1143,1299,3,-156,-0.13648293963254593
Apparel,CS601714XXL,-240,-204,0,0,-204,1
Apparel,CS601715L,512,487,433,1,54,0.11088295687885011
Apparel,CS601715XL,1535,1462,1299,3,163,0.11149110807113544
Apparel,CS601715XXL,420,400,1210,0,-810,-2.025
Apparel,CS601716L,87455,83290,72675,150,10615,0.12744627206147197
Apparel,CS601716M,75215,70286,57368,142,12918,0.183791935805139
Apparel,CS601716S,42873,40832,32724,81,8108,0.19856974921630094
Apparel,CS601716XL,43637,41559,33936,84,7623,0.18342597271349168
Apparel,CS601716XS,1029,980,808,2,172,0.17551020408163265
Apparel,CS601716XXL,10143,9660,8080,20,1580,0.16356107660455488
Apparel,CS601717L,10091,9611,12728,2,-3117,-0.3243158880449485
Apparel,CS601717M,6803,6479,0,0,6479,1
Apparel,CS601717S,4195,3996,2020,5,1976,0.4944944944944945
Apparel,CS601717XL,10778,10265,404,1,9861,0.9606429615197273
Apparel,CS601718L,1731,1649,10825,25,-9176,-5.564584596725288
Apparel,CS601718M,1026,978,433,1,545,0.5572597137014315
Apparel,CS601718S,176,167,-433,-1,600,3.592814371257485
Apparel,CS601718XL,-4493,-4279,-3464,-8,-815,0.19046506193035756
Apparel,CS601718XS,1,1,1,0,0,0
Apparel,CS601718XXL,-759,-723,866,2,-1589,2.1977869986168743
Apparel,CS601719,421,401,140,1,261,0.6508728179551122
Apparel,CS601719L,1688,1608,3031,7,-1423,-0.8849502487562189
Apparel,CS601719M,-5451,-5191,0,0,-5191,1
Apparel,CS601719S,426,406,207,0,199,0.49014778325123154
Apparel,CS601719XL,4619,4399,3466,8,933,0.21209365764946578
Apparel,CS601719XS,512,487,345,1,142,0.2915811088295688
Apparel,CS601719XXL,-35,-33,866,2,-899,27.242424242424242
Apparel,CS601720L,-7781,-7411,360,1,-7771,1.0485764404263933
Apparel,CS601720M,-1871,-1782,-2520,-7,738,-0.41414141414141414
Apparel,CS601720XL,5782,5507,9583,6,-4076,-0.7401489013982204
Apparel,CS601720XXL,-1284,-1223,-1080,-3,-143,0.1169255928045789
Apparel,CS601721L,-18372,-17497,-3464,-8,-14033,0.8020232039778248
Apparel,CS601721M,6221,5804,866,2,4938,0.8507925568573398
Apparel,CS601721S,494,470,0,0,470,1
Apparel,CS601721XL,-3169,-3018,4763,11,-7781,2.5781974817760105
Apparel,CS601721XXL,-20636,-19653,-10825,-25,-8828,0.449193507352567
Apparel,CS601722L,-30720,-29257,-12565,-29,-16692,0.5705301295416482
Apparel,CS601722M,38339,36513,32908,76,3605,0.09873195848054117
Apparel,CS601722S,4812,4583,4155,2,428,0.09338861008073314
Apparel,CS601722XL,36051,34334,34207,79,127,0.003698957301799965
Apparel,CS601722XS,512,487,250,1,237,0.486652977412731
Apparel,CS601722XXL,-26697,-25426,-5196,-12,-20230,0.7956422559584677
Apparel,CS601723L,-8204,-6797,1864,4,-8661,1.2742386346917758
Apparel,CS601723M,-18201,-16162,-2796,-6,-13366,0.8270016087117931
Apparel,CS601723S,-7304,-6767,0,0,-6767,1
Apparel,CS601723XL,-4844,-3962,932,2,-4894,1.2352347299343767
Apparel,CS601723XXL,-1985,-1891,-1398,-3,-493,0.2607086197778953
Apparel,CS601724,-487,-464,6366,0,-6830,14.719827586206897
Apparel,CS601724L,1829,1742,932,2,810,0.46498277841561425
Apparel,CS601724M,-1346,-1282,0,0,-1282,1
Apparel,CS601724S,11630,11076,7922,17,3154,0.2847598410978693
Apparel,CS601724XL,2664,2537,2330,5,207,0.08159243200630666
Apparel,CS601724XXL,893,851,590,1,261,0.30669800235017625
Apparel,CS601725L,1447,1378,1725,3,-347,-0.25181422351233673
Apparel,CS601725M,550,524,221,1,303,0.5782442748091603
Apparel,CS601725S,-766,-730,-466,-1,-264,0.36164383561643837
Apparel,CS601725XL,939,894,1150,2,-256,-0.28635346756152125
Apparel,CS601725XXL,754,718,500,0,218,0.30362116991643456
Apparel,CS601726,1385,1319,3204,2,-1885,-1.4291129643669447
Apparel,CS601726L,550,524,466,1,58,0.11068702290076336
Apparel,CS601726M,-152,-145,426,0,-571,3.9379310344827587
Apparel,CS601726S,319,304,466,1,-162,-0.5328947368421053
Apparel,CS601726XL,1010,902,466,1,436,0.48337028824833705
Apparel,CS601726XXL,984,937,466,1,471,0.5026680896478122
Apparel,CS601727L,-49340,-46990,17708,38,-64698,1.3768461374760588
Apparel,CS601727M,-8356,-7958,50328,108,-58286,7.324202060819301
Apparel,CS601727S,-43623,-41546,3262,7,-44808,1.0785153805420498
Apparel,CS601727XL,34247,32617,61512,132,-28895,-0.8858877272587914
Apparel,CS601727XXL,-18426,-17549,1864,4,-19413,1.1062168784546127
Apparel,CS601728L,75278,71694,107180,230,-35486,-0.49496471113342816
Apparel,CS601728M,85497,81425,107180,230,-25755,-0.31630334663801046
Apparel,CS601728S,32373,30832,26096,56,4736,0.15360664244940322
Apparel,CS601728XL,39695,37805,70680,114,-32875,-0.8695939690517127
Apparel,CS601728XXL,-38087,-36273,-6524,-14,-29749,0.8201417031952141
Apparel,CS601729,2337,2225,1947,4,278,0.1249438202247191
Apparel,CS601729L,379,361,4635,9,-4274,-11.839335180055402
Apparel,CS601729M,412,392,1030,2,-638,-1.6275510204081634
Apparel,CS601729S,550,524,207,1,317,0.6049618320610687
Apparel,CS601729XL,638,608,466,1,142,0.23355263157894737
Apparel,CS601729XXL,-1635,-1558,-1030,-2,-528,0.33889602053915274
Apparel,CS601730L,61150,58238,73932,183,-15694,-0.2694804079810433
Apparel,CS601730M,-23623,-22498,3232,8,-25730,1.1436572139745755
Apparel,CS601730S,-3756,-3577,-1938,-4,-1639,0.45820519988817443
Apparel,CS601730XL,-23628,-22503,-404,-1,-22099,0.9820468381993512
Apparel,CS601730XXL,-2154,-2052,1616,4,-3668,1.7875243664717348
Apparel,CS601731L,12656,12054,25452,63,-13398,-1.1114982578397212
Apparel,CS601731M,-9144,-8709,-2020,-5,-6689,0.7680560339878287
Apparel,CS601731S,-3005,-2862,-1212,-3,-1650,0.5765199161425576
Apparel,CS601731XL,-3133,-2984,0,0,-2984,1
Apparel,CS601731XXL,-2735,-2605,-1212,-3,-1393,0.5347408829174665
Apparel,CS601732L,-23023,-21927,4848,12,-26775,1.22109727732932
Apparel,CS601732M,-3964,-3775,0,0,-3775,1
Apparel,CS601732S,-2912,-2774,-808,-2,-1966,0.7087238644556597
Apparel,CS601732XL,-3214,-3061,-2424,-6,-637,0.20810192747468148
Apparel,CS601732XXL,-1346,-1282,808,2,-2090,1.6302652106084243
Apparel,CS601733L,11826,11224,4848,12,6376,0.5680684248039914
Apparel,CS601733M,-1683,-1603,-404,-1,-1199,0.7479725514660013
Apparel,CS601733XL,-4157,-3997,0,0,-3997,1
Apparel,CS601733XXL,-2705,-2576,-1616,-4,-960,0.37267080745341613
Apparel,CS601734L,15984,15188,14140,35,1048,0.06900184356070582
Apparel,CS601734M,1716,1634,-4848,-12,6482,3.966952264381885
Apparel,CS601734S,477,455,404,1,51,0.11208791208791209
Apparel,CS601734XL,5307,5265,-2828,-7,8093,1.5371320037986704
Apparel,CS601734XXL,3554,3021,2020,5,1001,0.3313472360145647
Apparel,CS601735L,-4391,-4182,-788,-2,-3394,0.8115734098517455
Apparel,CS601735M,5528,5265,4728,12,537,0.101994301994302
Apparel,CS601735S,-3592,-3421,1212,3,-4633,1.354282373574978
Apparel,CS601735XL,7871,7496,4444,11,3052,0.4071504802561366
Apparel,CS601735XXL,-2742,-2611,-808,-2,-1803,0.6905400229797013
Apparel,CS601736L,-4539,-4323,2828,7,-7151,1.654175341198242
Apparel,CS601736M,-5966,-5682,-2020,-5,-3662,0.6444913762759592
Apparel,CS601736S,477,455,160,1,295,0.6483516483516484
Apparel,CS601736XL,-3128,-2979,-404,-1,-2575,0.8643840214837194
Apparel,CS601736XXL,-209,-199,0,0,-199,1
Apparel,CS601737,494,470,165,1,305,0.648936170212766
Apparel,CS601737L,5929,5646,2424,6,3222,0.5706695005313497
Apparel,CS601737M,4945,4710,4444,11,266,0.0564755838641189
Apparel,CS601737S,1373,1308,1452,3,-144,-0.11009174311926606
Apparel,CS601737XL,3809,3627,2904,6,723,0.19933829611248965
Apparel,CS601737XXL,366,348,404,1,-56,-0.16091954022988506
Apparel,CS601738L,-2820,-2625,-2020,-5,-605,0.23047619047619047
Apparel,CS601738M,471,449,404,1,45,0.10022271714922049
Apparel,CS601738XL,1963,1869,1616,4,253,0.135366506153023
Apparel,CS601738XXL,1776,1691,1212,3,479,0.283264340626848
Apparel,CS601739L,86547,82425,79588,197,2837,0.034419168941461936
Apparel,CS601739M,-1022,-973,-404,-1,-569,0.5847893114080165
Apparel,CS601739S,256,244,241,0,3,0.012295081967213115
Apparel,CS601739XL,-22261,-21201,-1212,-3,-19989,0.9428328852412622
Apparel,CS601739XXL,-6583,-6270,-1212,-3,-5058,0.8066985645933015
Apparel,CS601740L,-4100,-2917,16564,42,-19481,6.678436750085704
Apparel,CS601740M,-14030,-12374,-404,2,-11970,0.9673508970421852
Apparel,CS601740S,-6067,-5401,-1190,-2,-4211,0.7796704314015923
Apparel,CS601740XL,-8823,-7643,-808,-2,-6835,0.8942823498626193
Apparel,CS601740XXL,-6712,-5937,-1616,-4,-4321,0.7278086575711639
Apparel,CS601741L,-7468,-6143,9696,24,-15839,2.578381898095393
Apparel,CS601741M,-13063,-11407,-1616,-4,-9791,0.8583326027877619
Apparel,CS601741S,-4950,-4455,-404,-1,-4051,0.9093153759820426
Apparel,CS601741XL,-8037,-7107,-404,1,-6703,0.943154636274096
Apparel,CS601741XXL,-4451,-3859,-404,-1,-3455,0.8953096657165068
Apparel,CS601742L,128441,123668,120694,259,2974,0.024048258239803343
Apparel,CS601742M,30173,29965,32620,70,-2655,-0.0886033705990322
Apparel,CS601742S,-9783,-8449,466,1,-8915,1.0551544561486565
Apparel,CS601742XL,-6481,-5377,-2796,-6,-2581,0.4800074390924307
Apparel,CS601742XXL,-6037,-5460,-2796,-6,-2664,0.4879120879120879
Apparel,CS601743L,80076,76841,77356,166,-515,-0.006702151195325412
Apparel,CS601743M,16872,16766,24698,53,-7932,-0.4731003220804008
Apparel,CS601743S,-731,-407,1398,3,-1805,4.434889434889435
Apparel,CS601743XL,15213,14995,11184,24,3811,0.2541513837945982
Apparel,CS601743XXL,1093,1134,466,1,668,0.5890652557319224
Apparel,CS601744,3563,3182,5611,4,-2429,-0.7633563796354494
Apparel,CS601744L,81845,75704,70700,100,5004,0.06609954559864736
Apparel,CS601744M,69573,66260,65044,92,1216,0.018351946875943253
Apparel,CS601744S,27225,25870,25452,36,418,0.01615771163509857
Apparel,CS601744XL,47259,43522,38885,55,4637,0.1065438169201783
Apparel,CS601744XXL,17666,16825,14847,21,1978,0.1175631500742942
Apparel,CS601745L,98836,94129,139334,299,-45205,-0.4802451954233021
Apparel,CS601745M,59762,56916,85744,184,-28828,-0.5065008082085881
Apparel,CS601745S,-2161,-2058,3262,7,-5320,2.5850340136054424
Apparel,CS601745XL,-28858,-27484,4660,10,-32144,1.169553194585941
Apparel,CS601745XXL,-14194,-13518,-2330,-5,-11188,0.8276372244414855
Apparel,CS601746L,73028,69550,153780,330,-84230,-1.2110711718188354
Apparel,CS601746M,14581,13887,62910,135,-49023,-3.5301360985093972
Apparel,CS601746S,-8494,-8089,1398,3,-9487,1.172827296328347
Apparel,CS601746XL,32863,31298,70366,151,-39068,-1.248258674675698
Apparel,CS601746XXL,-19741,-18801,-3728,-8,-15073,0.8017126748577204
Apparel,CS601747L,20382,19412,40400,100,-20988,-1.0811868947043066
Apparel,CS601747M,5833,5237,3636,9,1601,0.3057093755967157
Apparel,CS601747XL,5447,5188,13332,33,-8144,-1.5697764070932922
Apparel,CS601747XXL,85,81,3636,9,-3555,-43.888888888888886
Apparel,CS601748L,56473,53784,91708,227,-37924,-0.7051167633496951
Apparel,CS601748M,32021,30496,36764,91,-6268,-0.2055351521511018
Apparel,CS601748S,339,323,213,0,110,0.34055727554179566
Apparel,CS601748XL,-6944,-6613,2828,7,-9441,1.4276425223045517
Apparel,CS601748XXL,-1787,-1702,2020,5,-3722,2.1868390129259696
Apparel,CS601749L,6840,6514,19392,48,-12878,-1.9769726742400981
Apparel,CS601749M,-8184,-7794,-808,-2,-6986,0.8963305106492173
Apparel,CS601749XL,-5123,-4879,-3636,-9,-1243,0.25476532076245134
Apparel,CS601749XXL,-4864,-4602,-2020,-5,-2582,0.5610604085180356
Apparel,CS601750L,-9948,-9474,-403,-1,-9071,0.9574625290268102
Apparel,CS601750M,-9609,-9152,-1140,-3,-8012,0.8754370629370629
Apparel,CS601750S,-2101,-2001,-380,-1,-1621,0.8100949525237381
Apparel,CS601750XL,-4112,-3916,-760,-2,-3156,0.8059244126659857
Apparel,CS601750XXL,-3841,-3658,-1152,-3,-2506,0.6850738108255877
Apparel,CS601751L,-30010,-28581,-10908,-27,-17673,0.6183478534690878
Apparel,CS601751M,-8545,-8138,-404,-1,-7734,0.9503563529122635
Apparel,CS601751S,-3906,-3720,-2020,-5,-1700,0.45698924731182794
Apparel,CS601751XL,-7429,-7075,-3636,-9,-3439,0.4860777385159011
Apparel,CS601751XXL,-2176,-2073,-404,-1,-1669,0.8051133622768933
Apparel,CS601752L,9640,10435,13514,29,-3079,-0.2950646861523718
Apparel,CS601752M,31,753,2330,5,-1577,-2.094289508632138
Apparel,CS601752S,-9860,-8688,-1398,-3,-7290,0.8390883977900553
Apparel,CS601752XL,-7210,-6466,0,0,-6466,1
Apparel,CS601752XXL,-3989,-3544,-1611,-3,-1933,0.5454288939051919
Apparel,CS601753L,7912,8693,22368,48,-13675,-1.5731047969630738
Apparel,CS601753M,3989,4273,14912,32,-10639,-2.4898197987362507
Apparel,CS601753S,-13007,-11550,-3262,-7,-8288,0.7175757575757575
Apparel,CS601753XL,-6695,-5723,2330,5,-8053,1.4071291280796785
Apparel,CS601753XXL,-5992,-5345,-3262,-7,-2083,0.3897100093545369
Apparel,CS601754L,12768,13462,38212,82,-24750,-1.83850839399792
Apparel,CS601754M,-1176,-250,6524,14,-6774,27.096
Apparel,CS601754S,-14566,-12755,-1864,-4,-10891,0.8538612308898471
Apparel,CS601754XL,-6454,-4754,-2330,-5,-2424,0.5098864114429954
Apparel,CS601754XXL,-3730,-3331,-466,-1,-2865,0.860102071450015
Apparel,CS601755L,-6781,-5992,8388,18,-14380,2.3998664886515355
Apparel,CS601755M,3329,3171,10718,23,-7547,-2.380006307158625
Apparel,CS601755S,-7810,-6802,466,1,-7268,1.06850926198177
Apparel,CS601755XL,-10044,-8998,-2796,-6,-6202,0.6892642809513225
Apparel,CS601755XXL,-5344,-4646,-1398,-3,-3248,0.6990959965561774
Apparel,CS601756,272,243,13814,1,-13571,-55.8477366255144
Apparel,CS601756L,2612,3645,5126,11,-1481,-0.40631001371742115
Apparel,CS601756M,-7220,-6447,0,0,-6447,1
Apparel,CS601756S,-7060,-6204,1398,3,-7602,1.2253384912959382
Apparel,CS601756XL,-9917,-8857,-2796,-6,-6061,0.6843174889917579
Apparel,CS601757L,17533,17494,13048,28,4446,0.2541442780381845
Apparel,CS601757M,-9845,-8364,-932,-2,-7432,0.8885700621712099
Apparel,CS601757S,-18,-17,603,1,-620,36.470588235294116
Apparel,CS601757XL,190,181,0,0,181,1
Apparel,CS601757XXL,-1844,-1647,1028,-1,-2675,1.6241651487553126
Apparel,CS601758,3149,2999,10686,4,-7687,-2.563187729243081
Apparel,CS601758L,116387,109915,96200,130,13715,0.12477823772915435
Apparel,CS601758M,128027,118220,116180,157,2040,0.017255963457959735
Apparel,CS601758S,52730,50103,48100,65,2003,0.039977646049138775
Apparel,CS601758XL,69978,66650,61420,83,5230,0.07846961740435109
Apparel,CS601758XXL,38992,37200,35520,48,1680,0.04516129032258064
Apparel,CS601759L,91846,84335,78477,111,5858,0.06946107784431138
Apparel,CS601759M,83665,78095,72114,102,5981,0.07658620910429605
Apparel,CS601759S,60408,57531,30401,43,27130,0.47157184822095916
Apparel,CS601759XL,57706,54441,49490,70,4951,0.09094248819823295
Apparel,CS601759XXL,29471,28067,22624,32,5443,0.1939288131969929
Apparel,CS601760L,117703,112050,159838,343,-47788,-0.4264881749219099
Apparel,CS601760M,-19788,-18846,8388,18,-27234,1.4450811843361986
Apparel,CS601760S,5147,4902,6524,14,-1622,-0.3308853529171767
Apparel,CS601760XL,40431,38506,55920,120,-17414,-0.4522412091622085
Apparel,CS601760XXL,7747,7379,6524,14,855,0.1158693589917333
Apparel,CS601761L,131867,125588,131878,283,-6290,-0.05008440296843648
Apparel,CS601761M,17613,16774,19106,41,-2332,-0.13902468105401217
Apparel,CS601761S,-417,-397,3728,8,-4125,10.3904282115869
Apparel,CS601761XL,-27245,-25948,5126,11,-31074,1.19754894404193
Apparel,CS601761XXL,9527,9073,19572,42,-10499,-1.1571696241595943
Apparel,CS601762L,129903,125294,127684,274,-2390,-0.019075135281817167
Apparel,CS601762M,37176,35405,31688,68,3717,0.10498517158593419
Apparel,CS601762S,12157,11578,9786,21,1792,0.154776299879081
Apparel,CS601762XL,53450,49777,47998,103,1779,0.035739397713803564
Apparel,CS601762XXL,10421,9925,14446,31,-4521,-0.4555163727959698
Apparel,CS601763L,83077,79121,156110,335,-76989,-0.9730539300564958
Apparel,CS601763M,38790,36943,83880,180,-46937,-1.270524862626208
Apparel,CS601763S,10596,10091,12116,26,-2025,-0.20067386780299276
Apparel,CS601763XL,-80,-76,4660,10,-4736,62.31578947368421
Apparel,CS601763XXL,-11833,-11270,0,0,-11270,1
Apparel,CS601764L,113310,107866,115102,247,-7236,-0.06708323290007973
Apparel,CS601764M,77836,73474,66172,142,7302,0.09938209434629937
Apparel,CS601764S,1610,1606,3262,7,-1656,-1.0311332503113324
Apparel,CS601764XL,33128,31512,29358,63,2154,0.06835491241431836
Apparel,CS601764XXL,10662,10184,6990,15,3194,0.31362922230950513
Apparel,CS601765,478,455,159,1,296,0.6505494505494506
Apparel,CS601765L,60860,58707,68036,146,-9329,-0.15890779634455857
Apparel,CS601765M,17656,15942,6990,15,8952,0.5615355664283026
Apparel,CS601765S,1283,1222,466,1,756,0.618657937806874
Apparel,CS601765XL,28095,26088,27588,57,-1500,-0.05749770009199632
Apparel,CS601765XXL,1369,1304,1598,2,-294,-0.2254601226993865
Apparel,CS601766L,-3484,-3318,22163,0,-25481,7.679626280892104
Apparel,CS601766M,-5982,-5697,-1212,-3,-4485,0.7872564507635598
Apparel,CS601766S,-2627,-2501,0,0,-2501,1
Apparel,CS601766XL,-3218,-3065,0,0,-3065,1
Apparel,CS601766XXL,477,455,160,1,295,0.6483516483516484
Apparel,CS601767L,-4763,-4536,1212,3,-5748,1.2671957671957672
Apparel,CS601767M,-6700,-6381,-420,-1,-5961,0.9341795956746591
Apparel,CS601767S,-2940,-2800,-1212,-3,-1588,0.5671428571428572
Apparel,CS601767XL,-5077,-4835,-2424,-6,-2411,0.4986556359875905
Apparel,CS601767XXL,-1709,-1627,-808,-2,-819,0.503380454824831
Apparel,CS601768L,-13236,-12606,-2828,-7,-9778,0.7756623829922259
Apparel,CS601768M,-9057,-8626,2420,5,-11046,1.280547182935312
Apparel,CS601768S,-2792,-2659,-808,-2,-1851,0.6961263632944716
Apparel,CS601768XL,-4988,-4819,-808,-2,-4011,0.8323303589956422
Apparel,CS601768XXL,-2702,-2573,-808,-2,-1765,0.6859696851923824
Apparel,CS601769,795,757,530,2,227,0.2998678996036988
Apparel,CS601769L,-3941,-3753,1696,4,-5449,1.4519051425526246
Apparel,CS601769M,-5661,-5392,-424,-1,-4968,0.9213649851632048
Apparel,CS601769S,-2350,-2238,-404,-1,-1834,0.8194816800714924
Apparel,CS601769XL,-1572,-1497,424,1,-1921,1.2832331329325317
Apparel,CS601769XXL,-1185,-1129,404,1,-1533,1.3578387953941542
Apparel,CS601770,1766,1682,1472,4,210,0.1248513674197384
Apparel,CS601770L,-6437,-6130,-2424,-6,-3706,0.6045676998368679
Apparel,CS601770M,-7796,-7425,-3632,-8,-3793,0.5108417508417509
Apparel,CS601770S,-367,-349,0,0,-349,1
Apparel,CS601770XL,-301,-287,0,0,-287,1
Apparel,CS601770XXL,-34,-32,-404,-1,372,-11.625
Apparel,CS601771,1771,1686,2361,4,-675,-0.400355871886121
Apparel,CS601771L,-8875,-8452,-4040,-10,-4412,0.5220066256507335
Apparel,CS601771M,785,748,3360,8,-2612,-3.4919786096256686
Apparel,CS601771S,871,829,355,1,474,0.571773220747889
Apparel,CS601771XL,-3811,-3630,404,1,-4034,1.1112947658402204
Apparel,CS601771XXL,395,377,0,0,377,1
Apparel,CS601772L,-2227,-2121,20136,3,-22257,10.493635077793494
Apparel,CS601772M,-2596,-2473,1616,4,-4089,1.6534573392640517
Apparel,CS601772S,-667,-635,0,0,-635,1
Apparel,CS601772XL,-2743,-2612,-808,-2,-1804,0.6906584992343032
Apparel,CS601772XXL,-3171,-3020,-1616,-4,-1404,0.4649006622516556
Apparel,CS601773,1012,964,2342,2,-1378,-1.429460580912863
Apparel,CS601773M,4253,4050,6776,14,-2726,-0.6730864197530865
Apparel,CS601773S,477,455,404,1,51,0.11208791208791209
Apparel,CS601773XL,222,212,404,1,-192,-0.9056603773584906
Apparel,CS601773XXL,-11,-10,0,0,-10,1
Apparel,CS601774L,1761,1678,-404,-1,2082,1.2407628128724673
Apparel,CS601774M,17356,16389,1212,3,15177,0.9260479589968882
Apparel,CS601774S,215,205,0,0,205,1
Apparel,CS601774XL,12920,12121,4040,10,8081,0.6666941671479251
Apparel,CS601774XXL,-493,-470,0,0,-470,1
Apparel,CS601775L,44320,42244,79346,194,-37102,-0.8782785721049143
Apparel,CS601775M,56593,53865,83436,204,-29571,-0.5489835700362016
Apparel,CS601775S,-9341,-8376,14724,36,-23100,2.7578796561604584
Apparel,CS601775XL,63487,60464,71994,213,-11530,-0.19069198200582166
Apparel,CS601775XXL,4232,4030,23313,57,-19283,-4.784863523573201
Apparel,CS601776L,75762,72351,92752,248,-20401,-0.2819726057690979
Apparel,CS601776M,54979,52284,77792,208,-25508,-0.4878739193634764
Apparel,CS601776S,5258,4502,19708,52,-15206,-3.37760995113283
Apparel,CS601776XL,94289,89386,94738,280,-5352,-0.05987514823350413
Apparel,CS601776XXL,11424,10165,25393,67,-15228,-1.4980816527299556
Apparel,CS601777L,58979,56170,81864,216,-25694,-0.45743279330603526
Apparel,CS601777M,14565,13871,32786,97,-18915,-1.3636363636363635
Apparel,CS601777S,-16701,-15098,5726,14,-20824,1.3792555305338456
Apparel,CS601777XL,67390,64181,95508,252,-31327,-0.48810395599943907
Apparel,CS601777XXL,6593,6466,17594,52,-11128,-1.7210021651716672
Apparel,CS700044L,644796,606702,534122,906,72580,0.11963039515280978
Apparel,CS700044M,575446,541127,417216,787,123911,0.22898691065128887
Apparel,CS700044S,295351,278602,225458,423,53144,0.19075239948026215
Apparel,CS700044XL,403529,379881,328156,619,51725,0.13616106096382816
Apparel,CS700044XS,92428,88317,21527,48,66790,0.756253043015501
Apparel,CS700044XXL,415972,394906,245688,554,149218,0.377857009009739
Apparel,CS700044XXXL,177870,168733,115455,264,53278,0.31575329070187813
Apparel,CS700045L,39075,34925,27666,58,7259,0.2078453829634932
Apparel,CS700045M,-2720,-2591,-470,-1,-2121,0.8186028560401389
Apparel,CS700045S,18544,16722,7991,17,8731,0.5221265398875733
Apparel,CS700045XL,23298,19754,14947,31,4807,0.2433431203806824
Apparel,CS700045XS,11730,12743,0,0,12743,1
Apparel,CS700045XXL,8044,7412,7232,15,180,0.024284943335132217
Apparel,CS700045XXXL,-5189,-4633,-8370,-18,3737,-0.8066047917116339
Apparel,CS700046L,23062,19798,-7904,-16,27702,1.399232245681382
Apparel,CS700046M,72088,64364,45409,91,18955,0.2944969237461935
Apparel,CS700046S,23834,22699,8032,16,14667,0.6461518128551919
Apparel,CS700046XL,114630,108569,87456,171,21113,0.19446619200692647
Apparel,CS700046XS,20919,19468,2180,4,17288,0.8880213683994247
Apparel,CS700046XXL,49380,46395,22590,45,23805,0.513094083414161
Apparel,CS700046XXXL,231,1844,-13052,-26,14896,8.078091106290673
Apparel,CS700047L,21149,19563,13972,28,5591,0.2857946122782804
Apparel,CS700047M,9093,9429,8534,17,895,0.09491992788206596
Apparel,CS700047S,7803,7642,2510,5,5132,0.671551949751374
Apparel,CS700047XL,74602,71856,45180,90,26676,0.3712424849699399
Apparel,CS700047XS,171832,162888,141669,277,21219,0.13026742301458671
Apparel,CS700047XXL,-19799,-15109,-10479,-21,-4630,0.30643987027599445
Apparel,CS700047XXXL,-68355,-61624,-65260,-130,3636,-0.05900298584966896
Apparel,CS700048700152M,682,650,924,1,-274,-0.42153846153846153
Apparel,CS700048L,980078,921990,744661,1336,177329,0.19233288864304385
Apparel,CS700048M,969989,910634,725982,1304,184652,0.20277301308758514
Apparel,CS700048S,438072,415103,342081,623,73022,0.17591296617947835
Apparel,CS700048XL,871157,822633,710594,1283,112039,0.13619560606005351
Apparel,CS700048XS,281390,268082,195260,356,72822,0.2716407666311054
Apparel,CS700048XXL,869173,824978,602709,1093,222269,0.26942415434108546
Apparel,CS700048XXXL,338970,319029,219878,493,99151,0.3107899281883465
Apparel,CS700049L,114826,109221,77810,155,31411,0.2875912141438002
Apparel,CS700049M,122492,116503,72776,145,43727,0.375329390659468
Apparel,CS700049S,13889,15567,-4665,-9,20232,1.2996723838889959
Apparel,CS700049XL,193150,181062,134463,261,46599,0.2573648805381582
Apparel,CS700049XS,-17949,-13832,-27108,-54,13276,-0.9598033545401966
Apparel,CS700049XXL,67395,64220,49721,90,14499,0.2257707879165369
Apparel,CS700049XXXL,13770,13924,-8677,-17,22601,1.623168629704108
Apparel,CS700060L,3001,2858,7546,18,-4688,-1.6403079076277116
Apparel,CS700060M,5443,5184,5880,14,-696,-0.13425925925925927
Apparel,CS700060S,-1996,-1901,-1676,-4,-225,0.11835875854813256
Apparel,CS700060XL,5117,4657,5395,13,-738,-0.1584711187459738
Apparel,CS700060XXL,615,586,830,2,-244,-0.41638225255972694
Apparel,CS700065L,4645,4424,6903,19,-2479,-0.5603526220614828
Apparel,CS700065M,-4307,-4102,-1638,-6,-2464,0.6006825938566553
Apparel,CS700065S,-2943,-2803,-4095,-15,1292,-0.46093471280770604
Apparel,CS700065XL,8938,8513,6903,19,1610,0.18912251850111594
Apparel,CS700065XXL,429,409,363,1,46,0.11246943765281174
Apparel,CS700067L,52560,50057,71794,240,-21737,-0.434244960744751
Apparel,CS700067M,88566,86623,118404,396,-31781,-0.3668887016150445
Apparel,CS700067S,21209,20199,25245,85,-5046,-0.2498143472449131
Apparel,CS700067XL,25098,23903,37856,104,-13953,-0.583734259297996
Apparel,CS700067XXL,-10637,-9075,-5382,-18,-3693,0.4069421487603306
Apparel,CS700068M,8,7,0,0,7,1
Apparel,CS700070L,106469,99941,86344,172,13597,0.13605026965909886
Apparel,CS700070M,122109,116388,99898,199,16490,0.14168127298346908
Apparel,CS700070S,53116,50527,43172,86,7355,0.14556573713064302
Apparel,CS700070XL,204667,182889,162146,323,20743,0.11341852161693705
Apparel,CS700070XS,35714,34678,31124,62,3554,0.10248572582040487
Apparel,CS700070XXL,92412,82142,71786,143,10356,0.12607435903678996
Apparel,CS700070XXXL,38908,34709,29618,59,5091,0.14667665447002218
Apparel,CS700071L,123786,117839,68400,138,49439,0.4195470090547272
Apparel,CS700071M,190373,178296,115324,235,62972,0.3531879571050388
Apparel,CS700071S,41886,39891,24036,49,15855,0.3974580732496052
Apparel,CS700071XL,85247,81187,51004,103,30183,0.37177134270264944
Apparel,CS700071XS,47813,45536,27488,55,18048,0.39634574841883347
Apparel,CS700071XXL,94092,89226,67586,136,21640,0.24253020420056934
Apparel,CS700071XXXL,35347,34180,28614,57,5566,0.1628437682855471
Apparel,CS700072L,67736,60556,52208,104,8348,0.13785586894775084
Apparel,CS700072M,94196,84035,72288,144,11747,0.13978699351460702
Apparel,CS700072S,26029,24790,21084,42,3706,0.14949576442113754
Apparel,CS700072XL,39011,37153,33132,66,4021,0.10822813770085861
Apparel,CS700072XS,13754,13099,11546,23,1553,0.11855866860065654
Apparel,CS700072XXL,29532,28026,25100,50,2926,0.10440305430671519
Apparel,CS700072XXXL,29814,28252,24096,48,4156,0.14710462976072491
Apparel,CS700112L,-33619,-32018,9350,25,-41368,1.2920232369292273
Apparel,CS700112M,-43135,-41081,14212,38,-55293,1.3459506827974002
Apparel,CS700112S,-15162,-14440,4488,12,-18928,1.310803324099723
Apparel,CS700112XL,-26181,-24935,5610,15,-30545,1.2249849608983356
Apparel,CS700112XXL,-11383,-10841,2618,7,-13459,1.2414906373950743
Apparel,CS700113L,5416,5158,4334,11,824,0.15975184179914695
Apparel,CS700113M,11342,9761,8274,21,1487,0.15234094867329168
Apparel,CS700113S,1396,1329,1182,3,147,0.11060948081264109
Apparel,CS700113XL,-300,-286,-394,-1,108,-0.3776223776223776
Apparel,CS700113XXL,1113,1060,788,2,272,0.25660377358490566
Apparel,CS700114700115XL,2581,2305,1768,2,537,0.23297180043383947
Apparel,CS700114L,9497,8737,4128,16,4609,0.5275266109648621
Apparel,CS700114M,10452,9392,3612,14,5780,0.6154173764906303
Apparel,CS700114S,5160,4914,4128,16,786,0.15995115995115994
Apparel,CS700114XL,11264,10728,4902,19,5826,0.5430648769574944
Apparel,CS700114XXL,-45,-43,774,3,-817,19
Apparel,CS700115L,34917,33161,26884,74,6277,0.1892886221766533
Apparel,CS700115M,102693,98458,96274,265,2184,0.022182047167320074
Apparel,CS700115S,20920,19345,17075,47,2270,0.11734298268286379
Apparel,CS700115XL,10600,10095,6539,18,3556,0.35225359088657754
Apparel,CS700115XXL,1379,1313,-363,-1,1676,1.2764661081492765
Apparel,CS700116700117L,764,682,405,0,277,0.40615835777126097
Apparel,CS700116700117M,4302,3841,4448,3,-607,-0.15803176256183285
Apparel,CS700116700117XL,567,506,467,0,39,0.07707509881422925
Apparel,CS700116L,8902,8050,9009,33,-959,-0.1191304347826087
Apparel,CS700116M,341,325,0,0,325,1
Apparel,CS700116S,4843,4491,3003,11,1488,0.33132932531730125
Apparel,CS700116XL,-4517,-4060,3822,14,-7882,1.9413793103448276
Apparel,CS700116XXL,147,140,273,1,-133,-0.95
Apparel,CS700117L,-6791,-6468,3633,10,-10101,1.5616883116883118
Apparel,CS700117M,-20249,-17954,-2906,-8,-15048,0.8381419182354907
Apparel,CS700117S,-1500,-1429,-726,-2,-703,0.4919524142757173
Apparel,CS700117XL,-577,-550,1089,3,-1639,2.98
Apparel,CS700117XXL,1767,1683,1089,3,594,0.35294117647058826
Apparel,CS700118L,8697,7427,1528,8,5899,0.7942641712669988
Apparel,CS700118M,-985,-938,-382,-2,-556,0.5927505330490405
Apparel,CS700118S,-1933,-1841,-573,-3,-1268,0.6887561108093427
Apparel,CS700118XL,-478,-455,0,0,-455,1
Apparel,CS700118XXL,1063,949,191,1,758,0.7987355110642782
Apparel,CS700119700120XL,716,639,313,0,326,0.5101721439749609
Apparel,CS700119700120XXL,716,639,313,0,326,0.5101721439749609
Apparel,CS700119L,-21229,-20218,1267,7,-21485,1.0626669304580076
Apparel,CS700119M,1217,1159,-362,-2,1521,1.3123382226056945
Apparel,CS700119S,-371,-354,-905,-5,551,-1.5564971751412429
Apparel,CS700119XL,-10474,-9975,1629,9,-11604,1.1633082706766917
Apparel,CS700119XXL,-229,-218,544,3,-762,3.4954128440366974
Apparel,CS700120700118XL,-366,-327,115,-1,-442,1.3516819571865444
Apparel,CS700120L,392325,372779,210041,1180,162738,0.4365535612252836
Apparel,CS700120M,333311,316547,182450,1025,134097,0.4236242959181417
Apparel,CS700120S,86119,81959,45746,257,36213,0.4418428726558401
Apparel,CS700120XL,244530,232245,127448,716,104797,0.4512346875067278
Apparel,CS700120XXL,79354,75407,42720,240,32687,0.4334743458830082
Apparel,CS700121L,-1963,-1870,1404,6,-3274,1.750802139037433
Apparel,CS700121M,9148,8151,3047,13,5104,0.6261808367071525
Apparel,CS700121S,-395,-376,-234,-1,-142,0.3776595744680851
Apparel,CS700121XL,3557,3387,468,2,2919,0.8618246235606731
Apparel,CS700121XXL,1544,1470,1284,6,186,0.12653061224489795
Apparel,CS700122700123M,1510,1348,1298,1,50,0.037091988130563795
Apparel,CS700122700123S,520,464,428,0,36,0.07758620689655173
Apparel,CS700122L,40942,38993,49862,233,-10869,-0.2787423383684251
Apparel,CS700122M,4470,4257,5992,28,-1735,-0.407564012215175
Apparel,CS700122S,-368,-350,0,0,-350,1
Apparel,CS700122XL,1423,1355,0,0,1355,1
Apparel,CS700122XXL,272,259,1071,5,-812,-3.135135135135135
Apparel,CS700123700124L,6326,5648,2484,6,3164,0.5601983002832861
Apparel,CS700123700124M,1443,1288,414,1,874,0.6785714285714286
Apparel,CS700123L,206188,195743,127001,635,68742,0.3511849721318259
Apparel,CS700123M,171506,162308,118401,592,43907,0.2705165487837938
Apparel,CS700123S,46532,44069,29400,147,14669,0.3328643717806168
Apparel,CS700123XL,110387,104615,64600,323,40015,0.38249772977106533
Apparel,CS700123XXL,36786,34939,24400,122,10539,0.30164000114485245
Apparel,CS700124L,10550,10048,16709,78,-6661,-0.6629179936305732
Apparel,CS700124M,-1622,-1545,0,0,-1545,1
Apparel,CS700124S,-1287,-1226,0,0,-1226,1
Apparel,CS700124XL,1037,988,-428,-2,1416,1.4331983805668016
Apparel,CS700124XXL,-291,-277,643,3,-920,3.32129963898917
Apparel,CS700125L,5822,5198,3900,15,1298,0.24971142747210465
Apparel,CS700125M,8222,7831,3640,14,4191,0.5351806921210573
Apparel,CS700125S,295,281,260,1,21,0.07473309608540925
Apparel,CS700125XL,10187,9054,3380,13,5674,0.6266843384139607
Apparel,CS700125XXL,-390,-371,-260,-1,-111,0.2991913746630728
Apparel,CS700126L,6815,6490,3900,15,2590,0.39907550077041604
Apparel,CS700126M,7777,7407,2340,9,5067,0.68408262454435
Apparel,CS700126S,314,299,260,1,39,0.13043478260869565
Apparel,CS700126XL,1547,1419,1300,5,119,0.08386187455954898
Apparel,CS700126XXL,1046,997,520,2,477,0.47843530591775324
Apparel,CS700127118119L,-108,-97,34,-1,-131,1.3505154639175259
Apparel,CS700127L,-4954,-4718,-3502,-17,-1216,0.2577363289529462
Apparel,CS700127M,2510,2390,1854,9,536,0.22426778242677825
Apparel,CS700127S,800,761,412,2,349,0.45860709592641263
Apparel,CS700127XL,-69,-66,206,1,-272,4.121212121212121
Apparel,CS700127XXL,69,66,206,1,-140,-2.121212121212121
Apparel,CS700128L,-4015,-3823,206,1,-4029,1.0538843839916296
Apparel,CS700128M,3328,3169,2472,12,697,0.21994319974755444
Apparel,CS700128S,-111,-106,0,0,-106,1
Apparel,CS700128XL,-2783,-2650,-412,-2,-2238,0.8445283018867924
Apparel,CS700128XXL,729,694,618,3,76,0.10951008645533142
Apparel,CS700129L,-4196,-3996,5256,24,-9252,2.315315315315315
Apparel,CS700129M,-1470,-1400,1752,8,-3152,2.2514285714285713
Apparel,CS700129S,-1071,-1020,-219,-1,-801,0.7852941176470588
Apparel,CS700129XL,2384,2271,2628,12,-357,-0.1571994715984148
Apparel,CS700129XXL,-1249,-1190,657,3,-1847,1.5521008403361345
Apparel,CS700130L,34296,32663,42826,191,-10163,-0.311147169580259
Apparel,CS700130M,3054,2908,896,4,2012,0.6918844566712518
Apparel,CS700130S,-165,-157,448,2,-605,3.8535031847133756
Apparel,CS700130XL,5860,5309,4036,18,1273,0.23978150310792992
Apparel,CS700130XXL,3023,2699,1344,6,1355,0.5020377917747314
Apparel,CS700131L,-823,-744,1082,5,-1826,2.454301075268817
Apparel,CS700131M,-5148,-4903,648,3,-5551,1.132163981235978
Apparel,CS700131S,-217,-207,216,1,-423,2.0434782608695654
Apparel,CS700131XL,-742,-663,432,2,-1095,1.6515837104072397
Apparel,CS700131XXL,1131,1010,648,3,362,0.3584158415841584
Apparel,CS700132L,231661,220603,118738,711,101865,0.46175709305857127
Apparel,CS700132M,278434,264192,135939,814,128253,0.48545376090116277
Apparel,CS700132S,176854,167272,89513,536,77759,0.4648656081113396
Apparel,CS700132XL,154611,146581,78324,469,68257,0.46566062450112905
Apparel,CS700132XS,3114,2966,2505,15,461,0.15542818610923803
Apparel,CS700132XXL,36475,34738,20374,122,14364,0.41349530773216653
Apparel,CS700133132139M,7002,6252,5855,5,397,0.06349968010236724
Apparel,CS700133132139S,7161,6394,9022,5,-2628,-0.411010322177041
Apparel,CS700133700132L,1072,1021,332,1,689,0.6748285994123409
Apparel,CS700133700132M,-794,-709,-664,-2,-45,0.06346967559943582
Apparel,CS700133700132XL,1072,1021,332,1,689,0.6748285994123409
Apparel,CS700133L,349877,331335,184110,1083,147225,0.444338811172982
Apparel,CS700133M,426889,406560,211480,1244,195080,0.47983077528532075
Apparel,CS700133S,248229,236112,106930,629,129182,0.5471217049535814
Apparel,CS700133XL,221774,211070,111180,654,99890,0.4732553181409011
Apparel,CS700133XS,2784,2652,2380,14,272,0.10256410256410256
Apparel,CS700133XXL,44786,42293,24140,142,18153,0.4292199654789209
Apparel,CS700134700139L,473,422,389,0,33,0.07819905213270142
Apparel,CS700134700139XL,5141,4590,1855,5,2735,0.5958605664488017
Apparel,CS700134L,231616,220293,144000,800,76293,0.3463251215426727
Apparel,CS700134M,265249,251524,158040,878,93484,0.37167029786421973
Apparel,CS700134S,164453,156595,94320,524,62275,0.39768191832433986
Apparel,CS700134XL,181558,172946,113580,631,59366,0.3432632151076058
Apparel,CS700134XS,3713,3536,3168,16,368,0.10407239819004525
Apparel,CS700134XXL,34375,32737,25020,139,7717,0.2357271588722241
Apparel,CS700135700134M,2034,1937,720,2,1217,0.628291171915333
Apparel,CS700135700134S,4615,4121,1440,4,2681,0.6505702499393351
Apparel,CS700135700136L,3067,2738,1092,3,1646,0.6011687363038715
Apparel,CS700135700136M,3450,3080,1092,3,1988,0.6454545454545455
Apparel,CS700135700136XXL,1218,1160,364,1,796,0.6862068965517242
Apparel,CS700135L,403408,384080,194944,1083,189136,0.4924390751926682
Apparel,CS700135M,497868,474249,252186,1401,222063,0.46824136687689377
Apparel,CS700135S,284869,271881,151743,843,120138,0.44187714478025314
Apparel,CS700135XL,260885,246761,123842,688,122919,0.49812976929093333
Apparel,CS700135XS,3664,3490,3168,16,322,0.09226361031518625
Apparel,CS700135XXL,63998,60824,37801,210,23023,0.3785183480205182
Apparel,CS700136L,166600,158202,86848,472,71354,0.45103096041769386
Apparel,CS700136M,203566,193872,107641,585,86231,0.4447831558966741
Apparel,CS700136S,108714,103355,49864,271,53491,0.5175463209327077
Apparel,CS700136XL,110244,104539,62744,341,41795,0.399802944355695
Apparel,CS700136XS,1189,1133,1015,5,118,0.10414827890556046
Apparel,CS700136XXL,26102,24834,17296,94,7538,0.30353547555770316
Apparel,CS700137700133M,473,422,0,0,422,1
Apparel,CS700137700133XL,5602,5336,680,2,4656,0.8725637181409296
Apparel,CS700137700138S,3829,3419,3594,4,-175,-0.05118455688797894
Apparel,CS700137L,293144,278755,131950,754,146805,0.5266452619683952
Apparel,CS700137M,344731,327840,146825,839,181015,0.5521443387018058
Apparel,CS700137S,194862,185750,91525,523,94225,0.5072678331090175
Apparel,CS700137XL,181904,173103,86100,492,87003,0.5026082736867645
Apparel,CS700137XS,4741,4516,4004,22,512,0.1133746678476528
Apparel,CS700137XXL,17379,16551,13825,79,2726,0.16470303909129358
Apparel,CS700138700132S,1203,1074,360,1,714,0.664804469273743
Apparel,CS700138L,16583,15538,17108,94,-1570,-0.1010426052258978
Apparel,CS700138M,13744,13069,14283,74,-1214,-0.0928915754839697
Apparel,CS700138S,14119,13471,10229,53,3242,0.2406651325068666
Apparel,CS700138XL,13428,12433,10808,56,1625,0.1307005549746642
Apparel,CS700138XS,1335,1271,1158,6,113,0.0889063729346971
Apparel,CS700138XXL,5284,5032,4632,24,400,0.0794912559618442
Apparel,CS700139L,10952,10431,11842,62,-1411,-0.13526986866072285
Apparel,CS700139M,23080,21981,23875,125,-1894,-0.0861653245985169
Apparel,CS700139S,14017,13349,12606,66,743,0.05565959997003521
Apparel,CS700139XL,11840,11276,9932,52,1344,0.1191912025540972
Apparel,CS700139XS,1320,1258,1146,6,112,0.0890302066772655
Apparel,CS700139XXL,3245,3091,2865,15,226,0.07311549660304109
Apparel,CS700140L,25937,24702,24448,128,254,0.010282568213100154
Apparel,CS700140M,16639,15822,17190,90,-1368,-0.08646188850967008
Apparel,CS700140S,4797,4568,3438,18,1130,0.24737302977232925
Apparel,CS700140XL,15127,14407,15662,82,-1255,-0.08711043242868051
Apparel,CS700140XS,869,828,764,4,64,0.07729468599033816
Apparel,CS700140XXL,5290,5038,4584,24,454,0.09011512504962287
Apparel,CS700141L,-3236,-3284,2715,8,-5999,1.82673568818514
Apparel,CS700141M,-1267,-1207,3051,9,-4258,3.527754763877382
Apparel,CS700141S,1195,1138,1356,4,-218,-0.19156414762741653
Apparel,CS700141XL,-4090,-3935,2034,6,-5969,1.5168996188055908
Apparel,CS700141XXL,-567,-540,-339,-1,-201,0.37222222222222223
Apparel,CS700142L,642,658,5085,15,-4427,-6.727963525835866
Apparel,CS700142M,-2998,-2856,3394,10,-6250,2.1883753501400562
Apparel,CS700142S,2495,2376,2373,7,3,0.0012626262626262627
Apparel,CS700142XL,-639,-608,3054,9,-3662,6.0230263157894735
Apparel,CS700142XXL,1587,1511,1017,3,494,0.3269358041032429
Apparel,CS700145700049XXXL,2193,2088,870,1,1218,0.5833333333333334
Apparel,CS700145L,3930088,3735020,1351417,3786,2383603,0.6381767701377771
Apparel,CS700145M,3966460,3769654,1319679,3698,2449975,0.6499203905716546
Apparel,CS700145S,1694404,1608753,627686,1761,981067,0.6098307198183935
Apparel,CS700145XL,2618776,2484965,889685,2493,1595280,0.6419728245669456
Apparel,CS700145XS,337901,320079,116047,326,204032,0.6374426313503854
Apparel,CS700145XXL,1325196,1260259,478009,1340,782250,0.620705743819326
Apparel,CS700145XXXL,153438,138004,80975,205,57029,0.41324164516970524
Apparel,CS700146L,55501,52472,47944,104,4528,0.08629364232352493
Apparel,CS700146M,55874,51220,45493,97,5727,0.11181179226864506
Apparel,CS700146S,34704,32148,40803,87,-8655,-0.26922359089212394
Apparel,CS700146XL,83002,81937,97083,207,-15146,-0.18484933546505242
Apparel,CS700146XS,-57588,-54846,-26264,-56,-28582,0.5211318965831602
Apparel,CS700146XXL,23774,25453,41968,86,-16515,-0.6488429654657604
Apparel,CS700146XXXL,-39339,-37888,-13572,-29,-24316,0.6417863175675675
Apparel,CS700147L,72017,67809,80214,174,-12405,-0.18294031765694818
Apparel,CS700147M,51108,50439,52118,103,-1679,-0.033287733698130414
Apparel,CS700147S,15566,16035,15483,33,552,0.03442469597754911
Apparel,CS700147XL,82444,78088,97552,208,-19464,-0.24925724823276305
Apparel,CS700147XS,45919,43732,56991,121,-13259,-0.30318759718284094
Apparel,CS700147XXL,-42025,-41477,-19698,-42,-21779,0.5250861923475661
Apparel,CS700147XXXL,33035,30224,46900,100,-16676,-0.5517469560614081
Apparel,CS700148L,59977,56469,11241,24,45228,0.8009350262976146
Apparel,CS700148M,47680,42738,0,0,42738,1
Apparel,CS700148S,13655,12258,10274,22,1984,0.16185348343938652
Apparel,CS700148XL,47802,42918,-4554,-9,47472,1.1061093247588425
Apparel,CS700148XS,-7372,-7054,-32270,-70,25216,-3.5747093847462432
Apparel,CS700148XXL,3519,3965,-14991,-32,18956,4.780832282471627
Apparel,CS700148XXXL,-3371,-2826,-20496,-42,17670,-6.252653927813164
Apparel,CS700149700071XXL,2254,2146,999,1,1147,0.5344827586206896
Apparel,CS700149L,53172,47998,1032,2,46966,0.9784991041293387
Apparel,CS700149M,46994,43245,14914,30,28331,0.6551277604347323
Apparel,CS700149S,17953,17011,-3976,-8,20987,1.2337311151607784
Apparel,CS700149XL,25487,21442,-25805,-50,47247,2.20347915306408
Apparel,CS700149XS,-22351,-20359,-51688,-104,31329,-1.5388280367405078
Apparel,CS700149XXL,11095,9053,-10437,-21,19490,2.152877499171545
Apparel,CS700149XXXL,18424,16072,-6709,-13,22781,1.4174340467894475
Apparel,CS700150L,24470,21838,1988,4,19850,0.9089660225295356
Apparel,CS700150M,14014,12704,13723,28,-1019,-0.08021095717884132
Apparel,CS700150S,-1861,-1662,0,0,-1662,1
Apparel,CS700150XL,27330,24512,11411,23,13101,0.534472911227154
Apparel,CS700150XS,6154,5573,-994,-2,6567,1.1783599497577606
Apparel,CS700150XXL,47538,43564,22368,45,21196,0.48654852630612433
Apparel,CS700150XXXL,28945,26732,28329,57,-1597,-0.05974113422115816
Apparel,CS700151L,43987,40151,50694,102,-10543,-0.2625837463575004
Apparel,CS700151M,-2458,-2475,-6955,-13,4480,-1.8101010101010102
Apparel,CS700151S,21442,20421,29342,59,-8921,-0.4368542186964399
Apparel,CS700151XL,42488,38217,68480,128,-30263,-0.7918727267969752
Apparel,CS700151XS,-42565,-40538,-11928,-24,-28610,0.7057575608071439
Apparel,CS700151XXL,-37343,-35565,-14910,-30,-20655,0.5807676086039646
Apparel,CS700151XXXL,17850,17000,34790,70,-17790,-1.046470588235294
Apparel,CS700152L,3115,5086,-22455,-45,27541,5.415060951631931
Apparel,CS700152M,117,1048,-45733,-92,46781,44.63835877862596
Apparel,CS700152S,12998,13043,6436,13,6607,0.5065552403588132
Apparel,CS700152XL,14884,14091,-9443,-19,23534,1.6701440635866864
Apparel,CS700152XS,-36477,-34781,-43893,-82,9112,-0.2619821166728961
Apparel,CS700152XXL,8506,8403,-5001,-10,13404,1.5951445912174222
Apparel,CS700152XXXL,8391,7921,-4473,-9,12394,1.564701426587552
Apparel,CS700153700046XXXL,1915,1824,1082,1,742,0.4067982456140351
Apparel,CS700153L,460741,439809,339279,577,100530,0.2285764957060906
Apparel,CS700153M,419530,400351,309817,538,90534,0.22613656516406852
Apparel,CS700153S,232150,218987,184847,322,34140,0.15589966527693425
Apparel,CS700153XL,301938,284573,242283,421,42290,0.1486086171210902
Apparel,CS700153XS,41279,39242,25779,44,13463,0.3430762958055145
Apparel,CS700153XXL,201329,183357,151748,264,31609,0.17239047322981943
Apparel,CS700153XXXL,80383,72564,51376,104,21188,0.2919905187145141
Apparel,CS700154L,546776,517339,385001,657,132338,0.25580518770090793
Apparel,CS700154M,512083,484704,351326,600,133378,0.2751741268898132
Apparel,CS700154S,240931,227525,174345,295,53180,0.23373255686188332
Apparel,CS700154XL,432702,409859,310237,528,99622,0.24306407813418762
Apparel,CS700154XS,124297,116472,92743,159,23729,0.20373136891270005
Apparel,CS700154XXL,237427,224990,160552,272,64438,0.2864038401706743
Apparel,CS700154XXXL,156828,147524,77064,156,70460,0.4776172012689461
Apparel,CS700155L,21655,19335,1832,4,17503,0.9052495474528058
Apparel,CS700155M,21451,19169,3672,8,15497,0.8084407115655485
Apparel,CS700155S,-2482,-2364,-9160,-20,6796,-2.8747884940778343
Apparel,CS700155XL,15393,13714,1374,3,12340,0.8998104127169316
Apparel,CS700155XS,3188,3423,916,2,2507,0.7323984808647386
Apparel,CS700155XXL,8603,8367,3206,7,5161,0.6168280148201267
Apparel,CS700155XXXL,3410,3600,-1353,-3,4953,1.3758333333333332
Apparel,CS700156700157XXXL,1864,1775,925,1,850,0.4788732394366197
Apparel,CS700156L,15944,14681,-1374,-3,16055,1.0935903548804577
Apparel,CS700156M,28963,26277,7769,17,18508,0.7043422004033946
Apparel,CS700156S,3399,2717,-3656,-8,6373,2.345601766654398
Apparel,CS700156XL,15430,14758,-3202,-7,17960,1.216967068708497
Apparel,CS700156XS,-4386,-3497,-12798,-28,9301,-2.659708321418359
Apparel,CS700156XXL,11776,11260,936,2,10324,0.9168738898756661
Apparel,CS700156XXXL,2127,1466,-8234,-18,9700,6.616643929058663
Apparel,CS700157L,40963,38202,23886,54,14316,0.37474477776032666
Apparel,CS700157M,35122,31945,10995,24,20950,0.6558146814838003
Apparel,CS700157S,24001,22455,18289,40,4166,0.18552660877310176
Apparel,CS700157XL,20538,20021,5500,12,14521,0.725288447130513
Apparel,CS700157XS,30098,29555,24235,53,5320,0.18000338352224665
Apparel,CS700157XXL,28671,26845,20582,45,6263,0.23330229092940957
Apparel,CS700157XXXL,18029,17094,14978,32,2116,0.12378612378612379
Apparel,CS700185L,249149,227507,63092,53,164415,0.7226810603629779
Apparel,CS700185M,338041,309035,121423,102,187612,0.6070898118336111
Apparel,CS700185S,191300,171371,48246,43,123125,0.7184704529937971
Apparel,CS700185XL,316467,282979,90472,76,192507,0.680287229794437
Apparel,CS700185XS,-61074,-53751,-113090,-95,59339,-1.1039608565422039
Apparel,CS700185XXL,181947,165861,64283,54,101578,0.6124284792687853
Apparel,CS700185XXXL,84265,75308,10714,9,64594,0.857730918361927
Apparel,CS700186L,474557,424067,166056,148,258011,0.6084203675362619
Apparel,CS700186M,492990,440486,173910,155,266576,0.6051860899097815
Apparel,CS700186S,95371,85431,-35904,-32,121335,1.4202689890086737
Apparel,CS700186XL,471209,421257,178564,150,242693,0.5761162425787584
Apparel,CS700186XS,-225818,-220330,-292842,-261,72512,-0.3291063404892661
Apparel,CS700186XXL,250315,223771,76187,64,147584,0.6595313959360238
Apparel,CS700186XXXL,109908,98133,2381,2,95752,0.9757370099762567
Apparel,CS700193L,69,65,0,0,65,1
Apparel,CS700193M,-303,-288,-404,-1,116,-0.4027777777777778
Apparel,CS700193XL,688,656,408,1,248,0.3780487804878049
Apparel,CS700193XXL,347,330,0,0,330,1
Apparel,CS700194L,119,113,0,0,113,1
Apparel,CS700194M,179,171,0,0,171,1
Apparel,CS700194S,240,229,0,0,229,1
Apparel,CS700194XXL,299,284,0,0,284,1
Apparel,CS700195L,-4143,-3946,-1194,-3,-2752,0.6974151039026862
Apparel,CS700195M,-2926,-2787,-398,-1,-2389,0.8571941155364191
Apparel,CS700195S,-2734,-2604,-1194,-3,-1410,0.5414746543778802
Apparel,CS700195XL,-4359,-4152,-804,-2,-3348,0.8063583815028902
Apparel,CS700195XXL,-2259,-2152,-796,-2,-1356,0.6301115241635687
Apparel,CS700196L,-4126,-3929,-402,-1,-3527,0.8976838890302876
Apparel,CS700196M,-2887,-2750,-402,-1,-2348,0.8538181818181818
Apparel,CS700196S,-1785,-1700,-402,-1,-1298,0.7635294117647059
Apparel,CS700196XL,-3706,-3530,-804,-2,-2726,0.7722379603399433
Apparel,CS700196XXL,-2295,-2185,-804,-2,-1381,0.6320366132723112
Apparel,CS700197L,15,15,0,0,15,1
Apparel,CS700197S,63,60,0,0,60,1
Apparel,CS700198XXL,-138,-132,0,0,-132,1
Apparel,CS700199L,-7657,-7292,-2521,-6,-4771,0.6542786615469007
Apparel,CS700199M,-7176,-6834,-1260,-3,-5574,0.8156277436347673
Apparel,CS700199S,-3312,-3154,-1248,-3,-1906,0.6043119847812302
Apparel,CS700199XL,-2265,-2157,416,1,-2573,1.192860454334724
Apparel,CS700199XXL,-3795,-3614,-1260,-3,-2354,0.6513558384061982
Apparel,CS700200L,-8404,-8004,-432,-1,-7572,0.9460269865067467
Apparel,CS700200M,-7596,-7235,-428,-1,-6807,0.9408431237042156
Apparel,CS700200S,-3022,-2878,0,0,-2878,1
Apparel,CS700200XL,-3217,-3064,-432,-1,-2632,0.8590078328981723
Apparel,CS700200XXL,-2807,-2673,-865,-2,-1808,0.6763935652824542
Apparel,CS700201M,152,145,0,0,145,1
Apparel,CS700201XXL,-313,-298,0,0,-298,1
Apparel,CS700202L,-7183,-6841,432,1,-7273,1.063148662476246
Apparel,CS700202M,-7573,-7213,-432,-1,-6781,0.9401081380840149
Apparel,CS700202S,-2779,-2647,-856,-2,-1791,0.6766150358896864
Apparel,CS700202XL,-3987,-3797,-432,-1,-3365,0.8862259678693706
Apparel,CS700202XXL,-1309,-1246,428,1,-1674,1.3434991974317818
Apparel,CS700203L,-8416,-8322,-1729,-4,-6593,0.7922374429223744
Apparel,CS700203M,-7865,-7490,-432,-1,-7058,0.9423230974632844
Apparel,CS700203S,-2852,-2717,-856,-2,-1861,0.6849466323150534
Apparel,CS700203XL,-3139,-2970,0,0,-2970,1
Apparel,CS700203XXL,-2353,-2241,-432,-1,-1809,0.8072289156626506
Apparel,CS700204L,-1050,-1000,2984,7,-3984,3.984
Apparel,CS700204M,-764,-727,1705,4,-2432,3.34525447042641
Apparel,CS700204S,-1948,-1855,-852,-2,-1003,0.540700808625337
Apparel,CS700204XL,-6398,-6093,-2557,-6,-3536,0.5803380928934844
Apparel,CS700204XXL,-1898,-1808,-422,-1,-1386,0.7665929203539823
Apparel,CS700205L,-6687,-6368,-2557,-6,-3811,0.5984610552763819
Apparel,CS700205M,-7424,-7071,-1705,-4,-5366,0.7588742752085985
Apparel,CS700205S,-3179,-3027,-1266,-3,-1761,0.5817641228939544
Apparel,CS700205XL,-4371,-4163,-426,-1,-3737,0.897669949555609
Apparel,CS700205XXL,-3381,-3220,-1279,-3,-1941,0.6027950310559006
Apparel,CS700206L,-5915,-5633,1242,3,-6875,1.2204864193147524
Apparel,CS700206M,-6252,-5954,0,0,-5954,1
Apparel,CS700206S,-3395,-3234,-1242,-3,-1992,0.6159554730983302
Apparel,CS700206XL,-4253,-4051,-1230,-3,-2821,0.6963712663539867
Apparel,CS700206XXL,-3395,-3234,-1242,-3,-1992,0.6159554730983302
Apparel,CS700207L,-4800,-4571,414,1,-4985,1.090570991030409
Apparel,CS700207M,-5818,-5541,0,0,-5541,1
Apparel,CS700207S,-2747,-2616,0,0,-2616,1
Apparel,CS700207XL,-4197,-3997,-414,-1,-3583,0.8964223167375531
Apparel,CS700207XXL,-1938,-1846,-414,-1,-1432,0.7757313109425785
Apparel,CS700208XL,-125,-119,0,0,-119,1
Apparel,CS700209L,-411,-392,-348,-1,-44,0.11224489795918367
Apparel,CS700209M,2708,2579,2460,7,119,0.046141915471112835
Apparel,CS700209S,-411,-392,-348,-1,-44,0.11224489795918367
Apparel,CS700209XL,85,81,0,0,81,1
Apparel,CS700210L,-815,-776,-690,-2,-86,0.11082474226804123
Apparel,CS700210M,-1930,-1838,-1380,-4,-458,0.24918389553862894
Apparel,CS700210S,809,772,697,2,75,0.09715025906735751
Apparel,CS700211L,6455,6147,7317,21,-1170,-0.1903367496339678
Apparel,CS700211M,-24,-21,0,0,-21,1
Apparel,CS700212XL,-408,-388,-345,-1,-43,0.11082474226804123
Apparel,CS700213L,453,431,345,1,86,0.19953596287703015
Apparel,CS700213XXL,36,34,0,0,34,1
Apparel,CS700215L,54,52,0,0,52,1
Apparel,CS700215S,380,362,0,0,362,1
Apparel,CS700215XL,-408,-388,-345,-1,-43,0.11082474226804123
Apparel,CS700215XXL,-322,-307,0,0,-307,1
Apparel,CS700218M,398,380,334,1,46,0.12105263157894737
Apparel,CS700219L,-293,-279,-334,-1,55,-0.1971326164874552
Apparel,CS700220L,-16632,-14646,-1128,-2,-13518,0.9229823842687424
Apparel,CS700220M,-16440,-14464,-1128,-2,-13336,0.9220132743362832
Apparel,CS700220S,-3131,-2790,-1128,-2,-1662,0.5956989247311828
Apparel,CS700220XL,-5819,-5276,-2256,-4,-3020,0.5724033358605004
Apparel,CS700220XXL,-5018,-4540,-2820,-5,-1720,0.3788546255506608
Apparel,CS700221XXL,165,149,564,1,-415,-2.785234899328859
Apparel,CS700222L,696,663,0,0,663,1
Apparel,CS700222M,-410,-390,-574,-1,184,-0.4717948717948718
Apparel,CS700222S,-2518,-2398,-2296,-4,-102,0.042535446205170975
Apparel,CS700222XL,1507,1435,1148,2,287,0.2
Apparel,CS700222XXL,89,85,0,0,85,1
Apparel,CS700223L,109,104,574,1,-470,-4.519230769230769
Apparel,CS700223S,11372,10831,12054,21,-1223,-0.1129166281968424
Apparel,CS700224L,-15087,-13120,-564,-1,-12556,0.9570121951219512
Apparel,CS700224M,-16518,-14484,-564,-1,-13920,0.9610604805302403
Apparel,CS700224S,-4803,-4242,-1692,-3,-2550,0.6011315417256011
Apparel,CS700224XL,-5526,-4807,0,0,-4807,1
Apparel,CS700224XXL,-5051,-4477,-2256,-4,-2221,0.4960911324547688
Apparel,CS700225L,-571,-544,-558,-1,14,-0.025735294117647058
Apparel,CS700225S,-571,-544,-564,-1,20,-0.03676470588235294
Apparel,CS700226L,556,530,1550,2,-1020,-1.9245283018867925
Apparel,CS700226M,2669,2542,5425,7,-2883,-1.1341463414634145
Apparel,CS700226S,-13167,-12540,-3875,-5,-8665,0.6909888357256778
Apparel,CS700226XL,-756,-720,0,0,-720,1
Apparel,CS700226XXL,123,117,0,0,117,1
Apparel,CS700227L,2520,2400,14328,18,-11928,-4.97
Apparel,CS700227M,-18068,-17208,-1534,-2,-15674,0.9108554160855417
Apparel,CS700227S,-22686,-21605,-7750,-10,-13855,0.6412867391807452
Apparel,CS700227XL,1787,1702,1534,2,168,0.09870740305522914
Apparel,CS700227XXL,1521,1449,767,1,682,0.47066942719116633
Apparel,CS700228L,1962,1801,3970,5,-2169,-1.204330927262632
Apparel,CS700228M,-8630,-8219,-9528,-12,1309,-0.15926511741087723
Apparel,CS700228S,-6876,-6548,-6352,-8,-196,0.029932803909590716
Apparel,CS700228XL,224,214,-794,-1,1008,4.710280373831775
Apparel,CS700228XXL,21,20,0,0,20,1
Apparel,CS700229L,2180,2076,3176,4,-1100,-0.5298651252408478
Apparel,CS700229M,-1362,-1297,-2358,-3,1061,-0.818041634541249
Apparel,CS700229S,-38,-36,0,0,-36,1
Apparel,CS700229XL,-536,-511,-786,-1,275,-0.538160469667319
Apparel,CS700229XXL,-249,-237,0,0,-237,1
Apparel,CS700230L,20134,19175,38304,48,-19129,-0.9976010430247718
Apparel,CS700230M,24170,23019,43624,56,-20605,-0.8951301099092054
Apparel,CS700230S,-38661,-36820,-17138,-22,-19682,0.5345464421510049
Apparel,CS700230XL,19309,18390,22344,28,-3954,-0.21500815660685155
Apparel,CS700230XXL,1114,1061,771,1,290,0.27332704995287466
Apparel,CS700231L,53002,50478,40711,51,9767,0.19349023336899243
Apparel,CS700231M,35695,33995,27265,35,6730,0.19797028974849243
Apparel,CS700231S,37421,35639,28823,37,6816,0.19125115743988327
Apparel,CS700231XL,33924,32309,23670,36,8639,0.26738679624872325
Apparel,CS700231XXL,14043,13374,10906,14,2468,0.1845371616569463
Apparel,CS700232L,-27052,-25764,-13430,-17,-12334,0.47873001086787764
Apparel,CS700232M,-33832,-32221,-11060,-14,-21161,0.6567456006951988
Apparel,CS700232S,-19945,-18995,-9480,-12,-9515,0.500921295077652
Apparel,CS700232XL,-745,-710,1564,2,-2274,3.202816901408451
Apparel,CS700232XXL,830,791,0,0,791,1
Apparel,CS700233L,-15111,-13485,-8844,-11,-4641,0.3441601779755284
Apparel,CS700233M,29738,28767,37130,47,-8363,-0.2907150554454757
Apparel,CS700233S,22699,21618,25806,33,-4188,-0.19372744934776576
Apparel,CS700233XL,-5124,-4880,0,0,-4880,1
Apparel,CS700233XXL,277,264,782,1,-518,-1.9621212121212122
Apparel,CS700234L,5064,4823,6048,12,-1225,-0.2539912917271408
Apparel,CS700234M,7887,7511,9576,19,-2065,-0.2749301025163094
Apparel,CS700234S,10927,10406,11275,25,-869,-0.08350951374207188
Apparel,CS700234XL,4382,4173,5324,11,-1151,-0.27582075245626647
Apparel,CS700234XXL,248,236,483,1,-247,-1.0466101694915255
Apparel,CS700235L,40223,38307,30912,64,7395,0.19304565745164068
Apparel,CS700235M,39874,37941,30492,63,7449,0.1963311457262592
Apparel,CS700235S,14259,13580,11592,24,1988,0.1463917525773196
Apparel,CS700235XL,11144,10614,7245,15,3369,0.31741096664782364
Apparel,CS700235XXL,459,438,0,0,438,1
Apparel,CS700236L,33771,32163,46754,97,-14591,-0.4536579299194727
Apparel,CS700236M,31113,29631,44361,93,-14730,-0.497114508453984
Apparel,CS700236S,25039,23847,28505,59,-4658,-0.19532855285780182
Apparel,CS700236XL,6112,5821,9640,20,-3819,-0.6560728397182615
Apparel,CS700236XXL,27327,26026,30366,63,-4340,-0.16675632060247444
Apparel,CS700237L,63343,60326,48682,101,11644,0.19301793588170937
Apparel,CS700237M,41072,39116,30366,63,8750,0.22369362920544023
Apparel,CS700237S,14827,14121,11086,23,3035,0.21492812123787267
Apparel,CS700237XL,14472,13783,10146,21,3637,0.26387578901545383
Apparel,CS700237XXL,7506,7149,5784,12,1365,0.19093579521611415
Apparel,CS700238L,-15540,-13828,3588,6,-17416,1.2594735319641308
Apparel,CS700238M,-29630,-25925,-1196,-2,-24729,0.9538669238187079
Apparel,CS700238S,20540,19978,28106,47,-8128,-0.40684753228551407
Apparel,CS700238XL,11257,11137,18770,29,-7633,-0.6853730807219179
Apparel,CS700238XXL,-5084,-4555,-1196,-2,-3359,0.7374313940724478
Apparel,CS700239L,-17738,-15449,0,0,-15449,1
Apparel,CS700239M,23782,23645,39468,66,-15823,-0.6691901036159865
Apparel,CS700239S,12029,11789,17342,29,-5553,-0.47103231826278735
Apparel,CS700239XL,-4115,-3503,598,1,-4101,1.170710819297745
Apparel,CS700239XXL,-3316,-2959,-598,-1,-2361,0.7979046975329503
Apparel,CS700240L,62096,60395,80356,130,-19961,-0.3305074923420813
Apparel,CS700240M,50731,49582,72320,117,-22738,-0.4585938445403574
Apparel,CS700240S,51405,49391,57485,93,-8094,-0.16387600979935615
Apparel,CS700240XL,39832,38283,43268,70,-4985,-0.13021445550244234
Apparel,CS700240XXL,5506,5319,6181,10,-862,-0.16206053769505546
Apparel,CS700241L,-1345,-65,16825,25,-16890,259.84615384615387
Apparel,CS700241M,-22779,-20847,4711,7,-25558,1.2259797572792248
Apparel,CS700241S,16625,16268,35669,53,-19401,-1.1925866732235062
Apparel,CS700241XL,6004,5925,8036,13,-2111,-0.3562869198312236
Apparel,CS700241XXL,-6522,-5777,-3090,-5,-2687,0.46512030465639603
Apparel,CS700242L,-11304,-9724,1236,2,-10960,1.1271081859317154
Apparel,CS700242M,-6624,-5282,15453,25,-20735,3.9255963650132526
Apparel,CS700242S,20431,19892,35233,57,-15341,-0.7712145586165292
Apparel,CS700242XL,-4943,-4660,2472,4,-7132,1.5304721030042918
Apparel,CS700242XXL,-1236,-969,618,1,-1587,1.6377708978328174
Apparel,CS700243L,36918,37063,59340,96,-22277,-0.6010576585813345
Apparel,CS700243M,38699,38159,58103,94,-19944,-0.5226552058492099
Apparel,CS700243S,41475,39934,48831,79,-8897,-0.22279260780287474
Apparel,CS700243XL,38387,36993,44505,72,-7512,-0.2030654448138837
Apparel,CS700243XXL,-4699,-4041,1836,3,-5877,1.4543429844097995
Apparel,CS700244L,-14824,-14118,1773,3,-15891,1.1255843603909903
Apparel,CS700244M,-24180,-23028,-2925,-5,-20103,0.872980719124544
Apparel,CS700244S,-8458,-8055,0,0,-8055,1
Apparel,CS700244XL,-9867,-9397,585,1,-9982,1.062253910822603
Apparel,CS700244XXL,-296,-282,0,0,-282,1
Apparel,CS700245L,33686,31746,41300,70,-9554,-0.30095130095130096
Apparel,CS700245M,12776,12167,24780,42,-12613,-1.0366565299580834
Apparel,CS700245S,-19964,-19013,-2950,-5,-16063,0.8448430021564193
Apparel,CS700245XL,11946,11377,12980,22,-1603,-0.14089830359497232
Apparel,CS700245XXL,485,462,0,0,462,1
Apparel,CS700246L,36546,34806,33783,51,1023,0.029391484226857438
Apparel,CS700246M,62376,59406,61604,93,-2198,-0.036999629667037
Apparel,CS700246S,49739,47957,53222,89,-5265,-0.10978584982380049
Apparel,CS700246XL,28598,27236,25834,39,1402,0.051475987663386694
Apparel,CS700246XXL,-3105,-2957,2392,4,-5349,1.8089279675346635
Apparel,CS700247L,48047,45185,49634,83,-4449,-0.09846187894212681
Apparel,CS700247M,51172,49759,56212,94,-6453,-0.1296850820957013
Apparel,CS700247S,32843,31279,44850,75,-13571,-0.43386936922535885
Apparel,CS700247XL,8907,7953,6578,11,1375,0.17289073305670816
Apparel,CS700247XXL,233,222,-592,-1,814,3.6666666666666665
Apparel,CS700248L,-8949,-8523,-2364,-4,-6159,0.7226328757479761
Apparel,CS700248M,32217,30683,31914,54,-1231,-0.04011993612097904
Apparel,CS700248S,30360,28914,36051,61,-7137,-0.2468354430379747
Apparel,CS700248XL,21435,20284,18912,32,1372,0.0676395188325774
Apparel,CS700248XXL,6014,5728,5319,9,409,0.0714036312849162
Apparel,CS700249L,60420,57543,57327,97,216,0.0037537146134195296
Apparel,CS700249M,80509,76675,75648,128,1027,0.013394196283012716
Apparel,CS700249S,57003,54288,57918,98,-3630,-0.06686560565870911
Apparel,CS700249XL,31710,30200,30141,51,59,0.0019536423841059604
Apparel,CS700249XXL,5295,5043,4137,7,906,0.17965496728138014
Apparel,CS700250L,1033,983,734,2,249,0.2533062054933876
Apparel,CS700250S,-32,-31,0,0,-31,1
Apparel,CS700250XXL,533,508,367,1,141,0.27755905511811024
Apparel,CS700251L,433,412,367,1,45,0.10922330097087378
Apparel,CS700251M,-744,-709,734,2,-1443,2.0352609308885756
Apparel,CS700251S,-428,-407,0,0,-407,1
Apparel,CS700251XL,-358,-341,0,0,-341,1
Apparel,CS700251XXL,-124,-119,0,0,-119,1
Apparel,CS700252L,-4500,-4286,-377,-1,-3909,0.9120391973868409
Apparel,CS700252M,738,702,377,1,325,0.46296296296296297
Apparel,CS700252S,166,158,0,0,158,1
Apparel,CS700252XL,-382,-364,-377,-1,13,-0.03571428571428571
Apparel,CS700253L,-9742,-9278,-1885,-5,-7393,0.7968312136236257
Apparel,CS700253M,-10026,-9549,-1131,-3,-8418,0.8815582783537543
Apparel,CS700253S,-2522,-2402,0,0,-2402,1
Apparel,CS700253XL,-4662,-4440,-754,-2,-3686,0.8301801801801801
Apparel,CS700253XXL,-2808,-2674,-1131,-3,-1543,0.5770381451009723
Apparel,CS700254L,-1344,-1280,-1688,-4,408,-0.31875
Apparel,CS700254M,999,892,1266,3,-374,-0.4192825112107623
Apparel,CS700254XL,-437,-390,0,0,-390,1
Apparel,CS700254XXL,-490,-438,0,0,-438,1
Apparel,CS700255L,-60,-57,3376,8,-3433,60.228070175438596
Apparel,CS700255M,-509,-454,844,2,-1298,2.859030837004405
Apparel,CS700255S,-2917,-2605,-844,-2,-1761,0.6760076775431861
Apparel,CS700255XL,-3050,-2723,0,0,-2723,1
Apparel,CS700255XXL,-749,-669,0,0,-669,1
Apparel,CS700256L,-103,-98,-360,-1,262,-2.673469387755102
Apparel,CS700256M,344,307,0,0,307,1
Apparel,CS700256S,1305,1165,720,2,445,0.38197424892703863
Apparel,CS700256XL,862,770,360,1,410,0.5324675324675324
Apparel,CS700256XXL,854,814,720,2,94,0.11547911547911548
Apparel,CS700257L,-2869,-2780,-360,-1,-2420,0.8705035971223022
Apparel,CS700257M,-3609,-3437,0,0,-3437,1
Apparel,CS700257XL,-2284,-2176,-360,-1,-1816,0.8345588235294118
Apparel,CS700257XXL,-2605,-2481,-720,-2,-1761,0.7097944377267231
Apparel,CS700258XL,-140,-133,-302,-1,169,-1.2706766917293233
Apparel,CS700259L,-306,-292,-393,-1,101,-0.3458904109589041
Apparel,CS700259M,8,8,0,0,8,1
Apparel,CS700259S,361,344,302,1,42,0.12209302325581395
Apparel,CS700259XL,-950,-904,-786,-2,-118,0.13053097345132744
Apparel,CS700260L,-958,-913,0,0,-913,1
Apparel,CS700260M,470,420,301,1,119,0.2833333333333333
Apparel,CS700260XL,-849,-808,-301,-1,-507,0.6274752475247525
Apparel,CS700260XXL,47,45,0,0,45,1
Apparel,CS700261L,-1076,-1025,301,1,-1326,1.293658536585366
Apparel,CS700261M,-134,-128,0,0,-128,1
Apparel,CS700261S,-427,-407,-393,-1,-14,0.0343980343980344
Apparel,CS700263L,1026,916,662,2,254,0.27729257641921395
Apparel,CS700263M,448,400,408,1,-8,-0.02
Apparel,CS700264L,1106,1053,786,2,267,0.2535612535612536
Apparel,CS700264M,-460,-438,-393,-1,-45,0.10273972602739725
Apparel,CS700264S,99,94,0,0,94,1
Apparel,CS700264XXL,1601,1525,1572,4,-47,-0.03081967213114754
Apparel,CS700265M,-821,-733,-393,-1,-340,0.4638472032742155
Apparel,CS700265S,-799,-713,-439,-1,-274,0.38429172510518933
Apparel,CS700265XL,61,58,0,0,58,1
Apparel,CS700293L,102457,96920,65604,97,31316,0.3231118448204705
Apparel,CS700293M,38840,36979,14191,23,22788,0.6162416506665945
Apparel,CS700293S,27017,25730,16872,24,8858,0.3442673921492421
Apparel,CS700293XL,39606,37720,24075,39,13645,0.3617444326617179
Apparel,CS700293XXL,95441,90896,69757,113,21139,0.23256248899841578
Apparel,CS700294L,81371,76708,56176,91,20532,0.26766438963341505
Apparel,CS700294M,52457,49844,33041,47,16803,0.33711178878099674
Apparel,CS700294S,19299,18038,7404,12,10634,0.589533207672691
Apparel,CS700294XL,45819,43589,30866,50,12723,0.2918855674596802
Apparel,CS700294XXL,49540,44285,29014,47,15271,0.34483459410635653
Apparel,CS700295L,55487,52996,30866,50,22130,0.41757868518378743
Apparel,CS700295M,22596,21798,4218,6,17580,0.8064960088081475
Apparel,CS700295S,-896,-909,-19137,-31,18228,-20.05280528052805
Apparel,CS700295XL,30082,28694,19754,32,8940,0.3115633930438419
Apparel,CS700295XXL,17469,17243,12346,20,4897,0.28399930406541785
Apparel,CS700296L,539134,510903,425830,650,85073,0.16651497446677746
Apparel,CS700296M,482168,457151,348525,532,108626,0.23761514248027457
Apparel,CS700296S,183749,171975,130146,199,41829,0.24322721325774094
Apparel,CS700296XL,330111,313264,263965,403,49299,0.15737205679554625
Apparel,CS700296XS,20212,19250,22866,35,-3616,-0.18784415584415584
Apparel,CS700296XXL,182909,173941,130885,200,43056,0.2475322091973715
Apparel,CS700296XXXL,65043,61946,48725,87,13221,0.21342782423401027
Apparel,CS700297L,71326,68072,65435,106,2637,0.038738394640968385
Apparel,CS700297M,17169,16127,2109,3,14018,0.8692255224158244
Apparel,CS700297S,-150,-142,-1833,-3,1691,-11.908450704225352
Apparel,CS700297XL,49140,46121,42883,61,3238,0.07020663038529086
Apparel,CS700297XXL,24629,23456,19137,31,4319,0.18413199181446113
Apparel,CS700298L,539829,510767,362004,594,148763,0.29125413348943846
Apparel,CS700298M,512213,486069,339625,555,146444,0.3012823282291197
Apparel,CS700298S,238990,225223,166947,273,58276,0.25874799643020474
Apparel,CS700298XL,332910,314902,237680,391,77222,0.24522549872658794
Apparel,CS700298XS,40783,38724,34211,56,4513,0.11654271252969735
Apparel,CS700298XXL,220679,199887,138350,228,61537,0.3078589403012702
Apparel,CS700298XXXL,64345,61281,47605,85,13676,0.22316868197320539
Apparel,CS700299L,119914,113095,85760,128,27335,0.2416994562093815
Apparel,CS700299M,83840,79888,44252,74,35636,0.44607450430602846
Apparel,CS700299S,45767,43587,30804,51,12783,0.29327551792965795
Apparel,CS700299XL,59143,55606,38860,58,16746,0.30115455166708627
Apparel,CS700299XXL,36935,34626,20770,31,13856,0.40016172818113555
Apparel,CS700300L,42326,40665,23664,34,17001,0.4180745112504611
Apparel,CS700300M,38418,36925,20880,30,16045,0.434529451591063
Apparel,CS700300S,11167,10635,8352,12,2283,0.2146685472496474
Apparel,CS700300XL,18477,16659,11476,19,5183,0.3111231166336515
Apparel,CS700300XXL,6281,5982,3624,6,2358,0.39418254764292876
Apparel,CS700301L,473805,449512,325260,468,124252,0.27641531260567015
Apparel,CS700301M,384237,364863,259930,374,104933,0.28759561808130724
Apparel,CS700301S,175694,165023,126178,181,38845,0.23539143028547535
Apparel,CS700301XL,309927,294678,211316,304,83362,0.2828918344769545
Apparel,CS700301XS,29295,27843,28700,41,-857,-0.03077972919584815
Apparel,CS700301XXL,167022,158858,112752,162,46106,0.2902340454997545
Apparel,CS700301XXXL,33128,31550,25852,46,5698,0.18060221870047544
Apparel,CS700302L,-69311,-66011,-17276,-28,-48735,0.7382860432352184
Apparel,CS700302M,79147,75379,107975,175,-32596,-0.43242812985048884
Apparel,CS700302S,-31504,-30003,-6170,-10,-23833,0.794353897943539
Apparel,CS700302XL,40074,38165,53706,87,-15541,-0.40720555482772175
Apparel,CS700302XXL,-32725,-31167,-6170,-10,-24997,0.8020342028427504
Apparel,CS700303L,57912,55451,32160,48,23291,0.4200284936250023
Apparel,CS700303M,64164,60736,36240,60,24496,0.4033192834562698
Apparel,CS700303S,9255,9104,2010,3,7094,0.7792179261862917
Apparel,CS700303XL,8997,8663,-7852,-13,16515,1.9063834699295856
Apparel,CS700303XXL,19131,18332,8040,12,10292,0.5614226489199214
Apparel,CS700304L,54838,52401,29596,49,22805,0.4352016182897273
Apparel,CS700304M,16964,15099,-3051,-5,18150,1.2020663620107293
Apparel,CS700304S,17758,17266,6730,10,10536,0.610216610679949
Apparel,CS700304XL,14852,14086,3661,6,10425,0.7400965497657248
Apparel,CS700304XXL,23212,21734,10372,17,11362,0.5227753749884972
Apparel,CS700305L,60537,57952,44530,73,13422,0.2316054665930425
Apparel,CS700305M,68232,64983,49410,81,15573,0.23964729236877338
Apparel,CS700305S,31749,30318,17498,26,12820,0.42285111155089383
