Center,period,Product Rating (PR)
10 - Fuerza Koramangala,Q-2023-04-01,3.57
100 - Play On Fitness,Q-2023-04-01,3.48
1000 - Sai Sports Academy,Q-2023-04-01,3.75
1001 - Fitso Bellandur Game Theory,Q-2023-04-01,3.74
"1002 - Fitso Sector 21, Noida",Q-2023-04-01,3.7
1004 - Fitso Next Level Badminton Academy,Q-2023-04-01,3.73
1005 - Fitso BBPS Sector-14 Rohini,Q-2023-04-01,3.65
1007 - Fitso Olympus Sports Arena,Q-2023-04-01,3.71
1008 - Fitness Zone (Hafeezpet),Q-2023-04-01,3.71
101 - Play On Fitness,Q-2023-04-01,3.52
1012 - Fitness Freaks,Q-2023-04-01,3.75
1013 - GymX Prime (Whitefield),Q-2023-04-01,3.65
1014 - Cult Gym Marathahalli,Q-2023-04-01,3.52
1015 - Gold's Gym Sinhagad Road,Q-2023-04-01,3.64
1016 - Cloud 9 Fitness,Q-2023-04-01,3.5
1017 - F7 Fitness by Prasad Konda,Q-2023-04-01,3.76
1019 - Cult Gym Gachibowli,Q-2023-04-01,3.68
1020 - Gold's Gym Aundh,Q-2023-04-01,3.65
1021 - Gold's Gym Lower Parel,Q-2023-04-01,3.85
1023 - Cult Harlur 1st Main,Q-2023-04-01,3.81
1025 - Cult Kalyan Nagar 5th Block,Q-2023-04-01,3.88
1026 - Cult Gym Kalyan Nagar 5th Block,Q-2023-04-01,3.66
1027 - Cult Gym Janakpuri,Q-2023-04-01,3.69
103 - Mani's Core Fit,Q-2023-04-01,3.81
1030 - Cult Gym Siripuram,Q-2023-04-01,3.76
1032 - Cult Gym Panchkula Sector 9,Q-2023-04-01,3.7
1033 - Fitmax (Madhapur),Q-2023-04-01,3.65
1034 - Stark Fitness Studio (Bachupally),Q-2023-04-01,3.76
1035 - Glint Fitness Center,Q-2023-04-01,3.49
1036 - Stark Fitness Studio (Sainikpuri),Q-2023-04-01,3.66
1037 - Stark Fitness Studio,Q-2023-04-01,3.74
1038 - Cult Gym Uttarahalli,Q-2023-04-01,3.69
1039 - Cult Gym C Scheme,Q-2023-04-01,3.67
104 - Fitt Lounge,Q-2023-04-01,3.6
1040 - Muscle Junkie (Model Town),Q-2023-04-01,3.63
1041 - Fitso Hennur Agon Sports,Q-2023-04-01,3.67
1042 - Fitso Sector 116 Spuddy,Q-2023-04-01,3.6
1046 - Fitso Whitefield AH Sportstreet,Q-2023-04-01,3.7
1047 - Moments Fitness Hub 1.0,Q-2023-04-01,3.68
1048 - Gold's Gym (Vasai),Q-2023-04-01,3.63
1049 - Gympoint The Fitness Studio,Q-2023-04-01,3.63
105 - The Fitness Lab,Q-2023-04-01,3.53
1050 - Cult Gym Miyapur X Roads,Q-2023-04-01,3.68
1051 - Supergym Prime (Varthur),Q-2023-04-01,3.65
1052 - Cult Uttarahalli,Q-2023-04-01,3.86
1053 - Cult Miyapur X Roads,Q-2023-04-01,3.88
"1054 - Black Vigor (Sector 49, Noida)",Q-2023-04-01,3.63
1055 - Cult Gym Fraser Road,Q-2023-04-01,3.71
1056 - Cult Gym Mahanagar,Q-2023-04-01,3.56
1057 - Cult Mahanagar,Q-2023-04-01,3.83
1058 - Move Max,Q-2023-04-01,3.58
1059 - G8 Fitness,Q-2023-04-01,3.75
106 - F7 Fitness Exclusive,Q-2023-04-01,3.61
1060 - Cult Fraser Road,Q-2023-04-01,3.92
1061 - Iron Sanctuary,Q-2023-04-01,3.72
"1062 - Cult Gym Universal Trade Tower, Sohna Rd",Q-2023-04-01,3.65
"1063 - Cult Universal Trade Tower, Sohna Rd",Q-2023-04-01,3.72
1064 - Cult Gym OIC Lower Parel,Q-2023-04-01,3.72
1065 - Cult OIC Lower Parel,Q-2023-04-01,3.86
1066 - Muscle Factory,Q-2023-04-01,3.68
1067 - Muscle Factory,Q-2023-04-01,3.6
1068 - Cult Gym Eros Sector 49,Q-2023-04-01,3.67
1069 - Cult Gym Himayatnagar Main(Hyderguda),Q-2023-04-01,3.47
107 - True Fit,Q-2023-04-01,3.51
1070 - Cult Gym Madhapur,Q-2023-04-01,3.53
1071 - Cult Gym Indiranagar 6th Main,Q-2023-04-01,3.57
1072 - Cult Gym AECS-Brookfield,Q-2023-04-01,3.54
1073 - Cult Himayatnagar Main,Q-2023-04-01,3.83
1074 - Cult Indiranagar 6th Main,Q-2023-04-01,3.83
1075 - Cult Kota,Q-2023-04-01,3.86
1076 - Cult Gym Mahadevpura,Q-2023-04-01,3.67
1077 - Cult Neo Gym Hoodi,Q-2023-04-01,3.59
1078 - Cult Gym Kundalahalli,Q-2023-04-01,3.5
1079 - GymPoint The Fitness Studio (Malakpet),Q-2023-04-01,3.71
108 - The Fitness Box by Umesh Chhabra,Q-2023-04-01,3.87
1080 - Gold's Gym (Ulubari),Q-2023-04-01,3.81
1081 - Pran Fitness,Q-2023-04-01,3.71
1082 - Benefit Arena,Q-2023-04-01,3.67
1083 - Foundry Active (Kaggadasapura),Q-2023-04-01,3.66
1084 - Prince Fitness,Q-2023-04-01,3.7
1085 - Youmania,Q-2023-04-01,3.74
1086 - Youmania,Q-2023-04-01,3.74
1087 - Aarna Fitness (Konanakunte),Q-2023-04-01,3.65
1088 - Brad Fitness,Q-2023-04-01,3.64
1089 - Body Line Gym and Cardio,Q-2023-04-01,3.61
109 - Akhil Fitness World,Q-2023-04-01,3.58
1090 - Body Line Gym and Cardio,Q-2023-04-01,3.62
1091 - Oxy-Genz Fitness,Q-2023-04-01,3.68
1092 - Virtue Fitness,Q-2023-04-01,3.68
1093 - I Lift Fitness (East Of Kailash),Q-2023-04-01,3.65
1094 - Club Fit,Q-2023-04-01,3.6
1095 - Fitness Turf (Kompally),Q-2023-04-01,3.79
1096 - Cult C Scheme,Q-2023-04-01,3.79
1097 - Gold's Gym Jamshedpur,Q-2023-04-01,3.44
1098 - Cult Gym Akshaynagar,Q-2023-04-01,3.75
1099 - Cult Gym Habsiguda(Hybrid),Q-2023-04-01,3.62
11 - Fuerza HSR,Q-2023-04-01,3.58
110 - Fluid,Q-2023-04-01,3.76
1100 - Cult Gym Kondapur,Q-2023-04-01,3.61
1104 - Elite Fitness Club,Q-2023-04-01,3.61
1105 - MP Sports Arena,Q-2023-04-01,3.71
1106 - Fitso Silpa Park Badminton,Q-2023-04-01,3.67
1107 - Fitso Kondapur Playtime Sports,Q-2023-04-01,3.74
1108 - Cult Gym Varthur,Q-2023-04-01,3.73
1109 - Powerr Vibes Gym,Q-2023-04-01,3.8
111 - Fluid,Q-2023-04-01,3.59
1110 - Fitso Sector-15 Faridabad,Q-2023-04-01,3.62
1111 - Fitso Sheikh Sarai,Q-2023-04-01,3.68
"1112 - Fitso Sector 16A ,Noida",Q-2023-04-01,3.7
"1113 - Fitso Sector 119, Noida",Q-2023-04-01,3.59
1114 - Fitso Brij Vihar,Q-2023-04-01,3.76
1115 - Cult AECS-Brookfield,Q-2023-04-01,3.82
1116 - Cult Gym Budigere Cross,Q-2023-04-01,3.65
1117 - Cult Budigere Cross,Q-2023-04-01,3.8
1118 - Cult Gym Sion,Q-2023-04-01,3.69
1119 - Cult Sion,Q-2023-04-01,3.86
112 - Fluid,Q-2023-04-01,3.67
1120 - Cult Gym Siliguri,Q-2023-04-01,3.64
1123 - Cult Varthur,Q-2023-04-01,3.79
1124 - Gold's Gym (Gomti Nagar),Q-2023-04-01,3.64
1125 - Cult Siliguri,Q-2023-04-01,3.88
1126 - Gold's Gym Banashankari,Q-2023-04-01,3.57
1127 - Gold's Gym NIBM,Q-2023-04-01,3.63
1128 - B3 Wellness Studio (JP Nagar),Q-2023-04-01,3.65
1129 - Fitness First Platinum Crest Mukta,Q-2023-04-01,3.96
113 - Fitness Ministry,Q-2023-04-01,3.7
1132 - Revive Fitness,Q-2023-04-01,3.8
1133 - Step Up Fitness (Vile Parle East),Q-2023-04-01,3.71
1136 - Fit Gym Reloaded,Q-2023-04-01,
1138 - Cult Gym Nallagandla - Huda,Q-2023-04-01,3.53
1139 - Cult Nallagandla - Huda,Q-2023-04-01,3.71
"114 - Cult Thane, Ghodbunder Road",Q-2023-04-01,3.9
1144 - Cult Gym Bommanahalli,Q-2023-04-01,3.63
1145 - Cult Bommanahalli,Q-2023-04-01,3.8
1146 - Reveal Fitness,Q-2023-04-01,3.5
1147 - HRX Gym JP Nagar,Q-2023-04-01,3.6
115 - Cult Indiranagar,Q-2023-04-01,3.83
1151 - Fitso DPSG Palam Vihar,Q-2023-04-01,3.67
1152 - Fitso Thubarahalli MKR Sports Arena,Q-2023-04-01,3.71
1153 - Modest Gainz,Q-2023-04-01,3.68
1154 - Vogue Health Club,Q-2023-04-01,3.77
1155 - Gold's Gym RR Nagar,Q-2023-04-01,3.59
1156 - Fitso E-City Nova Sports,Q-2023-04-01,3.83
116 - Cult JP Nagar,Q-2023-04-01,3.83
"1161 - Fitso Sector-27, Noida",Q-2023-04-01,3.72
1162 - Fitso Mahadevapura Play Plus,Q-2023-04-01,3.7
1168 - Iron House (Worli),Q-2023-04-01,3.89
117 - Cult HSR 19th Main,Q-2023-04-01,3.84
1171 - Gold's Gym (Raj Nagar Extension),Q-2023-04-01,3.66
1173 - Reset Kormangla,Q-2023-04-01,
118 - Cult Sarjapur,Q-2023-04-01,3.81
1188 - Fitso Karmanghat One All,Q-2023-04-01,3.71
119 - Cult Bellandur,Q-2023-04-01,3.81
1190 - Laps Swimming Academy,Q-2023-04-01,
120 - Cult Koramangala 80ft Rd,Q-2023-04-01,3.86
1204 - HSR Fitness World,Q-2023-04-01,
121 - Cult Tribe Indiranagar,Q-2023-04-01,3.86
123 - Cult Whitefield,Q-2023-04-01,3.86
125 - Cult Koramangala Bethany,Q-2023-04-01,2.5
"129 - Cult Whitefield, Shantiniketan",Q-2023-04-01,3.87
13 - GymX,Q-2023-04-01,
"133 - Cult Baani, Sector 56",Q-2023-04-01,3.89
134 - Cult Mahadevapura,Q-2023-04-01,3.86
135 - Cult Malleshwaram,Q-2023-04-01,3.89
136 - Cult DLF Cyber Greens,Q-2023-04-01,3.89
138 - Cult Jayanagar,Q-2023-04-01,3.87
139 - Cult Basaveshwar Nagar,Q-2023-04-01,3.9
14 - GymX (Defunct) - Do not use,Q-2023-04-01,3.75
140 - Cult Galleria,Q-2023-04-01,3.89
143 - Cult RMV 2nd Stage (Deprecated),Q-2023-04-01,3.85
144 - Cult Electronic City,Q-2023-04-01,3.87
149 - Cult Hauz Khas,Q-2023-04-01,3.89
15 - GymX Marathahalli,Q-2023-04-01,3.4
152 - Cult Banashankari,Q-2023-04-01,3.86
154 - Cult JP Nagar 7th Phase,Q-2023-04-01,3.88
155 - Cult Harlur (deprecated),Q-2023-04-01,3.85
156 - Cult Sahakar Nagar,Q-2023-04-01,3.86
157 - Cult Marathahalli,Q-2023-04-01,3.83
159 - Cult Yelahanka,Q-2023-04-01,3.9
16 - The Street Code,Q-2023-04-01,3.44
160 - Cult Bannerghatta Main Rd,Q-2023-04-01,3.91
161 - Cult RR Nagar,Q-2023-04-01,3.86
162 - Cult Kannamangala,Q-2023-04-01,3.89
163 - Cult RT Nagar (deprecated),Q-2023-04-01,3.87
164 - Cult Punjabi Bagh,Q-2023-04-01,3.89
167 - Cult Banjara Hills,Q-2023-04-01,3.88
168 - Cult Kondapur,Q-2023-04-01,3.89
17 - 121 Premium Fitness Studio,Q-2023-04-01,3.52
170 - Cult Kukatpally,Q-2023-04-01,3.88
171 - Cult Vasant Kunj,Q-2023-04-01,3.88
172 - Cult Gachibowli,Q-2023-04-01,3.86
174 - Cult Rajouri Garden,Q-2023-04-01,3.9
18 - Fit 24,Q-2023-04-01,3.65
182 - Cult Basavanagudi,Q-2023-04-01,3.87
183 - Cult Chandra Layout Maruthi Nagar,Q-2023-04-01,3.88
184 - Cult Begumpet,Q-2023-04-01,3.85
191 - Cult Janakpuri,Q-2023-04-01,3.91
192 - Cult Patel Nagar,Q-2023-04-01,3.88
193 - Cult Kalyan Nagar,Q-2023-04-01,3.86
194 - Cult Botanical Garden Rd,Q-2023-04-01,3.88
20 - Moments Fitness Hub 2.0,Q-2023-04-01,3.62
200 - Cult Madinaguda,Q-2023-04-01,3.89
201 - Cult Pitampura,Q-2023-04-01,3.87
202 - Cult Whitefield Hopefarm,Q-2023-04-01,3.86
203 - Cult Frazer Town,Q-2023-04-01,3.88
207 - Cult Paschim Vihar,Q-2023-04-01,3.9
208 - Cult Model Town,Q-2023-04-01,3.84
21 - Zest Fitness,Q-2023-04-01,3.47
212 - Cult Sarjapur Doddakannalli,Q-2023-04-01,3.87
213 - Cult Rajajinagar,Q-2023-04-01,3.87
216 - Cult Eros Sector 49,Q-2023-04-01,3.88
219 - Cult Madhapur,Q-2023-04-01,3.88
22 - SPL Fitness,Q-2023-04-01,3.69
220 - Cult Jubilee Hills Checkpost,Q-2023-04-01,3.86
221 - Cult South Extension (deprecated),Q-2023-04-01,3.82
222 - Cult BKC,Q-2023-04-01,3.85
224 - Cult Hiranandani Gardens,Q-2023-04-01,3.9
226 - Cult Hennur (Deprecated),Q-2023-04-01,3.88
227 - Cult AS Rao Nagar,Q-2023-04-01,3.91
228 - Cult Himayatnagar,Q-2023-04-01,3.88
23 - Rush Fitness,Q-2023-04-01,3.58
230 - Cult Hoodi,Q-2023-04-01,3.87
231 - Cult Akshayanagar,Q-2023-04-01,3.87
232 - Cult Brigade Road,Q-2023-04-01,3.88
234 - Cult TFD Koramangala,Q-2023-04-01,3.85
235 - Cult Lajpat Nagar (earlier Ring Road),Q-2023-04-01,3.91
236 - Cult Preet Vihar,Q-2023-04-01,3.91
24 - Conquer Gym,Q-2023-04-01,3.63
242 - Cult Tardeo,Q-2023-04-01,3.89
243 - Cult Banaswadi,Q-2023-04-01,3.89
245 - Cult DLF Phase 1,Q-2023-04-01,3.87
247 - Cult LB Nagar,Q-2023-04-01,3.87
251 - Cult SG Palya (Near Forum Koramangala),Q-2023-04-01,3.85
26 - Elite Fitness Club,Q-2023-04-01,3.65
260 - Cult Juhu,Q-2023-04-01,3.87
261 - Cult Malad,Q-2023-04-01,3.91
268 - Cult Velachery Chennai - Hybrid,Q-2023-04-01,3.92
270 - Cult Kalyani Nagar old,Q-2023-04-01,3.88
272 - Cult Nagavara - Manyata Tech Park,Q-2023-04-01,3.86
278 - Cult Malviya Nagar,Q-2023-04-01,3.72
282 - Cult Saket,Q-2023-04-01,3.87
283 - Cult Dwarka Sector 12,Q-2023-04-01,3.89
284 - Cult Sector 18 Noida (Deprecated),Q-2023-04-01,3.91
288 - Cult SR Nagar(Deprecated),Q-2023-04-01,3.92
289 - Cult Nizampet x Roads,Q-2023-04-01,3.87
290 - Cult Dilsukhnagar,Q-2023-04-01,3.89
291 - Cult Srinagar Colony,Q-2023-04-01,3.9
292 - Cult Powai-Raheja Vihar,Q-2023-04-01,3.91
293 - Cult Chembur (deprecated old center),Q-2023-04-01,3.89
294 - Cult Prabhadevi,Q-2023-04-01,3.84
295 - Cult Kandivali West,Q-2023-04-01,3.89
304 - Cult Nallagandla,Q-2023-04-01,3.89
305 - Cult Kompally,Q-2023-04-01,3.92
307 - Cult Marathahalli ORR,Q-2023-04-01,3.87
31 - The Monkey Fitness,Q-2023-04-01,3.64
315 - Cult HSR 24th Main,Q-2023-04-01,3.82
316 - Cult Magarpatta City,Q-2023-04-01,3.86
317 - Cult Tolichowki,Q-2023-04-01,3.87
318 - Cult Nagole,Q-2023-04-01,3.87
321 - Cult Habsiguda,Q-2023-04-01,3.89
33 - Supergym (Pai Layout),Q-2023-04-01,3.58
331 - Cult Wakad(deprecated),Q-2023-04-01,3.88
333 - Cult Vijayanagar (Mysore),Q-2023-04-01,3.87
337 - Cult Satellite,Q-2023-04-01,3.84
338 - Cult Sector 9 Panchkula,Q-2023-04-01,3.86
34 - Supergym (Thippasandra),Q-2023-04-01,3.54
346 - Cult Financial District,Q-2023-04-01,3.88
347 - Cult Kokapet (deprecated),Q-2023-04-01,3.91
349 - Cult Elamkulam,Q-2023-04-01,3.94
35 - Supergym (Vignan Nagar),Q-2023-04-01,3.34
36 - Shred Fitness,Q-2023-04-01,3.55
361 - Cult HSR 14th Main,Q-2023-04-01,3.85
"362 - Cult Kanakapura Road, Doddakallasandra",Q-2023-04-01,3.89
363 - Cult Trimulgherry,Q-2023-04-01,3.9
366 - Cult T N,Q-2023-04-01,3.91
369 - Cult Bahu Plaza,Q-2023-04-01,3.89
37 - Pledge Fitness,Q-2023-04-01,3.69
370 - Cult Lokhandwala old,Q-2023-04-01,3.89
371 - Cult Andheri East,Q-2023-04-01,3.91
379 - Cult Sector 104 Noida ( Deprecated ),Q-2023-04-01,3.88
384 - Cult Siripuram,Q-2023-04-01,3.84
385 - Cult Kharghar,Q-2023-04-01,3.91
386 - Cult Madhu Milan Square,Q-2023-04-01,3.81
39 - Chizel Fitness Studio,Q-2023-04-01,3.64
"391 - Cult MG Road, Mangalore",Q-2023-04-01,3.96
"393 - Cult Bandra, Linking Road",Q-2023-04-01,3.89
394 - Cult Race Course Rd,Q-2023-04-01,3.91
"396 - Cult Sushant Lok, Phase 1",Q-2023-04-01,3.9
42 - Platinum Fitness Club,Q-2023-04-01,3.49
43 - Yashmaxx 2.0,Q-2023-04-01,3.46
46 - Conquest Fitness,Q-2023-04-01,3.46
465 - Stallion Fitness (Kompally),Q-2023-04-01,3.75
"466 - Heeaatz Fitness (Sector 50, Gurgaon)",Q-2023-04-01,3.8
467 - Thew Fitness (DLF Phase 1),Q-2023-04-01,3.68
468 - Studio Velocity,Q-2023-04-01,3.71
469 - Fitness Culture (Sultanpur),Q-2023-04-01,3.44
47 - Millennium Fitness Club,Q-2023-04-01,3.68
470 - Fitmax,Q-2023-04-01,3.66
471 - Cult Gym Banashankari 2nd Stage,Q-2023-04-01,3.59
472 - Cult Circular Road,Q-2023-04-01,3.88
476 - Paradise Fitness Club,Q-2023-04-01,3.64
477 - Kratos,Q-2023-04-01,3.48
478 - An.Fit,Q-2023-04-01,3.56
479 - MH Fitness,Q-2023-04-01,3.71
48 - The Cronus Fitness,Q-2023-04-01,3.62
480 - Energym,Q-2023-04-01,3.35
482 - Balance Fitness Lounge,Q-2023-04-01,3.61
483 - Aim Fit,Q-2023-04-01,3.59
484 - Team Core,Q-2023-04-01,3.48
486 - Body Zone Gym and Fitness Center,Q-2023-04-01,3.75
487 - Team Core,Q-2023-04-01,3.76
488 - FitLifez Gym and Spa,Q-2023-04-01,3.5
489 - Body Formula Fitness,Q-2023-04-01,3.55
49 - Drona The Fitness Gurukul,Q-2023-04-01,3.55
490 - Cult Gym Indiranagar,Q-2023-04-01,3.52
491 - Quad the Fitness Hub,Q-2023-04-01,3.67
492 - Cult Gym Richmond Road,Q-2023-04-01,3.6
493 - Cult Anna Nagar,Q-2023-04-01,3.91
494 - Cult Nungambakkam,Q-2023-04-01,3.86
50 - Fast Fit Gym,Q-2023-04-01,3.61
502 - High Fitness Club,Q-2023-04-01,3.65
508 - The Iron Pumpers Gym,Q-2023-04-01,3.72
513 - MultiFit (Indiranagar),Q-2023-04-01,3.59
514 - MultiFit (Hennur),Q-2023-04-01,3.63
515 - Fitness Element (Ex MultiFit Grand Tamanna),Q-2023-04-01,3.61
517 - MultiFit (Kalyan Nagar),Q-2023-04-01,3.71
519 - MultiFit (Pimple Saudagar),Q-2023-04-01,3.7
520 - MultiFit (SUFC),Q-2023-04-01,3.61
524 - Turbo Fitness (Bandra),Q-2023-04-01,3.68
526 - Ares Gym,Q-2023-04-01,3.68
53 - I Lift Fitness,Q-2023-04-01,3.68
530 - Cult Adyar,Q-2023-04-01,3.89
534 - Be Fit,Q-2023-04-01,3.54
535 - Metafit,Q-2023-04-01,3.69
536 - Afterburn Fitness Studio (Alwal),Q-2023-04-01,3.65
538 - Metafit,Q-2023-04-01,3.69
54 - Mirage.fit,Q-2023-04-01,3.65
540 - Fitness Square,Q-2023-04-01,3.73
541 - Fluid (Vasant Kunj),Q-2023-04-01,3.66
542 - Fit Gym (West Patel Nagar),Q-2023-04-01,3.31
543 - Power Fitness,Q-2023-04-01,3.63
544 - Alpha Fitness (ex. Taurus Fitness),Q-2023-04-01,3.54
546 - Bomiso Fitness,Q-2023-04-01,3.72
548 - Body Power,Q-2023-04-01,3.82
55 - Wellcare Fitness,Q-2023-04-01,3.54
550 - Freedom Fitness,Q-2023-04-01,3.72
551 - MA Fitness,Q-2023-04-01,3.73
552 - Aesthetic B Fitness (ex. Stark Fitness),Q-2023-04-01,3.67
554 - Fitness 2 Health,Q-2023-04-01,3.6
555 - F99 FIT,Q-2023-04-01,3.62
556 - Fitness 4 All,Q-2023-04-01,3.47
56 - FitLifez Gym and Spa,Q-2023-04-01,3.66
568 - Revolt Fitness Club,Q-2023-04-01,3.62
569 - Sehat World Green (Dwarka),Q-2023-04-01,3.74
57 - Planet Ultrafit Gym,Q-2023-04-01,3.66
574 - Cult Vidyaranyapura,Q-2023-04-01,3.85
576 - 9th Gear Fitness Club,Q-2023-04-01,3.63
577 - Fitness One Gym,Q-2023-04-01,3.59
579 - F99 Fit,Q-2023-04-01,3.48
58 - Cure Fitness,Q-2023-04-01,3.6
582 - Foundry Active,Q-2023-04-01,3.45
584 - Fly Fit (New Friends Colony),Q-2023-04-01,3.8
587 - B3 Wellness Studio,Q-2023-04-01,3.65
588 - In The Pink Fitness Club,Q-2023-04-01,3.62
59 - IGNYT Gym,Q-2023-04-01,3.63
590 - Lifestyle Fitness Gym and Cardio (Kothapet),Q-2023-04-01,3.61
591 - Stallion Fitness (Kondapur),Q-2023-04-01,3.71
592 - Team Core,Q-2023-04-01,3.49
593 - GNFC Gym,Q-2023-04-01,3.63
600 - Cult Pal Heights,Q-2023-04-01,3.93
603 - Cult Dharampeth,Q-2023-04-01,3.92
605 - Cult Race Course,Q-2023-04-01,3.93
"606 - Cult Gym RDC, Ghaziabad",Q-2023-04-01,3.66
607 - Cult Gym Bellandur,Q-2023-04-01,3.58
608 - Cult Gym HSR,Q-2023-04-01,3.57
61 - Body Zone Gym,Q-2023-04-01,3.58
611 - Hard Gains (Sector 25),Q-2023-04-01,3.48
613 - Cult Alwarpet,Q-2023-04-01,3.87
614 - Cult Gym Gomti Nagar,Q-2023-04-01,3.61
615 - Cult Gym Golf Course Rd,Q-2023-04-01,3.68
616 - Cult Golf Course Rd,Q-2023-04-01,3.8
617 - Cult Gomti Nagar,Q-2023-04-01,3.89
62 - Armour Fitness Studio,Q-2023-04-01,4
620 - Quark Fitness,Q-2023-04-01,3.67
63 - Grapple Fitness,Q-2023-04-01,3.69
64 - Changeover Fitness Studio,Q-2023-04-01,3.6
65 - Solid Looks Fitness Studio,Q-2023-04-01,3.5
66 - Fit Plus Health Club,Q-2023-04-01,3.61
664 - Fit Dock,Q-2023-04-01,3.63
665 - Fit Dock,Q-2023-04-01,3.73
670 - Elon Fitness,Q-2023-04-01,3.62
671 - Elevate Wellness Club,Q-2023-04-01,
672 - Cubbon Park,Q-2023-04-01,3.62
673 - Fitness Craze,Q-2023-04-01,3.75
674 - GymPoint The Fitness Studio,Q-2023-04-01,3.61
675 - Agara Lake,Q-2023-04-01,3.91
677 - Cult Gym Napier Town,Q-2023-04-01,3.74
678 - Cult Napier Town,Q-2023-04-01,3.88
68 - Tiger Gym,Q-2023-04-01,3.54
680 - Cult Gym Vijay Nagar,Q-2023-04-01,3.71
681 - Cult Vijay Nagar,Q-2023-04-01,3.77
682 - Sky Gym,Q-2023-04-01,3.4
684 - Cult Nariman Point,Q-2023-04-01,3.88
685 - Cult Gym Pitampura,Q-2023-04-01,3.61
686 - Cult Gym BTM Layout,Q-2023-04-01,3.6
687 - Cult BTM Layout,Q-2023-04-01,3.83
69 - Universal Gym,Q-2023-04-01,3.67
690 - Gold's Gym (Kalyani Nagar),Q-2023-04-01,3.6
691 - Gold’s Gym Hadapsar,Q-2023-04-01,3.38
692 - Gold's Gym (Dayanand Vihar),Q-2023-04-01,3.35
693 - Cult Mulund West,Q-2023-04-01,3.91
694 - Reshape Fitness,Q-2023-04-01,3.69
"696 - Defence Colony, Indiranagar",Q-2023-04-01,3.85
7 - cure.fit Bangalore,Q-2023-04-01,3.36
700 - Lalbagh Botanical Garden,Q-2023-04-01,3.91
704 - The Power House,Q-2023-04-01,3.75
706 - Absolute Fitness Studio,Q-2023-04-01,3.54
708 - Cult Gym Kukatpally,Q-2023-04-01,3.63
"709 - Bomiso Fitness (Sector 50, Gurgaon)",Q-2023-04-01,3.68
712 - Stark Fitness Studio,Q-2023-04-01,3.46
713 - Immune Fitness (Sector 9 C Chandigarh),Q-2023-04-01,3.57
714 - F2 Fitness Freaks,Q-2023-04-01,3.04
715 - Stark Fitness Studio (Nizampet),Q-2023-04-01,3.67
717 - GKVK,Q-2023-04-01,3.74
720 - Gold's Gym (Lower Parel),Q-2023-04-01,3.59
721 - Gold's Gym (Yelahanka),Q-2023-04-01,3.65
722 - Gold's Gym (Malleshwaram),Q-2023-04-01,3.54
723 - Gold's Gym (Basaveshwar Nagar),Q-2023-04-01,3.57
725 - Gold's Gym (BEL Road),Q-2023-04-01,3.45
726 - Gold's Gym (Janakpuri),Q-2023-04-01,3.55
727 - Shadow Fitness,Q-2023-04-01,3.65
728 - Epic 7 Fitness Studio,Q-2023-04-01,3.6
729 - Hard Gains (Sector 20),Q-2023-04-01,3.63
73 - Apple Fitness,Q-2023-04-01,3.49
730 - C3 Fit Klub,Q-2023-04-01,3.42
731 - Fit City,Q-2023-04-01,3.68
732 - Gold's Gym (Powai),Q-2023-04-01,3.73
733 - Gold's Gym (Kalyan Nagar),Q-2023-04-01,3.58
734 - Fit Gym (East Patel Nagar),Q-2023-04-01,3.66
735 - Cult Gym Malviya Nagar,Q-2023-04-01,3.55
736 - Lesiure Valley Park,Q-2023-04-01,3.89
737 - Paschim Vihar District Park,Q-2023-04-01,4
738 - Priya Park,Q-2023-04-01,3.73
74 - Workout Zone,Q-2023-04-01,3.69
740 - Gold's Gym Baner,Q-2023-04-01,3.72
741 - Gold's Gym (Whitefield),Q-2023-04-01,3.52
743 - Gold's Gym (Moshi),Q-2023-04-01,3.62
745 - Gold's Gym (Vijayanagar),Q-2023-04-01,3.6
746 - Muscle Mutant,Q-2023-04-01,3.71
75 - Republic Fitness,Q-2023-04-01,3.68
751 - Dare 2 Fit,Q-2023-04-01,3.65
753 - Clout Fitness (Whitefield),Q-2023-04-01,3.66
754 - GymPoint The Fitness Studio (Madhapur),Q-2023-04-01,3.63
759 - Gold's Gym (Kandivali East),Q-2023-04-01,3.77
76 - Fitoor The Fitness Studio,Q-2023-04-01,3.72
760 - Gold's Gym (Kandivali West),Q-2023-04-01,3.74
761 - Cult Greater Noida West,Q-2023-04-01,3.89
764 - Cult Gym Dwarka Sector 12,Q-2023-04-01,3.61
767 - VFitness,Q-2023-04-01,3.76
769 - Cult RDC Ghaziabad,Q-2023-04-01,3.89
77 - Speed Fitness,Q-2023-04-01,3.64
776 - Gold's Gym (Rajahmundry),Q-2023-04-01,3.18
777 - Gold's Gym Guwahati(Ganeshguri),Q-2023-04-01,3.6
778 - Gold's Gym (Shillong),Q-2023-04-01,3.34
779 - Yashmaxx Fitness,Q-2023-04-01,3.74
780 - Big Box,Q-2023-04-01,3.55
781 - MS Fitness,Q-2023-04-01,3.66
782 - Prime Strength,Q-2023-04-01,3.8
785 - Gold's Gym Canada Corner,Q-2023-04-01,3.55
788 - Orca Fitness (Chinchwad),Q-2023-04-01,3.69
789 - Cult Gym KR Puram,Q-2023-04-01,3.73
790 - Cult KR Puram,Q-2023-04-01,3.86
795 - Gold's Gym Bilaspur,Q-2023-04-01,3.44
80 - Technolife Fitness Club,Q-2023-04-01,3.58
801 - Gold's Gym Belgaum,Q-2023-04-01,3.79
81 - Clout Fitness,Q-2023-04-01,3.46
82 - Stark Fitness Studio,Q-2023-04-01,3.63
826 - Gold's Gym Moradabad,Q-2023-04-01,3.53
827 - Gold's Gym Sangli,Q-2023-04-01,3.6
828 - Gold's Gym Ashiana Nagar,Q-2023-04-01,3.5
829 - Gold's Gym Imphal,Q-2023-04-01,3.73
83 - Black Vigor (Gaur City),Q-2023-04-01,3.73
830 - Gold's Gym Bareilly,Q-2023-04-01,3.67
831 - Gold's Gym PCMC Akurdi (Defunct),Q-2023-04-01,3.5
832 - Gold's Gym Tumkur,Q-2023-04-01,3.57
833 - Gold's Gym Hesaraghatta Main Road,Q-2023-04-01,3.59
834 - 1Life Fitness,Q-2023-04-01,3.71
"835 - The Mohali Club (Sector 65, Mohali )",Q-2023-04-01,3
836 - LMNT Fitness Club,Q-2023-04-01,3.66
837 - Gold's Gym Greater Kailash,Q-2023-04-01,3.52
839 - F7 Fitness by Prasad Konda (Bolarum),Q-2023-04-01,3.68
84 - Black Vigor,Q-2023-04-01,3.74
841 - Gold's Gym Khanna,Q-2023-04-01,3.64
843 - Your Life Fitness Gym (Sector 61 Noida),Q-2023-04-01,3.71
847 - Raana's Fitness 365,Q-2023-04-01,3.91
848 - Nani's School of Fitness,Q-2023-04-01,3.54
849 - Oxygen Fitness Club,Q-2023-04-01,3.79
85 - F Square Fitness,Q-2023-04-01,3.68
850 - Gold's Gym Civil Lines,Q-2023-04-01,3.7
852 - Gold's Gym Roorkee,Q-2023-04-01,3.75
858 - Gold's Gym Muzaffarpur,Q-2023-04-01,3.42
859 - Gold's Gym Rourkela,Q-2023-04-01,3.37
860 - Gold's Gym Latur,Q-2023-04-01,4
862 - Cult Goregaon West,Q-2023-04-01,3.88
863 - Cult Borivali West,Q-2023-04-01,3.89
864 - Gold's Gym Mall Road,Q-2023-04-01,3.53
866 - HIIT360 Fitness Studio,Q-2023-04-01,3.79
867 - Sehat World (Sector -23),Q-2023-04-01,3.89
868 - Cult Gym Dharampeth,Q-2023-04-01,3.64
869 - Cult Gym Manikonda,Q-2023-04-01,3.63
"870 - Cult Gym Rajajinagar 12th Cross, Mahalaxmi Layout",Q-2023-04-01,3.67
871 - Cult Manikonda,Q-2023-04-01,3.87
"872 - Cult Rajajinagar 12th Cross, Mahalaxmi Layout",Q-2023-04-01,3.82
879 - Stallion Xtreme Fitness,Q-2023-04-01,3.72
88 - Stallion Fitness,Q-2023-04-01,3.63
882 - Sankey Lake,Q-2023-04-01,3.89
883 - Mahadevapura-2 Lake,Q-2023-04-01,3.94
884 - BHEL,Q-2023-04-01,3.96
89 - Meraki Fitness Studio,Q-2023-04-01,3.62
892 - Noida Stadium,Q-2023-04-01,3.96
893 - Conquest Fitness (Kukatpally),Q-2023-04-01,3.71
894 - Shivaji Park,Q-2023-04-01,4
895 - Tao Devi Lal Park,Q-2023-04-01,3.95
898 - Hennuru Lake,Q-2023-04-01,3.88
90 - SR FIT CUBE,Q-2023-04-01,3.91
902 - Stark Fitness Studio (Madhapur),Q-2023-04-01,3.78
903 - Muscle Maniac (ex.Stark Fitness Studio),Q-2023-04-01,3.46
907 - Next Level Fitness Era,Q-2023-04-01,3.7
908 - Cult Gym Harlur 1st Main,Q-2023-04-01,3.55
909 - KBR Park,Q-2023-04-01,3.89
911 - Stallion Xtreme Fitness,Q-2023-04-01,3.55
914 - B3 Wellness Studio (Horamavu),Q-2023-04-01,3.61
915 - Body Line Gym and Cardio,Q-2023-04-01,3.62
916 - Play On Fitness (Sarjapur),Q-2023-04-01,3.54
917 - Royal Fitness (MCECHS Layout),Q-2023-04-01,3.63
918 - Cult Gym Chattarpur,Q-2023-04-01,3.58
923 - Deer Park,Q-2023-04-01,3.86
929 - Cult Gym Kota,Q-2023-04-01,3.54
930 - Cult TFD Koramangala,Q-2023-04-01,3.7
931 - Cult Gym HSR 24th Main,Q-2023-04-01,3.52
933 - Team Core,Q-2023-04-01,3.8
934 - Kasavanahalli Lake,Q-2023-04-01,4
937 - Fitso Faridabad Manav Rachna,Q-2023-04-01,3.61
939 - Fitso Sector 43 EAS,Q-2023-04-01,3.7
94 - Fit Squad,Q-2023-04-01,3.57
"940 - Fitso Sector 51, Noida",Q-2023-04-01,3.69
"942 - Fitso Sector 70, Noida",Q-2023-04-01,3.7
944 - Fitso Palam Vihar Swiss Cottage,Q-2023-04-01,3.78
945 - Fitso Sector 51 JNS,Q-2023-04-01,3.67
946 - Fitso Madhapur Pearl,Q-2023-04-01,3.66
947 - Fitso Secunderabad Fit For Life,Q-2023-04-01,3.71
948 - Fitso Gachibowli Dolphin,Q-2023-04-01,3.65
949 - Fitso Dharam Colony Flying Feathers,Q-2023-04-01,3.5
95 - Fit Gym,Q-2023-04-01,3.59
"950 - Cult Sector 43 Ambience, Multi Sports",Q-2023-04-01,3.67
951 - Fitso Sector 48 Spuddy,Q-2023-04-01,3.72
952 - Fitso Dwarka DIS Edge,Q-2023-04-01,3.58
953 - Fitso Kondapur Playtime,Q-2023-04-01,3.6
954 - Fitso RK PURAM Swim Paradise,Q-2023-04-01,3.58
958 - Fitso JNS Synthetic Courts,Q-2023-04-01,3.79
96 - Motto Fitness,Q-2023-04-01,3.66
964 - Fitso Sector 55 Unicosmos,Q-2023-04-01,3.71
97 - Forth Fitness,Q-2023-04-01,3.53
973 - Fitso Whitefield Golden Fins,Q-2023-04-01,3.71
975 - Fitso Dwarka Shuttlers,Q-2023-04-01,3.57
976 - Fitso JP Nagar The Sports Club,Q-2023-04-01,3.82
977 - Fitso Panathur PK Sports 2,Q-2023-04-01,3.78
978 - Fitso Panathur PK Sports 1,Q-2023-04-01,3.62
979 - Fitso Koramangala PK Sports,Q-2023-04-01,3.78
980 - Fitso Bannerghatta Rd Fiton,Q-2023-04-01,3.71
985 - Fortress Sports Arena,Q-2023-04-01,3.66
988 - BaddyZone HSR,Q-2023-04-01,3.84
99 - Play On Fitness,Q-2023-04-01,3.61
994 - Venu and Murthy Badminton Academy,Q-2023-04-01,3.67
997 - Fitso SVIS Dwarka,Q-2023-04-01,3.66
998 - Game Inn,Q-2023-04-01,3.65
10 - Fuerza Koramangala,Q-2023-07-01,3.54
100 - Play On Fitness,Q-2023-07-01,3.55
1001 - Fitso Bellandur Game Theory,Q-2023-07-01,3.68
"1002 - Fitso Sector 21, Noida",Q-2023-07-01,3.52
1005 - Fitso BBPS Sector-14 Rohini,Q-2023-07-01,3.77
1007 - Fitso Olympus Sports Arena,Q-2023-07-01,3.74
1008 - Fitness Zone (Hafeezpet),Q-2023-07-01,3.77
101 - Play On Fitness,Q-2023-07-01,3.62
1012 - Fitness Freaks,Q-2023-07-01,3.69
1013 - GymX Prime (Whitefield),Q-2023-07-01,3.68
1014 - Cult Gym Marathahalli,Q-2023-07-01,3.64
1015 - Gold's Gym Sinhagad Road,Q-2023-07-01,3.64
1016 - Cloud 9 Fitness,Q-2023-07-01,3.59
1017 - F7 Fitness by Prasad Konda,Q-2023-07-01,3.8
1019 - Cult Gym Gachibowli,Q-2023-07-01,3.63
1020 - Gold's Gym Aundh,Q-2023-07-01,3.67
1021 - Gold's Gym Lower Parel,Q-2023-07-01,3.88
1023 - Cult Harlur 1st Main,Q-2023-07-01,3.85
1025 - Cult Kalyan Nagar 5th Block,Q-2023-07-01,3.9
1026 - Cult Gym Kalyan Nagar 5th Block,Q-2023-07-01,3.66
1027 - Cult Gym Janakpuri,Q-2023-07-01,3.68
103 - Mani's Core Fit,Q-2023-07-01,3.73
1030 - Cult Gym Siripuram,Q-2023-07-01,3.69
1032 - Cult Gym Panchkula Sector 9,Q-2023-07-01,3.7
1033 - Fitmax (Madhapur),Q-2023-07-01,3.63
1034 - Stark Fitness Studio (Bachupally),Q-2023-07-01,3.73
1035 - Glint Fitness Center,Q-2023-07-01,3.56
1036 - Stark Fitness Studio (Sainikpuri),Q-2023-07-01,3.67
1037 - Stark Fitness Studio,Q-2023-07-01,3.76
1038 - Cult Gym Uttarahalli,Q-2023-07-01,3.75
1039 - Cult Gym C Scheme,Q-2023-07-01,3.63
104 - Fitt Lounge,Q-2023-07-01,3.61
1040 - Muscle Junkie (Model Town),Q-2023-07-01,3.64
1041 - Fitso Hennur Agon Sports,Q-2023-07-01,3.58
1042 - Fitso Sector 116 Spuddy,Q-2023-07-01,3.54
1046 - Fitso Whitefield AH Sportstreet,Q-2023-07-01,3.63
1047 - Moments Fitness Hub 1.0,Q-2023-07-01,3.68
1048 - Gold's Gym (Vasai),Q-2023-07-01,3.82
1049 - Gympoint The Fitness Studio,Q-2023-07-01,3.64
105 - The Fitness Lab,Q-2023-07-01,3.6
1050 - Cult Gym Miyapur X Roads,Q-2023-07-01,3.69
1051 - Supergym Prime (Varthur),Q-2023-07-01,3.64
1052 - Cult Uttarahalli,Q-2023-07-01,3.86
1053 - Cult Miyapur X Roads,Q-2023-07-01,3.87
"1054 - Black Vigor (Sector 49, Noida)",Q-2023-07-01,3.65
1055 - Cult Gym Fraser Road,Q-2023-07-01,3.68
1056 - Cult Gym Mahanagar,Q-2023-07-01,3.55
1057 - Cult Mahanagar,Q-2023-07-01,3.83
1059 - G8 Fitness,Q-2023-07-01,3.72
106 - F7 Fitness Exclusive,Q-2023-07-01,3.61
1060 - Cult Fraser Road,Q-2023-07-01,3.91
1061 - Iron Sanctuary,Q-2023-07-01,3.63
"1062 - Cult Gym Universal Trade Tower, Sohna Rd",Q-2023-07-01,3.64
"1063 - Cult Universal Trade Tower, Sohna Rd",Q-2023-07-01,3.81
1064 - Cult Gym OIC Lower Parel,Q-2023-07-01,3.77
1065 - Cult OIC Lower Parel,Q-2023-07-01,3.85
1066 - Muscle Factory,Q-2023-07-01,3.78
1067 - Muscle Factory,Q-2023-07-01,3.81
1068 - Cult Gym Eros Sector 49,Q-2023-07-01,3.71
1069 - Cult Gym Himayatnagar Main(Hyderguda),Q-2023-07-01,3.62
107 - True Fit,Q-2023-07-01,3.54
1070 - Cult Gym Madhapur,Q-2023-07-01,3.65
1071 - Cult Gym Indiranagar 6th Main,Q-2023-07-01,3.6
1072 - Cult Gym AECS-Brookfield,Q-2023-07-01,3.51
1073 - Cult Himayatnagar Main,Q-2023-07-01,3.87
1074 - Cult Indiranagar 6th Main,Q-2023-07-01,3.76
1075 - Cult Kota,Q-2023-07-01,3.85
1076 - Cult Gym Mahadevpura,Q-2023-07-01,3.68
1077 - Cult Neo Gym Hoodi,Q-2023-07-01,3.63
1078 - Cult Gym Kundalahalli,Q-2023-07-01,3.57
1079 - GymPoint The Fitness Studio (Malakpet),Q-2023-07-01,3.67
1080 - Gold's Gym (Ulubari),Q-2023-07-01,3.82
1081 - Pran Fitness,Q-2023-07-01,3.72
1082 - Benefit Arena,Q-2023-07-01,3.77
1083 - Foundry Active (Kaggadasapura),Q-2023-07-01,3.64
1084 - Prince Fitness,Q-2023-07-01,3.76
1085 - Youmania,Q-2023-07-01,3.78
1086 - Youmania,Q-2023-07-01,3.72
1087 - Aarna Fitness (Konanakunte),Q-2023-07-01,3.67
1088 - Brad Fitness,Q-2023-07-01,3.59
1089 - Body Line Gym and Cardio,Q-2023-07-01,3.69
109 - Akhil Fitness World,Q-2023-07-01,3.7
1090 - Body Line Gym and Cardio,Q-2023-07-01,3.59
1091 - Oxy-Genz Fitness,Q-2023-07-01,3.62
1092 - Virtue Fitness,Q-2023-07-01,3.67
1093 - I Lift Fitness (East Of Kailash),Q-2023-07-01,3.55
1094 - Club Fit,Q-2023-07-01,3.62
1095 - Fitness Turf (Kompally),Q-2023-07-01,3.77
1096 - Cult C Scheme,Q-2023-07-01,3.62
1097 - Gold's Gym Jamshedpur,Q-2023-07-01,3.44
1098 - Cult Gym Akshaynagar,Q-2023-07-01,3.72
1099 - Cult Gym Habsiguda(Hybrid),Q-2023-07-01,3.67
11 - Fuerza HSR,Q-2023-07-01,3.67
110 - Fluid,Q-2023-07-01,3.77
1100 - Cult Gym Kondapur,Q-2023-07-01,3.64
1104 - Elite Fitness Club,Q-2023-07-01,3.76
1105 - MP Sports Arena,Q-2023-07-01,3.8
1106 - Fitso Silpa Park Badminton,Q-2023-07-01,3.71
1107 - Fitso Kondapur Playtime Sports,Q-2023-07-01,3.76
1108 - Cult Gym Varthur,Q-2023-07-01,3.74
1109 - Powerr Vibes Gym,Q-2023-07-01,3.83
111 - Fluid,Q-2023-07-01,3.63
1110 - Fitso Sector-15 Faridabad,Q-2023-07-01,3.64
1111 - Fitso Sheikh Sarai,Q-2023-07-01,3.67
"1113 - Fitso Sector 119, Noida",Q-2023-07-01,3.52
1114 - Fitso Brij Vihar,Q-2023-07-01,3.81
1115 - Cult AECS-Brookfield,Q-2023-07-01,3.81
1116 - Cult Gym Budigere Cross,Q-2023-07-01,3.69
1117 - Cult Budigere Cross,Q-2023-07-01,3.86
1118 - Cult Gym Sion,Q-2023-07-01,3.75
1119 - Cult Sion,Q-2023-07-01,3.9
112 - Fluid,Q-2023-07-01,3.75
1120 - Cult Gym Siliguri,Q-2023-07-01,3.67
1123 - Cult Varthur,Q-2023-07-01,3.84
1124 - Gold's Gym (Gomti Nagar),Q-2023-07-01,3.22
1125 - Cult Siliguri,Q-2023-07-01,3.96
1126 - Gold's Gym Banashankari,Q-2023-07-01,3.57
1127 - Gold's Gym NIBM,Q-2023-07-01,3.67
1128 - B3 Wellness Studio (JP Nagar),Q-2023-07-01,3.66
1129 - Fitness First Platinum Crest Mukta,Q-2023-07-01,3.86
113 - Fitness Ministry,Q-2023-07-01,3.75
1130 - Cult Gym Paschim Vihar - Rohtak Rd,Q-2023-07-01,3.72
1131 - Cult Paschim Vihar - Rohtak Rd,Q-2023-07-01,3.84
1132 - Revive Fitness,Q-2023-07-01,3.78
1133 - Step Up Fitness (Vile Parle East),Q-2023-07-01,3.79
1136 - Fit Gym Reloaded,Q-2023-07-01,3.61
1137 - IGNYT Gym (Paschim Vihar),Q-2023-07-01,3.65
1138 - Cult Gym Nallagandla - Huda,Q-2023-07-01,3.74
1139 - Cult Nallagandla - Huda,Q-2023-07-01,3.81
"114 - Cult Thane, Ghodbunder Road",Q-2023-07-01,3.88
1140 - Cult Gym Panathur,Q-2023-07-01,3.64
1141 - Cult Panathur,Q-2023-07-01,3.75
1144 - Cult Gym Bommanahalli,Q-2023-07-01,3.7
1145 - Cult Bommanahalli,Q-2023-07-01,3.82
1146 - Reveal Fitness,Q-2023-07-01,3.67
1147 - HRX Gym JP Nagar,Q-2023-07-01,3.66
1148 - HRX Gym AS Rao Nagar,Q-2023-07-01,3.61
1149 - Cult Gym Nagarbhavi,Q-2023-07-01,3.76
115 - Cult Indiranagar,Q-2023-07-01,3.84
1150 - Cult Nagarbhavi,Q-2023-07-01,3.82
1151 - Fitso DPSG Palam Vihar,Q-2023-07-01,3.54
1152 - Fitso Thubarahalli MKR Sports Arena,Q-2023-07-01,3.7
1153 - Modest Gainz,Q-2023-07-01,3.73
1154 - Vogue Health Club,Q-2023-07-01,3.82
1155 - Gold's Gym RR Nagar,Q-2023-07-01,3.58
1156 - Fitso E-City Nova Sports,Q-2023-07-01,3.73
1157 - Cult Gym Vyapar Kendra,Q-2023-07-01,3.63
1158 - Cult Vyapar Kendra,Q-2023-07-01,3.77
1159 - HRX Gym Kothapet,Q-2023-07-01,3.54
116 - Cult JP Nagar,Q-2023-07-01,3.88
1162 - Fitso Mahadevapura Play Plus,Q-2023-07-01,3.66
1163 - Fitso Ramamurthy Nagar Sport Fit,Q-2023-07-01,3.85
1166 - Iron Fist (Moosapet),Q-2023-07-01,3.75
1167 - Millennium Fitness Club (Banjara Hills),Q-2023-07-01,3.69
1168 - Iron House (Worli),Q-2023-07-01,3.84
1169 - Gold's Gym (Bandra),Q-2023-07-01,3.63
117 - Cult HSR 19th Main,Q-2023-07-01,3.84
1171 - Gold's Gym (Raj Nagar Extension),Q-2023-07-01,3.62
1176 - Cult Gym Kasavanahalli,Q-2023-07-01,3.61
1178 - Cult Gym Thanisandra,Q-2023-07-01,3.66
"1179 - Fitnest Prime, Prashant Vihar",Q-2023-07-01,3.63
118 - Cult Sarjapur,Q-2023-07-01,3.86
1180 - Cult Gym Gurgaon Sec-56,Q-2023-07-01,3.83
1182 - Burn And Build,Q-2023-07-01,3.66
1185 - Cult Thanisandra,Q-2023-07-01,3.92
1186 - Cult Kasavanahalli,Q-2023-07-01,3.7
1187 - Cult Gurgaon Sec-56,Q-2023-07-01,3.83
1188 - Fitso Karmanghat One All,Q-2023-07-01,3.74
1189 - Vogue Health Club (JP Nagar),Q-2023-07-01,3.69
119 - Cult Bellandur,Q-2023-07-01,3.82
1194 - New Supergym Prime (Hoodi),Q-2023-07-01,3.63
1195 - Speed Fitness (Bandlaguda),Q-2023-07-01,3.56
1196 - Raptor Fitness (Gachibowli),Q-2023-07-01,3.72
120 - Cult Koramangala 80ft Rd,Q-2023-07-01,3.85
1201 - Cult Gym Attapur,Q-2023-07-01,3.62
1203 - Cult Attapur,Q-2023-07-01,3.89
1207 - Elgis Fitness Gym,Q-2023-07-01,3.46
121 - Cult Tribe Indiranagar,Q-2023-07-01,3.85
123 - Cult Whitefield,Q-2023-07-01,3.84
125 - Cult Koramangala Bethany,Q-2023-07-01,
1270 - Raw Fitness,Q-2023-07-01,
"129 - Cult Whitefield, Shantiniketan",Q-2023-07-01,3.84
1310 - Moments Fitness Hub 4.0,Q-2023-07-01,3.68
1311 - The Royal Fitness Club,Q-2023-07-01,3.71
"1320 - Cult Gym Fitnest Prime, Vasant Kunj",Q-2023-07-01,3.43
"133 - Cult Baani, Sector 56",Q-2023-07-01,3.9
1332 - Pink Fitness - Ganapathy,Q-2023-07-01,
134 - Cult Mahadevapura,Q-2023-07-01,3.84
135 - Cult Malleshwaram,Q-2023-07-01,3.88
1375 - Kraken Fit Club,Q-2023-07-01,4
138 - Cult Jayanagar,Q-2023-07-01,3.84
139 - Cult Basaveshwar Nagar,Q-2023-07-01,3.92
140 - Cult Galleria,Q-2023-07-01,3.93
1415 - Dance Fitness Event - 22nd July,Q-2023-07-01,4
1424 - Shark Fitness (Secunderabad),Q-2023-07-01,3.37
143 - Cult RMV 2nd Stage (Deprecated),Q-2023-07-01,3.84
144 - Cult Electronic City,Q-2023-07-01,3.85
1461 - Drona The Fitness Gurukul (Chandra Layout),Q-2023-07-01,3.67
149 - Cult Hauz Khas,Q-2023-07-01,3.89
1497 - Cult Gym Kompally,Q-2023-07-01,3.86
1498 - Cult Gym Model Town,Q-2023-07-01,3.66
1499 - Cult Gym Dilsukhnagar,Q-2023-07-01,3.67
15 - GymX Marathahalli,Q-2023-07-01,3.49
1500 - Cult Gym Preet Vihar,Q-2023-07-01,3.83
1501 - Cult Gym Hoodi Main,Q-2023-07-01,3.83
"1502 - Cult Gym Whitefield, Shantiniketan",Q-2023-07-01,3.78
1503 - Cult Gym Koramangala 80 Ft Road,Q-2023-07-01,3.67
152 - Cult Banashankari,Q-2023-07-01,3.87
154 - Cult JP Nagar 7th Phase,Q-2023-07-01,3.86
1546 - Foundry Active (Kaggadasapura) - GX,Q-2023-07-01,3.9
155 - Cult Harlur (deprecated),Q-2023-07-01,3.89
156 - Cult Sahakar Nagar,Q-2023-07-01,3.88
1560 - The Core Fit Gym,Q-2023-07-01,3.29
157 - Cult Marathahalli,Q-2023-07-01,3.82
159 - Cult Yelahanka,Q-2023-07-01,3.91
160 - Cult Bannerghatta Main Rd,Q-2023-07-01,3.91
161 - Cult RR Nagar,Q-2023-07-01,3.86
162 - Cult Kannamangala,Q-2023-07-01,3.91
163 - Cult RT Nagar (deprecated),Q-2023-07-01,3.86
164 - Cult Punjabi Bagh,Q-2023-07-01,3.81
1661 - Cult South Extension,Q-2023-07-01,3.61
167 - Cult Banjara Hills,Q-2023-07-01,3.89
168 - Cult Kondapur,Q-2023-07-01,3.87
"1684 - Cult Fitnest Prime, Prashant Vihar",Q-2023-07-01,3.8
17 - 121 Premium Fitness Studio,Q-2023-07-01,4
170 - Cult Kukatpally,Q-2023-07-01,3.88
171 - Cult Vasant Kunj,Q-2023-07-01,3.87
172 - Cult Gachibowli,Q-2023-07-01,3.84
174 - Cult Rajouri Garden,Q-2023-07-01,3.9
18 - Fit 24,Q-2023-07-01,3.68
182 - Cult Basavanagudi,Q-2023-07-01,3.87
183 - Cult Chandra Layout Maruthi Nagar,Q-2023-07-01,3.89
184 - Cult Begumpet,Q-2023-07-01,3.87
191 - Cult Janakpuri,Q-2023-07-01,3.89
192 - Cult Patel Nagar,Q-2023-07-01,3.91
193 - Cult Kalyan Nagar,Q-2023-07-01,3.86
194 - Cult Botanical Garden Rd,Q-2023-07-01,3.88
20 - Moments Fitness Hub 2.0,Q-2023-07-01,3.7
200 - Cult Madinaguda,Q-2023-07-01,3.88
201 - Cult Pitampura,Q-2023-07-01,3.86
202 - Cult Whitefield Hopefarm,Q-2023-07-01,3.85
203 - Cult Frazer Town,Q-2023-07-01,3.85
207 - Cult Paschim Vihar,Q-2023-07-01,3.88
208 - Cult Model Town,Q-2023-07-01,3.8
21 - Zest Fitness,Q-2023-07-01,3.6
212 - Cult Sarjapur Doddakannalli,Q-2023-07-01,3.89
213 - Cult Rajajinagar,Q-2023-07-01,3.88
216 - Cult Eros Sector 49,Q-2023-07-01,3.88
219 - Cult Madhapur,Q-2023-07-01,3.88
22 - SPL Fitness,Q-2023-07-01,3.75
221 - Cult South Extension (deprecated),Q-2023-07-01,3.84
222 - Cult BKC,Q-2023-07-01,3.86
224 - Cult Hiranandani Gardens,Q-2023-07-01,3.92
226 - Cult Hennur (Deprecated),Q-2023-07-01,3.88
227 - Cult AS Rao Nagar,Q-2023-07-01,3.91
228 - Cult Himayatnagar,Q-2023-07-01,3.87
23 - Rush Fitness,Q-2023-07-01,3.64
230 - Cult Hoodi,Q-2023-07-01,3.83
231 - Cult Akshayanagar,Q-2023-07-01,3.86
232 - Cult Brigade Road,Q-2023-07-01,3.87
234 - Cult TFD Koramangala,Q-2023-07-01,3.85
235 - Cult Lajpat Nagar (earlier Ring Road),Q-2023-07-01,3.91
236 - Cult Preet Vihar,Q-2023-07-01,3.89
24 - Conquer Gym,Q-2023-07-01,3.61
242 - Cult Tardeo,Q-2023-07-01,3.9
243 - Cult Banaswadi,Q-2023-07-01,3.89
245 - Cult DLF Phase 1,Q-2023-07-01,3.88
247 - Cult LB Nagar,Q-2023-07-01,3.84
251 - Cult SG Palya (Near Forum Koramangala),Q-2023-07-01,3.9
260 - Cult Juhu,Q-2023-07-01,3.86
261 - Cult Malad,Q-2023-07-01,3.91
268 - Cult Velachery Chennai - Hybrid,Q-2023-07-01,3.92
270 - Cult Kalyani Nagar old,Q-2023-07-01,3.89
272 - Cult Nagavara - Manyata Tech Park,Q-2023-07-01,3.86
278 - Cult Malviya Nagar,Q-2023-07-01,3.57
282 - Cult Saket,Q-2023-07-01,3.87
283 - Cult Dwarka Sector 12,Q-2023-07-01,3.9
284 - Cult Sector 18 Noida (Deprecated),Q-2023-07-01,3.9
288 - Cult SR Nagar(Deprecated),Q-2023-07-01,3.9
289 - Cult Nizampet x Roads,Q-2023-07-01,3.89
290 - Cult Dilsukhnagar,Q-2023-07-01,3.8
291 - Cult Srinagar Colony,Q-2023-07-01,3.9
292 - Cult Powai-Raheja Vihar,Q-2023-07-01,3.92
293 - Cult Chembur (deprecated old center),Q-2023-07-01,3.9
294 - Cult Prabhadevi,Q-2023-07-01,3.84
295 - Cult Kandivali West,Q-2023-07-01,3.9
304 - Cult Nallagandla,Q-2023-07-01,3.89
305 - Cult Kompally,Q-2023-07-01,3.91
307 - Cult Marathahalli ORR,Q-2023-07-01,3.86
31 - The Monkey Fitness,Q-2023-07-01,3.66
315 - Cult HSR 24th Main,Q-2023-07-01,3.83
316 - Cult Magarpatta City,Q-2023-07-01,3.89
317 - Cult Tolichowki,Q-2023-07-01,3.89
318 - Cult Nagole,Q-2023-07-01,3.88
321 - Cult Habsiguda,Q-2023-07-01,3.9
33 - Supergym (Pai Layout),Q-2023-07-01,3.49
331 - Cult Wakad(deprecated),Q-2023-07-01,3.89
333 - Cult Vijayanagar (Mysore),Q-2023-07-01,3.89
337 - Cult Satellite,Q-2023-07-01,3.84
338 - Cult Sector 9 Panchkula,Q-2023-07-01,3.85
34 - Supergym (Thippasandra),Q-2023-07-01,3.58
346 - Cult Financial District,Q-2023-07-01,3.89
347 - Cult Kokapet (deprecated),Q-2023-07-01,3.91
349 - Cult Elamkulam,Q-2023-07-01,3.9
35 - Supergym (Vignan Nagar),Q-2023-07-01,3.38
36 - Shred Fitness,Q-2023-07-01,3.55
361 - Cult HSR 14th Main,Q-2023-07-01,3.84
"362 - Cult Kanakapura Road, Doddakallasandra",Q-2023-07-01,3.88
366 - Cult T N,Q-2023-07-01,3.91
369 - Cult Bahu Plaza,Q-2023-07-01,3.89
37 - Pledge Fitness,Q-2023-07-01,3.75
370 - Cult Lokhandwala old,Q-2023-07-01,3.9
371 - Cult Andheri East,Q-2023-07-01,3.92
379 - Cult Sector 104 Noida ( Deprecated ),Q-2023-07-01,3.89
384 - Cult Siripuram,Q-2023-07-01,3.84
385 - Cult Kharghar,Q-2023-07-01,3.93
386 - Cult Madhu Milan Square,Q-2023-07-01,3.77
39 - Chizel Fitness Studio,Q-2023-07-01,3.7
"391 - Cult MG Road, Mangalore",Q-2023-07-01,3.96
"393 - Cult Bandra, Linking Road",Q-2023-07-01,3.86
394 - Cult Race Course Rd,Q-2023-07-01,3.94
"396 - Cult Sushant Lok, Phase 1",Q-2023-07-01,3.89
42 - Platinum Fitness Club,Q-2023-07-01,3.46
43 - Yashmaxx 2.0,Q-2023-07-01,3.48
46 - Conquest Fitness,Q-2023-07-01,3.52
465 - Stallion Fitness (Kompally),Q-2023-07-01,3.73
"466 - Heeaatz Fitness (Sector 50, Gurgaon)",Q-2023-07-01,3.79
467 - Thew Fitness (DLF Phase 1),Q-2023-07-01,3.69
468 - Studio Velocity,Q-2023-07-01,3.67
469 - Fitness Culture (Sultanpur),Q-2023-07-01,3.17
47 - Millennium Fitness Club,Q-2023-07-01,3.7
470 - Fitmax,Q-2023-07-01,3.7
471 - Cult Gym Banashankari 2nd Stage,Q-2023-07-01,3.65
472 - Cult Circular Road,Q-2023-07-01,3.87
476 - Paradise Fitness Club,Q-2023-07-01,3.6
478 - An.Fit,Q-2023-07-01,3.59
479 - MH Fitness,Q-2023-07-01,3.76
482 - Balance Fitness Lounge,Q-2023-07-01,3.72
483 - Aim Fit,Q-2023-07-01,3.59
486 - Body Zone Gym and Fitness Center,Q-2023-07-01,3.69
487 - Team Core,Q-2023-07-01,3.7
488 - FitLifez Gym and Spa,Q-2023-07-01,3.61
49 - Drona The Fitness Gurukul,Q-2023-07-01,3.67
490 - Cult Gym Indiranagar,Q-2023-07-01,3.54
491 - Quad the Fitness Hub,Q-2023-07-01,3.75
492 - Cult Gym Richmond Road,Q-2023-07-01,3.64
493 - Cult Anna Nagar,Q-2023-07-01,3.91
494 - Cult Nungambakkam,Q-2023-07-01,3.9
50 - Fast Fit Gym,Q-2023-07-01,3.66
502 - High Fitness Club,Q-2023-07-01,3.62
508 - The Iron Pumpers Gym,Q-2023-07-01,3.59
513 - MultiFit (Indiranagar),Q-2023-07-01,3.73
514 - MultiFit (Hennur),Q-2023-07-01,3.61
515 - Fitness Element (Ex MultiFit Grand Tamanna),Q-2023-07-01,3.71
517 - MultiFit (Kalyan Nagar),Q-2023-07-01,3.72
519 - MultiFit (Pimple Saudagar),Q-2023-07-01,3.75
520 - MultiFit (SUFC),Q-2023-07-01,3.64
524 - Turbo Fitness (Bandra),Q-2023-07-01,3.67
526 - Ares Gym,Q-2023-07-01,3.71
53 - I Lift Fitness,Q-2023-07-01,3.66
530 - Cult Adyar,Q-2023-07-01,3.9
534 - Be Fit,Q-2023-07-01,3.61
536 - Afterburn Fitness Studio (Alwal),Q-2023-07-01,3.68
54 - Mirage.fit,Q-2023-07-01,3.62
541 - Fluid (Vasant Kunj),Q-2023-07-01,3.62
542 - Fit Gym (West Patel Nagar),Q-2023-07-01,3.41
543 - Power Fitness,Q-2023-07-01,3.56
544 - Alpha Fitness (ex. Taurus Fitness),Q-2023-07-01,3.59
546 - Bomiso Fitness,Q-2023-07-01,3.74
548 - Body Power,Q-2023-07-01,3.8
55 - Wellcare Fitness,Q-2023-07-01,3.66
550 - Freedom Fitness,Q-2023-07-01,3.73
551 - MA Fitness,Q-2023-07-01,3.67
552 - Aesthetic B Fitness (ex. Stark Fitness),Q-2023-07-01,3.67
555 - F99 FIT,Q-2023-07-01,3.66
556 - Fitness 4 All,Q-2023-07-01,3.46
56 - FitLifez Gym and Spa,Q-2023-07-01,3.71
569 - Sehat World Green (Dwarka),Q-2023-07-01,3.76
57 - Planet Ultrafit Gym,Q-2023-07-01,3.62
574 - Cult Vidyaranyapura,Q-2023-07-01,3.84
576 - 9th Gear Fitness Club,Q-2023-07-01,3.56
577 - Fitness One Gym,Q-2023-07-01,3.72
579 - F99 Fit,Q-2023-07-01,3.71
58 - Cure Fitness,Q-2023-07-01,3.57
582 - Foundry Active,Q-2023-07-01,3.6
584 - Fly Fit (New Friends Colony),Q-2023-07-01,3.76
587 - B3 Wellness Studio,Q-2023-07-01,3.67
588 - In The Pink Fitness Club,Q-2023-07-01,3.64
59 - IGNYT Gym,Q-2023-07-01,3.61
590 - Lifestyle Fitness Gym and Cardio (Kothapet),Q-2023-07-01,3.65
591 - Stallion Fitness (Kondapur),Q-2023-07-01,3.7
592 - Team Core,Q-2023-07-01,3.56
593 - GNFC Gym,Q-2023-07-01,3.52
600 - Cult Pal Heights,Q-2023-07-01,3.93
603 - Cult Dharampeth,Q-2023-07-01,3.93
605 - Cult Race Course,Q-2023-07-01,3.94
"606 - Cult Gym RDC, Ghaziabad",Q-2023-07-01,3.64
607 - Cult Gym Bellandur,Q-2023-07-01,3.61
608 - Cult Gym HSR,Q-2023-07-01,3.63
61 - Body Zone Gym,Q-2023-07-01,3.65
613 - Cult Alwarpet,Q-2023-07-01,3.91
614 - Cult Gym Gomti Nagar,Q-2023-07-01,3.68
615 - Cult Gym Golf Course Rd,Q-2023-07-01,3.67
616 - Cult Golf Course Rd,Q-2023-07-01,3.8
617 - Cult Gomti Nagar,Q-2023-07-01,3.88
63 - Grapple Fitness,Q-2023-07-01,3.75
64 - Changeover Fitness Studio,Q-2023-07-01,3.63
65 - Solid Looks Fitness Studio,Q-2023-07-01,3.24
66 - Fit Plus Health Club,Q-2023-07-01,3.68
664 - Fit Dock,Q-2023-07-01,3.68
665 - Fit Dock,Q-2023-07-01,3.59
670 - Elon Fitness,Q-2023-07-01,3.59
672 - Cubbon Park,Q-2023-07-01,3.77
673 - Fitness Craze,Q-2023-07-01,3.72
674 - GymPoint The Fitness Studio,Q-2023-07-01,3.71
675 - Agara Lake,Q-2023-07-01,3.92
677 - Cult Gym Napier Town,Q-2023-07-01,3.68
678 - Cult Napier Town,Q-2023-07-01,3.9
68 - Tiger Gym,Q-2023-07-01,3.5
680 - Cult Gym Vijay Nagar,Q-2023-07-01,3.6
681 - Cult Vijay Nagar,Q-2023-07-01,3.73
684 - Cult Nariman Point,Q-2023-07-01,3.87
685 - Cult Gym Pitampura,Q-2023-07-01,3.69
686 - Cult Gym BTM Layout,Q-2023-07-01,3.59
687 - Cult BTM Layout,Q-2023-07-01,3.81
69 - Universal Gym,Q-2023-07-01,3.72
690 - Gold's Gym (Kalyani Nagar),Q-2023-07-01,3.64
691 - Gold’s Gym Hadapsar,Q-2023-07-01,3.4
692 - Gold's Gym (Dayanand Vihar),Q-2023-07-01,3.48
693 - Cult Mulund West,Q-2023-07-01,3.92
694 - Reshape Fitness,Q-2023-07-01,3.72
"696 - Defence Colony, Indiranagar",Q-2023-07-01,3.85
7 - cure.fit Bangalore,Q-2023-07-01,3.7
700 - Lalbagh Botanical Garden,Q-2023-07-01,3.75
704 - The Power House,Q-2023-07-01,3.72
706 - Absolute Fitness Studio,Q-2023-07-01,3.67
708 - Cult Gym Kukatpally,Q-2023-07-01,3.61
"709 - Bomiso Fitness (Sector 50, Gurgaon)",Q-2023-07-01,3.68
715 - Stark Fitness Studio (Nizampet),Q-2023-07-01,3.7
717 - GKVK,Q-2023-07-01,3.65
720 - Gold's Gym (Lower Parel),Q-2023-07-01,3.62
721 - Gold's Gym (Yelahanka),Q-2023-07-01,3.72
722 - Gold's Gym (Malleshwaram),Q-2023-07-01,3.65
723 - Gold's Gym (Basaveshwar Nagar),Q-2023-07-01,3.6
725 - Gold's Gym (BEL Road),Q-2023-07-01,3.48
726 - Gold's Gym (Janakpuri),Q-2023-07-01,3.58
727 - Shadow Fitness,Q-2023-07-01,3.7
730 - C3 Fit Klub,Q-2023-07-01,3.58
731 - Fit City,Q-2023-07-01,3.64
732 - Gold's Gym (Powai),Q-2023-07-01,3.77
733 - Gold's Gym (Kalyan Nagar),Q-2023-07-01,3.61
734 - Fit Gym (East Patel Nagar),Q-2023-07-01,3.46
735 - Cult Gym Malviya Nagar,Q-2023-07-01,3.54
736 - Lesiure Valley Park,Q-2023-07-01,3.88
737 - Paschim Vihar District Park,Q-2023-07-01,4
738 - Priya Park,Q-2023-07-01,3.78
74 - Workout Zone,Q-2023-07-01,3.67
740 - Gold's Gym Baner,Q-2023-07-01,3.66
741 - Gold's Gym (Whitefield),Q-2023-07-01,3.53
743 - Gold's Gym (Moshi),Q-2023-07-01,3.57
745 - Gold's Gym (Vijayanagar),Q-2023-07-01,3.61
746 - Muscle Mutant,Q-2023-07-01,3.69
751 - Dare 2 Fit,Q-2023-07-01,3.63
753 - Clout Fitness (Whitefield),Q-2023-07-01,3.68
754 - GymPoint The Fitness Studio (Madhapur),Q-2023-07-01,3.74
759 - Gold's Gym (Kandivali East),Q-2023-07-01,3.64
76 - Fitoor The Fitness Studio,Q-2023-07-01,3.71
760 - Gold's Gym (Kandivali West),Q-2023-07-01,3.78
761 - Cult Greater Noida West,Q-2023-07-01,3.84
764 - Cult Gym Dwarka Sector 12,Q-2023-07-01,3.6
767 - VFitness,Q-2023-07-01,3.74
769 - Cult RDC Ghaziabad,Q-2023-07-01,3.88
77 - Speed Fitness,Q-2023-07-01,3.63
776 - Gold's Gym (Rajahmundry),Q-2023-07-01,3.5
777 - Gold's Gym Guwahati(Ganeshguri),Q-2023-07-01,3.63
778 - Gold's Gym (Shillong),Q-2023-07-01,3.73
779 - Yashmaxx Fitness,Q-2023-07-01,3.7
780 - Big Box,Q-2023-07-01,3.52
781 - MS Fitness,Q-2023-07-01,3.71
782 - Prime Strength,Q-2023-07-01,3.76
785 - Gold's Gym Canada Corner,Q-2023-07-01,3.63
788 - Orca Fitness (Chinchwad),Q-2023-07-01,3.67
789 - Cult Gym KR Puram,Q-2023-07-01,3.69
790 - Cult KR Puram,Q-2023-07-01,3.82
795 - Gold's Gym Bilaspur,Q-2023-07-01,3.4
80 - Technolife Fitness Club,Q-2023-07-01,3.67
801 - Gold's Gym Belgaum,Q-2023-07-01,3.78
81 - Clout Fitness,Q-2023-07-01,3.57
82 - Stark Fitness Studio,Q-2023-07-01,3.67
826 - Gold's Gym Moradabad,Q-2023-07-01,3.47
827 - Gold's Gym Sangli,Q-2023-07-01,3.59
828 - Gold's Gym Ashiana Nagar,Q-2023-07-01,3.61
829 - Gold's Gym Imphal,Q-2023-07-01,
83 - Black Vigor (Gaur City),Q-2023-07-01,3.7
830 - Gold's Gym Bareilly,Q-2023-07-01,3.58
832 - Gold's Gym Tumkur,Q-2023-07-01,3.62
833 - Gold's Gym Hesaraghatta Main Road,Q-2023-07-01,3.54
834 - 1Life Fitness,Q-2023-07-01,3.65
836 - LMNT Fitness Club,Q-2023-07-01,3.71
837 - Gold's Gym Greater Kailash,Q-2023-07-01,3.5
839 - F7 Fitness by Prasad Konda (Bolarum),Q-2023-07-01,3.61
84 - Black Vigor,Q-2023-07-01,3.72
843 - Your Life Fitness Gym (Sector 61 Noida),Q-2023-07-01,3.73
848 - Nani's School of Fitness,Q-2023-07-01,3.54
85 - F Square Fitness,Q-2023-07-01,3.68
850 - Gold's Gym Civil Lines,Q-2023-07-01,3.64
852 - Gold's Gym Roorkee,Q-2023-07-01,3.69
858 - Gold's Gym Muzaffarpur,Q-2023-07-01,3.46
859 - Gold's Gym Rourkela,Q-2023-07-01,3.6
862 - Cult Goregaon West,Q-2023-07-01,3.89
863 - Cult Borivali West,Q-2023-07-01,3.9
864 - Gold's Gym Mall Road,Q-2023-07-01,3.58
867 - Sehat World (Sector -23),Q-2023-07-01,3.88
868 - Cult Gym Dharampeth,Q-2023-07-01,3.62
869 - Cult Gym Manikonda,Q-2023-07-01,3.62
"870 - Cult Gym Rajajinagar 12th Cross, Mahalaxmi Layout",Q-2023-07-01,3.68
871 - Cult Manikonda,Q-2023-07-01,3.9
"872 - Cult Rajajinagar 12th Cross, Mahalaxmi Layout",Q-2023-07-01,3.85
879 - Stallion Xtreme Fitness,Q-2023-07-01,3.75
88 - Stallion Fitness,Q-2023-07-01,3.66
882 - Sankey Lake,Q-2023-07-01,3.73
883 - Mahadevapura-2 Lake,Q-2023-07-01,3.96
884 - BHEL,Q-2023-07-01,3.99
89 - Meraki Fitness Studio,Q-2023-07-01,3.66
892 - Noida Stadium,Q-2023-07-01,4
893 - Conquest Fitness (Kukatpally),Q-2023-07-01,3.69
894 - Shivaji Park,Q-2023-07-01,4
895 - Tao Devi Lal Park,Q-2023-07-01,3.86
898 - Hennuru Lake,Q-2023-07-01,4
90 - SR FIT CUBE,Q-2023-07-01,3.93
902 - Stark Fitness Studio (Madhapur),Q-2023-07-01,3.7
903 - Muscle Maniac (ex.Stark Fitness Studio),Q-2023-07-01,3.54
907 - Next Level Fitness Era,Q-2023-07-01,3.69
908 - Cult Gym Harlur 1st Main,Q-2023-07-01,3.61
909 - KBR Park,Q-2023-07-01,
910 - Panagal Park,Q-2023-07-01,2
911 - Stallion Xtreme Fitness,Q-2023-07-01,3.7
914 - B3 Wellness Studio (Horamavu),Q-2023-07-01,3.62
915 - Body Line Gym and Cardio,Q-2023-07-01,3.68
916 - Play On Fitness (Sarjapur),Q-2023-07-01,3.58
917 - Royal Fitness (MCECHS Layout),Q-2023-07-01,3.67
918 - Cult Gym Chattarpur,Q-2023-07-01,3.65
923 - Deer Park,Q-2023-07-01,3.8
929 - Cult Gym Kota,Q-2023-07-01,3.53
930 - Cult TFD Koramangala,Q-2023-07-01,3.75
931 - Cult Gym HSR 24th Main,Q-2023-07-01,3.59
933 - Team Core,Q-2023-07-01,3.74
934 - Kasavanahalli Lake,Q-2023-07-01,3.22
937 - Fitso Faridabad Manav Rachna,Q-2023-07-01,3.68
938 - Fitso Sector 43 Peach Tree,Q-2023-07-01,3.15
939 - Fitso Sector 43 EAS,Q-2023-07-01,3.66
"940 - Fitso Sector 51, Noida",Q-2023-07-01,3.67
"942 - Fitso Sector 70, Noida",Q-2023-07-01,3.78
944 - Fitso Palam Vihar Swiss Cottage,Q-2023-07-01,3.6
945 - Fitso Sector 51 JNS,Q-2023-07-01,3.49
946 - Fitso Madhapur Pearl,Q-2023-07-01,3.69
947 - Fitso Secunderabad Fit For Life,Q-2023-07-01,3.76
948 - Fitso Gachibowli Dolphin,Q-2023-07-01,3.68
95 - Fit Gym,Q-2023-07-01,2.81
"950 - Cult Sector 43 Ambience, Multi Sports",Q-2023-07-01,3.57
951 - Fitso Sector 48 Spuddy,Q-2023-07-01,3.67
952 - Fitso Dwarka DIS Edge,Q-2023-07-01,3.68
953 - Fitso Kondapur Playtime,Q-2023-07-01,3.71
954 - Fitso RK PURAM Swim Paradise,Q-2023-07-01,3.61
958 - Fitso JNS Synthetic Courts,Q-2023-07-01,3.59
96 - Motto Fitness,Q-2023-07-01,3.57
964 - Fitso Sector 55 Unicosmos,Q-2023-07-01,3.79
97 - Forth Fitness,Q-2023-07-01,3.56
973 - Fitso Whitefield Golden Fins,Q-2023-07-01,3.65
975 - Fitso Dwarka Shuttlers,Q-2023-07-01,3.58
976 - Fitso JP Nagar The Sports Club,Q-2023-07-01,3.79
977 - Fitso Panathur PK Sports 2,Q-2023-07-01,3.75
978 - Fitso Panathur PK Sports 1,Q-2023-07-01,3.72
979 - Fitso Koramangala PK Sports,Q-2023-07-01,3.77
980 - Fitso Bannerghatta Rd Fiton,Q-2023-07-01,3.76
985 - Fortress Sports Arena,Q-2023-07-01,
988 - BaddyZone HSR,Q-2023-07-01,3.85
997 - Fitso SVIS Dwarka,Q-2023-07-01,3.72
10 - Fuerza Koramangala,Q-2023-10-01,3.49
100 - Play On Fitness,Q-2023-10-01,3.52
1001 - Fitso Bellandur Game Theory,Q-2023-10-01,3.79
"1002 - Fitso Sector 21, Noida",Q-2023-10-01,3.72
1005 - Fitso BBPS Sector-14 Rohini,Q-2023-10-01,3.7
1007 - Fitso Olympus Sports Arena,Q-2023-10-01,3.69
1008 - Fitness Zone (Hafeezpet),Q-2023-10-01,3.8
101 - Play On Fitness,Q-2023-10-01,3.67
1012 - Fitness Freaks,Q-2023-10-01,3.62
1013 - GymX Prime (Whitefield),Q-2023-10-01,3.7
1014 - Cult Gym Marathahalli,Q-2023-10-01,3.62
1015 - Gold's Gym Sinhagad Road,Q-2023-10-01,3.74
1016 - Cloud 9 Fitness,Q-2023-10-01,3.58
1017 - F7 Fitness by Prasad Konda,Q-2023-10-01,3.67
1019 - Cult Gym Gachibowli,Q-2023-10-01,3.64
1020 - Gold's Gym Aundh,Q-2023-10-01,3.67
1021 - Gold's Gym Lower Parel,Q-2023-10-01,3.76
1023 - Cult Harlur 1st Main,Q-2023-10-01,3.86
1025 - Cult Kalyan Nagar 5th Block,Q-2023-10-01,3.91
1026 - Cult Gym Kalyan Nagar 5th Block,Q-2023-10-01,3.69
1027 - Cult Gym Janakpuri,Q-2023-10-01,3.59
103 - Mani's Core Fit,Q-2023-10-01,3.66
1030 - Cult Gym Siripuram,Q-2023-10-01,3.67
1031 - Cult Gym Prabhadevi,Q-2023-10-01,3.7
1032 - Cult Gym Panchkula Sector 9,Q-2023-10-01,3.73
1033 - Fitmax (Madhapur),Q-2023-10-01,3.6
1034 - Stark Fitness Studio (Bachupally),Q-2023-10-01,3.71
1035 - Glint Fitness Center,Q-2023-10-01,3.57
1036 - Stark Fitness Studio (Sainikpuri),Q-2023-10-01,3.67
1037 - Stark Fitness Studio,Q-2023-10-01,3.61
1038 - Cult Gym Uttarahalli,Q-2023-10-01,3.74
1039 - Cult Gym C Scheme,Q-2023-10-01,3.65
104 - Fitt Lounge,Q-2023-10-01,3.41
1040 - Muscle Junkie (Model Town),Q-2023-10-01,3.63
1041 - Fitso Hennur Agon Sports,Q-2023-10-01,3.68
1042 - Fitso Sector 116 Spuddy,Q-2023-10-01,3.72
1046 - Fitso Whitefield AH Sportstreet,Q-2023-10-01,3.59
1047 - Moments Fitness Hub 1.0,Q-2023-10-01,3.66
1048 - Gold's Gym (Vasai),Q-2023-10-01,3.22
1049 - Gympoint The Fitness Studio,Q-2023-10-01,3.66
105 - The Fitness Lab,Q-2023-10-01,3.71
1050 - Cult Gym Miyapur X Roads,Q-2023-10-01,3.71
1051 - Supergym Prime (Varthur),Q-2023-10-01,3.6
1052 - Cult Uttarahalli,Q-2023-10-01,3.87
1053 - Cult Miyapur X Roads,Q-2023-10-01,3.85
"1054 - Black Vigor (Sector 49, Noida)",Q-2023-10-01,3.68
1055 - Cult Gym Fraser Road,Q-2023-10-01,3.67
1056 - Cult Gym Mahanagar,Q-2023-10-01,3.53
1057 - Cult Mahanagar,Q-2023-10-01,3.73
1059 - G8 Fitness,Q-2023-10-01,3.7
106 - F7 Fitness Exclusive,Q-2023-10-01,3.51
1060 - Cult Fraser Road,Q-2023-10-01,3.91
1061 - Iron Sanctuary,Q-2023-10-01,3.7
"1062 - Cult Gym Universal Trade Tower, Sohna Rd",Q-2023-10-01,3.64
"1063 - Cult Universal Trade Tower, Sohna Rd",Q-2023-10-01,3.89
1064 - Cult Gym OIC Lower Parel,Q-2023-10-01,3.81
1065 - Cult OIC Lower Parel,Q-2023-10-01,3.85
1066 - Muscle Factory,Q-2023-10-01,3.78
1067 - Muscle Factory,Q-2023-10-01,3.77
1068 - Cult Gym Eros Sector 49,Q-2023-10-01,3.73
1069 - Cult Gym Himayatnagar Main(Hyderguda),Q-2023-10-01,3.67
1070 - Cult Gym Madhapur,Q-2023-10-01,3.63
1071 - Cult Gym Indiranagar 6th Main,Q-2023-10-01,3.63
1072 - Cult Gym AECS-Brookfield,Q-2023-10-01,3.58
1073 - Cult Himayatnagar Main,Q-2023-10-01,3.9
1074 - Cult Indiranagar 6th Main,Q-2023-10-01,3.83
1075 - Cult Kota,Q-2023-10-01,3.82
1076 - Cult Gym Mahadevpura,Q-2023-10-01,3.62
1077 - Cult Neo Gym Hoodi,Q-2023-10-01,3.59
1078 - Cult Gym Kundalahalli,Q-2023-10-01,3.63
1079 - GymPoint The Fitness Studio (Malakpet),Q-2023-10-01,3.68
1080 - Gold's Gym (Ulubari),Q-2023-10-01,3.8
1081 - Pran Fitness,Q-2023-10-01,3.76
1082 - Benefit Arena,Q-2023-10-01,3.71
1083 - Foundry Active (Kaggadasapura),Q-2023-10-01,3.67
1084 - Prince Fitness,Q-2023-10-01,3.71
1085 - Youmania,Q-2023-10-01,3.86
1086 - Youmania,Q-2023-10-01,3.78
1087 - Aarna Fitness (Konanakunte),Q-2023-10-01,3.65
1088 - Brad Fitness,Q-2023-10-01,3.57
1089 - Body Line Gym and Cardio,Q-2023-10-01,3.42
109 - Akhil Fitness World,Q-2023-10-01,3.68
1090 - Body Line Gym and Cardio,Q-2023-10-01,3.55
1091 - Oxy-Genz Fitness,Q-2023-10-01,3.61
1092 - Virtue Fitness,Q-2023-10-01,3.72
1093 - I Lift Fitness (East Of Kailash),Q-2023-10-01,3.63
1094 - Club Fit,Q-2023-10-01,3.66
1095 - Fitness Turf (Kompally),Q-2023-10-01,3.69
1096 - Cult C Scheme,Q-2023-10-01,3.84
1097 - Gold's Gym Jamshedpur,Q-2023-10-01,3.52
1098 - Cult Gym Akshaynagar,Q-2023-10-01,3.71
1099 - Cult Gym Habsiguda(Hybrid),Q-2023-10-01,3.67
11 - Fuerza HSR,Q-2023-10-01,3.66
110 - Fluid,Q-2023-10-01,3.74
1100 - Cult Gym Kondapur,Q-2023-10-01,3.67
1104 - Elite Fitness Club,Q-2023-10-01,3.79
1105 - MP Sports Arena,Q-2023-10-01,3.77
1106 - Fitso Silpa Park Badminton,Q-2023-10-01,3.7
1107 - Fitso Kondapur Playtime Sports,Q-2023-10-01,3.74
1108 - Cult Gym Varthur,Q-2023-10-01,3.73
1109 - Powerr Vibes Gym,Q-2023-10-01,3.84
111 - Fluid,Q-2023-10-01,3.66
1110 - Fitso Sector-15 Faridabad,Q-2023-10-01,3.71
1111 - Fitso Sheikh Sarai,Q-2023-10-01,3.81
"1113 - Fitso Sector 119, Noida",Q-2023-10-01,3.72
1114 - Fitso Brij Vihar,Q-2023-10-01,3.73
1115 - Cult AECS-Brookfield,Q-2023-10-01,3.81
1116 - Cult Gym Budigere Cross,Q-2023-10-01,3.71
1117 - Cult Budigere Cross,Q-2023-10-01,3.88
1118 - Cult Gym Sion,Q-2023-10-01,3.72
1119 - Cult Sion,Q-2023-10-01,3.9
112 - Fluid,Q-2023-10-01,3.7
1120 - Cult Gym Siliguri,Q-2023-10-01,3.83
1123 - Cult Varthur,Q-2023-10-01,3.84
1124 - Gold's Gym (Gomti Nagar),Q-2023-10-01,2.99
1125 - Cult Siliguri,Q-2023-10-01,3.97
1126 - Gold's Gym Banashankari,Q-2023-10-01,3.58
1127 - Gold's Gym NIBM,Q-2023-10-01,3.6
1128 - B3 Wellness Studio (JP Nagar),Q-2023-10-01,3.63
1129 - Fitness First Platinum Crest Mukta,Q-2023-10-01,3.64
113 - Fitness Ministry,Q-2023-10-01,3.71
1130 - Cult Gym Paschim Vihar - Rohtak Rd,Q-2023-10-01,3.68
1131 - Cult Paschim Vihar - Rohtak Rd,Q-2023-10-01,3.9
1132 - Revive Fitness,Q-2023-10-01,3.76
1133 - Step Up Fitness (Vile Parle East),Q-2023-10-01,3.81
1136 - Fit Gym Reloaded,Q-2023-10-01,3.71
1137 - IGNYT Gym (Paschim Vihar),Q-2023-10-01,3.64
1138 - Cult Gym Nallagandla - Huda,Q-2023-10-01,3.68
1139 - Cult Nallagandla - Huda,Q-2023-10-01,3.9
"114 - Cult Thane, Ghodbunder Road",Q-2023-10-01,3.91
1140 - Cult Gym Panathur,Q-2023-10-01,3.63
1141 - Cult Panathur,Q-2023-10-01,3.81
1144 - Cult Gym Bommanahalli,Q-2023-10-01,3.66
1145 - Cult Bommanahalli,Q-2023-10-01,3.82
1146 - Reveal Fitness,Q-2023-10-01,3.78
1147 - HRX Gym JP Nagar,Q-2023-10-01,3.62
1148 - HRX Gym AS Rao Nagar,Q-2023-10-01,3.68
1149 - Cult Gym Nagarbhavi,Q-2023-10-01,3.75
115 - Cult Indiranagar,Q-2023-10-01,3.86
1150 - Cult Nagarbhavi,Q-2023-10-01,3.85
1151 - Fitso DPSG Palam Vihar,Q-2023-10-01,3.76
1152 - Fitso Thubarahalli MKR Sports Arena,Q-2023-10-01,3.72
1153 - Modest Gainz,Q-2023-10-01,3.71
1155 - Gold's Gym RR Nagar,Q-2023-10-01,3.81
1156 - Fitso E-City Nova Sports,Q-2023-10-01,3.69
1157 - Cult Gym Vyapar Kendra,Q-2023-10-01,3.61
1158 - Cult Vyapar Kendra,Q-2023-10-01,3.83
1159 - HRX Gym Kothapet,Q-2023-10-01,3.54
116 - Cult JP Nagar,Q-2023-10-01,3.86
1162 - Fitso Mahadevapura Play Plus,Q-2023-10-01,3.73
1163 - Fitso Ramamurthy Nagar Sport Fit,Q-2023-10-01,3.8
1166 - Iron Fist (Moosapet),Q-2023-10-01,3.76
1167 - Millennium Fitness Club (Banjara Hills),Q-2023-10-01,3.7
1168 - Iron House (Worli),Q-2023-10-01,4
1169 - Gold's Gym (Bandra),Q-2023-10-01,3.73
117 - Cult HSR 19th Main,Q-2023-10-01,3.88
1171 - Gold's Gym (Raj Nagar Extension),Q-2023-10-01,3.62
1176 - Cult Gym Kasavanahalli,Q-2023-10-01,3.69
1178 - Cult Gym Thanisandra,Q-2023-10-01,3.65
"1179 - Fitnest Prime, Prashant Vihar",Q-2023-10-01,3.69
118 - Cult Sarjapur,Q-2023-10-01,3.89
1180 - Cult Gym Gurgaon Sec-56,Q-2023-10-01,3.69
1182 - Burn And Build,Q-2023-10-01,3.56
1185 - Cult Thanisandra,Q-2023-10-01,3.82
1186 - Cult Kasavanahalli,Q-2023-10-01,3.84
1187 - Cult Gurgaon Sec-56,Q-2023-10-01,3.89
1188 - Fitso Karmanghat One All,Q-2023-10-01,3.73
1189 - Vogue Health Club (JP Nagar),Q-2023-10-01,3.66
119 - Cult Bellandur,Q-2023-10-01,3.85
1191 - Cult Gym Neeladri Road ECity,Q-2023-10-01,3.78
1192 - Cult Neeladri Road ECity,Q-2023-10-01,3.88
1194 - New Supergym Prime (Hoodi),Q-2023-10-01,3.63
1195 - Speed Fitness (Bandlaguda),Q-2023-10-01,3.69
1196 - Raptor Fitness (Gachibowli),Q-2023-10-01,3.72
120 - Cult Koramangala 80ft Rd,Q-2023-10-01,3.86
1201 - Cult Gym Attapur,Q-2023-10-01,3.55
1202 - Cult Gym Company Bagh,Q-2023-10-01,3.77
1203 - Cult Attapur,Q-2023-10-01,3.94
1204 - HSR Fitness World,Q-2023-10-01,
1206 - Cult Company Bagh,Q-2023-10-01,3.86
1207 - Elgis Fitness Gym,Q-2023-10-01,3.56
121 - Cult Tribe Indiranagar,Q-2023-10-01,3.86
1212 - JS Fitness Studio Gym,Q-2023-10-01,
123 - Cult Whitefield,Q-2023-10-01,3.9
1234 - Fitvilla,Q-2023-10-01,
1236 - Muscular Aptitude,Q-2023-10-01,
1241 - Reebok CrossFit,Q-2023-10-01,
1249 - Plej Fitness - Play Arena,Q-2023-10-01,
125 - Cult Koramangala Bethany,Q-2023-10-01,4
1255 - Fitness Club Gym Studio,Q-2023-10-01,
1256 - OTwo Gym N Spa,Q-2023-10-01,
1257 - Plej Fitness - Electronic City,Q-2023-10-01,
1258 - IFitness HSR Layout,Q-2023-10-01,
1263 - All Time Fitness (Previously Aimfit Gym),Q-2023-10-01,
1264 - Green Fitness Studio 24x7 - Electronic City,Q-2023-10-01,3
1265 - Green Fitness Studio 24x7 - Bommanahalli,Q-2023-10-01,
1271 - Gravitaz,Q-2023-10-01,
1272 - Ultrex Recreational Club,Q-2023-10-01,
1275 - Ramagya Sports Academy,Q-2023-10-01,
1277 - Anytime Fitness Shahdara,Q-2023-10-01,
1288 - OxyGym,Q-2023-10-01,
"129 - Cult Whitefield, Shantiniketan",Q-2023-10-01,3.83
1290 - Fighting Choice Sector 51,Q-2023-10-01,
1291 - Moltom The Fitness Lounge,Q-2023-10-01,
1310 - Moments Fitness Hub 4.0,Q-2023-10-01,3.69
1311 - The Royal Fitness Club,Q-2023-10-01,3.76
1318 - Skale Fitness - Anna Nagar,Q-2023-10-01,
1319 - Skale Fitness - Ambattur,Q-2023-10-01,
"1320 - Cult Gym Fitnest Prime, Vasant Kunj",Q-2023-10-01,3.46
1323 - Fighting Choice Greater Noida,Q-2023-10-01,
"133 - Cult Baani, Sector 56",Q-2023-10-01,3.9
1332 - Pink Fitness - Ganapathy,Q-2023-10-01,
134 - Cult Mahadevapura,Q-2023-10-01,3.87
1344 - Foxx Fitness Sector 17,Q-2023-10-01,
135 - Cult Malleshwaram,Q-2023-10-01,3.86
1352 - GoFitz Dance and Fitness Academy,Q-2023-10-01,
1354 - HYPE The Gym South City 1,Q-2023-10-01,
1356 - Sweat Shop - The Boutique Gym,Q-2023-10-01,
1370 - ETG The Gym Nirman Vihar,Q-2023-10-01,
1375 - Kraken Fit Club,Q-2023-10-01,3.75
1376 - The Wellness Club Express Paschim Vihar,Q-2023-10-01,4
138 - Cult Jayanagar,Q-2023-10-01,3.87
1380 - Chisel Punjabi Bagh,Q-2023-10-01,
1381 - Crossfit Yard,Q-2023-10-01,
1386 - Anytime Fitness Vikaspuri,Q-2023-10-01,
139 - Cult Basaveshwar Nagar,Q-2023-10-01,3.9
1424 - Shark Fitness (Secunderabad),Q-2023-10-01,3.47
1425 - Coreflex Pilates Studio,Q-2023-10-01,
1429 - Workout Wonders WOW,Q-2023-10-01,
143 - Cult RMV 2nd Stage (Deprecated),Q-2023-10-01,3.86
"1430 - Cult Gym Thane, Ghodbunder Road",Q-2023-10-01,3.77
1433 - Shred And Tone Gym,Q-2023-10-01,
1437 - Fluid Active Fitness Lajpat Nagar,Q-2023-10-01,
144 - Cult Electronic City,Q-2023-10-01,3.88
1451 - Gold's Gym (Breach Candy),Q-2023-10-01,3.63
1453 - Cult Gym Paschim Vihar - B Block,Q-2023-10-01,3.71
1454 - Cult Paschim Vihar - B Block,Q-2023-10-01,3.84
1461 - Drona The Fitness Gurukul (Chandra Layout),Q-2023-10-01,3.65
1470 - Cult Gym Shaikpet,Q-2023-10-01,3.55
1471 - Cult Shaikpet,Q-2023-10-01,3.75
1472 - Cult Gym Hennur,Q-2023-10-01,3.69
"1473 - Cult Gym Thubarahalli, BEML Layout",Q-2023-10-01,3.71
1475 - Cult Hennur,Q-2023-10-01,3.78
"1476 - Cult Thubarahalli, BEML Layout",Q-2023-10-01,3.81
1482 - AK Fitness,Q-2023-10-01,
1484 - Amritam Yoga Foundation,Q-2023-10-01,
1485 - Anytime Fitness Dwarka Sector 12,Q-2023-10-01,
"1486 - Gold's Gym (Kandivali East, Thakur Mall)",Q-2023-10-01,3.62
149 - Cult Hauz Khas,Q-2023-10-01,3.88
1496 - Battle Fit Gym (Sarvodaya Enclave),Q-2023-10-01,3.78
1497 - Cult Gym Kompally,Q-2023-10-01,3.84
1498 - Cult Gym Model Town,Q-2023-10-01,3.71
1499 - Cult Gym Dilsukhnagar,Q-2023-10-01,3.69
15 - GymX Marathahalli,Q-2023-10-01,3.55
1500 - Cult Gym Preet Vihar,Q-2023-10-01,3.77
1501 - Cult Gym Hoodi Main,Q-2023-10-01,3.77
"1502 - Cult Gym Whitefield, Shantiniketan",Q-2023-10-01,3.72
1503 - Cult Gym Koramangala 80 Ft Road,Q-2023-10-01,3.75
1510 - Fitamaze Gym And Fitness Centre,Q-2023-10-01,
1511 - FitGainer Gym And Fitness Centre,Q-2023-10-01,
1515 - Cult Gym Gachibowli - Indira Nagar,Q-2023-10-01,3.8
152 - Cult Banashankari,Q-2023-10-01,3.87
1523 - Skale Fitness - Chinmaya Nagar,Q-2023-10-01,
1531 - Raptor Fitness,Q-2023-10-01,3.72
154 - Cult JP Nagar 7th Phase,Q-2023-10-01,3.86
1546 - Foundry Active (Kaggadasapura) - GX,Q-2023-10-01,3.71
155 - Cult Harlur (deprecated),Q-2023-10-01,3.9
"1553 - Cult Gym Rajouri Garden, Z Block",Q-2023-10-01,3.67
"1554 - Cult Rajouri Garden, Z Block",Q-2023-10-01,3.9
156 - Cult Sahakar Nagar,Q-2023-10-01,3.9
1560 - The Core Fit Gym,Q-2023-10-01,3.73
1561 - Kris Gethin Gym Gurgaon,Q-2023-10-01,
157 - Cult Marathahalli,Q-2023-10-01,3.85
1571 - Gold's Gym Indirapuram,Q-2023-10-01,
1574 - Zest Fitness Studio Sector 7,Q-2023-10-01,
1576 - Zest Fitness Studio - HSR Layout Gym,Q-2023-10-01,
159 - Cult Yelahanka,Q-2023-10-01,3.92
1599 - Virtu Fitness- Madipakkam,Q-2023-10-01,
160 - Cult Bannerghatta Main Rd,Q-2023-10-01,3.9
161 - Cult RR Nagar,Q-2023-10-01,3.86
162 - Cult Kannamangala,Q-2023-10-01,3.91
163 - Cult RT Nagar (deprecated),Q-2023-10-01,3.85
"1631 - Cult Gym Rohini, Sector 11",Q-2023-10-01,3.52
"1632 - Cult Gym Tulip Chowk, Sector 69",Q-2023-10-01,3.6
1633 - Cult Gym Chandra Layout,Q-2023-10-01,3.68
1634 - Cult Gym Thanisandra (Near Bhartiya City),Q-2023-10-01,3.7
"1639 - Cult Rohini, Sector 11",Q-2023-10-01,3.9
164 - Cult Punjabi Bagh,Q-2023-10-01,3.85
"1640 - Cult Tulip Chowk, Sector 69",Q-2023-10-01,3.75
1644 - Cult Thanisandra (Near Bhartiya City),Q-2023-10-01,3.8
1661 - Cult South Extension,Q-2023-10-01,3.68
167 - Cult Banjara Hills,Q-2023-10-01,3.89
1677 - Cult.Play JP Nagar The BigBox,Q-2023-10-01,3.81
1678 - Pump Nation Fitness,Q-2023-10-01,3.62
168 - Cult Kondapur,Q-2023-10-01,3.85
"1684 - Cult Fitnest Prime, Prashant Vihar",Q-2023-10-01,3.84
1692 - Vibe Fitness Studio (Kompally),Q-2023-10-01,3.74
1697 - Raptor Fitness,Q-2023-10-01,3.7
1698 - F99 Fit (Pragathi Nagar),Q-2023-10-01,3.64
17 - 121 Premium Fitness Studio,Q-2023-10-01,3.75
170 - Cult Kukatpally,Q-2023-10-01,3.86
171 - Cult Vasant Kunj,Q-2023-10-01,3.9
1717 - Cult Bahu Plaza Main,Q-2023-10-01,3.88
172 - Cult Gachibowli,Q-2023-10-01,3.87
174 - Cult Rajouri Garden,Q-2023-10-01,3.9
18 - Fit 24,Q-2023-10-01,3.6
182 - Cult Basavanagudi,Q-2023-10-01,3.88
1829 - Luxury Akhada Punjabi Bagh,Q-2023-10-01,
183 - Cult Chandra Layout Maruthi Nagar,Q-2023-10-01,3.89
1831 - Boss Fitness - TVS Nagar,Q-2023-10-01,
1833 - Boss Fitness -  Keeranatham,Q-2023-10-01,
1835 - Boss Fitness -  Vadavalli,Q-2023-10-01,
184 - Cult Begumpet,Q-2023-10-01,3.89
1844 - Five The Fitness Hive,Q-2023-10-01,3.75
1847 - Pacific Sports Complex Rohini,Q-2023-10-01,
1850 - Cult Gym Banjara Hills,Q-2023-10-01,3.78
1851 - Swimlife-Cult.Play-Museum Road,Q-2023-10-01,3.7
1852 - HRX Gym RR Nagar,Q-2023-10-01,3.72
1865 - Anytime Fitness Kirti Nagar,Q-2023-10-01,
1866 - Anytime Fitness Punjabi Bagh,Q-2023-10-01,
1868 - Anytime Fitness Vishal Enclave,Q-2023-10-01,
1869 - Anytime Fitness Rajouri Garden,Q-2023-10-01,
1871 - Cult Gachibowli - Indira Nagar,Q-2023-10-01,3.88
1881 - Pump Up Arena,Q-2023-10-01,
1896 - Daybreakers X Wellness Gym,Q-2023-10-01,
1897 - The Wellness Club Xpress Meera Bagh,Q-2023-10-01,
191 - Cult Janakpuri,Q-2023-10-01,3.89
192 - Cult Patel Nagar,Q-2023-10-01,3.91
193 - Cult Kalyan Nagar,Q-2023-10-01,3.87
194 - Cult Botanical Garden Rd,Q-2023-10-01,3.89
1950 - Third Eye Fitness,Q-2023-10-01,3.62
1959 - IFitness - BEL Road,Q-2023-10-01,
1960 - IFitness - Shanti Nagar,Q-2023-10-01,
1976 - SK-27 Gym Greater Kailash 1,Q-2023-10-01,
1977 - SK-27 Gym Hauz Khas,Q-2023-10-01,
1985 - Divine Fitness,Q-2023-10-01,3.38
1995 - L7 Fitness Studio (Ex Commando Fitness),Q-2023-10-01,3.82
20 - Moments Fitness Hub 2.0,Q-2023-10-01,3.69
200 - Cult Madinaguda,Q-2023-10-01,3.9
201 - Cult Pitampura,Q-2023-10-01,3.86
202 - Cult Whitefield Hopefarm,Q-2023-10-01,3.88
2025 - Quadz Fitness - Seshadripuram,Q-2023-10-01,
203 - Cult Frazer Town,Q-2023-10-01,3.84
2037 - Fit24 - Uttarahalli,Q-2023-10-01,
2039 - Emerge Private Fitness Studio - RR Nagar,Q-2023-10-01,
2067 - Slam Fitness - Ambattur,Q-2023-10-01,
207 - Cult Paschim Vihar,Q-2023-10-01,3.89
208 - Cult Model Town,Q-2023-10-01,3.85
2080 - 4 Fitness Gym,Q-2023-10-01,
2085 - Moveza Fitness - Kumara Park,Q-2023-10-01,
2087 - Moveza Fitness - Rajajinagar,Q-2023-10-01,
2093 - Gypsy Fitness Club,Q-2023-10-01,
21 - Zest Fitness,Q-2023-10-01,3.65
2102 - Hybrid Gym,Q-2023-10-01,
2103 - FST-7 Gym,Q-2023-10-01,
212 - Cult Sarjapur Doddakannalli,Q-2023-10-01,3.89
213 - Cult Rajajinagar,Q-2023-10-01,3.88
2147 - Vibes Fitness Gym DLF Phase 3,Q-2023-10-01,
216 - Cult Eros Sector 49,Q-2023-10-01,3.9
219 - Cult Madhapur,Q-2023-10-01,3.89
221 - Cult South Extension (deprecated),Q-2023-10-01,3.88
2221 - Her Fitness Rajouri Garden,Q-2023-10-01,
2223 - Her Fitness Punjabi Bagh,Q-2023-10-01,
224 - Cult Hiranandani Gardens,Q-2023-10-01,3.92
226 - Cult Hennur (Deprecated),Q-2023-10-01,3.83
227 - Cult AS Rao Nagar,Q-2023-10-01,3.92
228 - Cult Himayatnagar,Q-2023-10-01,3.87
23 - Rush Fitness,Q-2023-10-01,3.73
230 - Cult Hoodi,Q-2023-10-01,3.87
231 - Cult Akshayanagar,Q-2023-10-01,3.85
232 - Cult Brigade Road,Q-2023-10-01,3.86
234 - Cult TFD Koramangala,Q-2023-10-01,3.86
235 - Cult Lajpat Nagar (earlier Ring Road),Q-2023-10-01,3.91
236 - Cult Preet Vihar,Q-2023-10-01,3.87
24 - Conquer Gym,Q-2023-10-01,3.59
242 - Cult Tardeo,Q-2023-10-01,3.89
243 - Cult Banaswadi,Q-2023-10-01,3.9
245 - Cult DLF Phase 1,Q-2023-10-01,3.9
247 - Cult LB Nagar,Q-2023-10-01,3.86
251 - Cult SG Palya (Near Forum Koramangala),Q-2023-10-01,3.9
260 - Cult Juhu,Q-2023-10-01,3.87
261 - Cult Malad,Q-2023-10-01,3.92
268 - Cult Velachery Chennai - Hybrid,Q-2023-10-01,3.95
270 - Cult Kalyani Nagar old,Q-2023-10-01,3.89
272 - Cult Nagavara - Manyata Tech Park,Q-2023-10-01,3.88
278 - Cult Malviya Nagar,Q-2023-10-01,3.8
282 - Cult Saket,Q-2023-10-01,3.91
283 - Cult Dwarka Sector 12,Q-2023-10-01,3.9
284 - Cult Sector 18 Noida (Deprecated),Q-2023-10-01,3.92
288 - Cult SR Nagar(Deprecated),Q-2023-10-01,3.92
289 - Cult Nizampet x Roads,Q-2023-10-01,3.88
290 - Cult Dilsukhnagar,Q-2023-10-01,3.86
291 - Cult Srinagar Colony,Q-2023-10-01,3.85
292 - Cult Powai-Raheja Vihar,Q-2023-10-01,3.93
293 - Cult Chembur (deprecated old center),Q-2023-10-01,3.91
294 - Cult Prabhadevi,Q-2023-10-01,3.83
295 - Cult Kandivali West,Q-2023-10-01,3.91
304 - Cult Nallagandla,Q-2023-10-01,3.92
305 - Cult Kompally,Q-2023-10-01,3.88
307 - Cult Marathahalli ORR,Q-2023-10-01,3.91
31 - The Monkey Fitness,Q-2023-10-01,3.69
315 - Cult HSR 24th Main,Q-2023-10-01,3.82
316 - Cult Magarpatta City,Q-2023-10-01,3.86
317 - Cult Tolichowki,Q-2023-10-01,3.9
318 - Cult Nagole,Q-2023-10-01,3.91
321 - Cult Habsiguda,Q-2023-10-01,3.9
33 - Supergym (Pai Layout),Q-2023-10-01,3.56
331 - Cult Wakad(deprecated),Q-2023-10-01,3.89
333 - Cult Vijayanagar (Mysore),Q-2023-10-01,3.88
337 - Cult Satellite,Q-2023-10-01,3.88
338 - Cult Sector 9 Panchkula,Q-2023-10-01,3.9
34 - Supergym (Thippasandra),Q-2023-10-01,3.59
346 - Cult Financial District,Q-2023-10-01,3.91
347 - Cult Kokapet (deprecated),Q-2023-10-01,3.91
349 - Cult Elamkulam,Q-2023-10-01,3.91
35 - Supergym (Vignan Nagar),Q-2023-10-01,3.45
36 - Shred Fitness,Q-2023-10-01,3.54
361 - Cult HSR 14th Main,Q-2023-10-01,3.83
"362 - Cult Kanakapura Road, Doddakallasandra",Q-2023-10-01,3.91
366 - Cult T N,Q-2023-10-01,3.91
369 - Cult Bahu Plaza,Q-2023-10-01,3.89
37 - Pledge Fitness,Q-2023-10-01,3.75
370 - Cult Lokhandwala old,Q-2023-10-01,3.9
371 - Cult Andheri East,Q-2023-10-01,3.9
379 - Cult Sector 104 Noida ( Deprecated ),Q-2023-10-01,3.92
384 - Cult Siripuram,Q-2023-10-01,3.76
385 - Cult Kharghar,Q-2023-10-01,3.95
386 - Cult Madhu Milan Square,Q-2023-10-01,3.82
39 - Chizel Fitness Studio,Q-2023-10-01,3.54
"391 - Cult MG Road, Mangalore",Q-2023-10-01,3.97
"393 - Cult Bandra, Linking Road",Q-2023-10-01,3.87
394 - Cult Race Course Rd,Q-2023-10-01,3.94
"396 - Cult Sushant Lok, Phase 1",Q-2023-10-01,3.89
42 - Platinum Fitness Club,Q-2023-10-01,3.54
43 - Yashmaxx 2.0,Q-2023-10-01,3.43
46 - Conquest Fitness,Q-2023-10-01,3.52
465 - Stallion Fitness (Kompally),Q-2023-10-01,3.8
467 - Thew Fitness (DLF Phase 1),Q-2023-10-01,3.74
468 - Studio Velocity,Q-2023-10-01,3.71
47 - Millennium Fitness Club,Q-2023-10-01,3.71
470 - Fitmax,Q-2023-10-01,3.37
471 - Cult Gym Banashankari 2nd Stage,Q-2023-10-01,3.67
472 - Cult Circular Road,Q-2023-10-01,3.87
476 - Paradise Fitness Club,Q-2023-10-01,3.72
478 - An.Fit,Q-2023-10-01,3.53
479 - MH Fitness,Q-2023-10-01,3.85
482 - Balance Fitness Lounge,Q-2023-10-01,3.66
483 - Aim Fit,Q-2023-10-01,3.55
486 - Body Zone Gym and Fitness Center,Q-2023-10-01,3.7
487 - Team Core,Q-2023-10-01,3.77
488 - FitLifez Gym and Spa,Q-2023-10-01,3.74
49 - Drona The Fitness Gurukul,Q-2023-10-01,3.75
490 - Cult Gym Indiranagar,Q-2023-10-01,3.59
491 - Quad the Fitness Hub,Q-2023-10-01,3.64
492 - Cult Gym Richmond Road,Q-2023-10-01,3.62
493 - Cult Anna Nagar,Q-2023-10-01,3.92
494 - Cult Nungambakkam,Q-2023-10-01,3.91
50 - Fast Fit Gym,Q-2023-10-01,3.64
502 - High Fitness Club,Q-2023-10-01,3.69
508 - The Iron Pumpers Gym,Q-2023-10-01,3.59
514 - MultiFit (Hennur),Q-2023-10-01,3.67
515 - Fitness Element (Ex MultiFit Grand Tamanna),Q-2023-10-01,3.62
517 - MultiFit (Kalyan Nagar),Q-2023-10-01,3.76
519 - MultiFit (Pimple Saudagar),Q-2023-10-01,3.7
520 - MultiFit (SUFC),Q-2023-10-01,3.59
524 - Turbo Fitness (Bandra),Q-2023-10-01,3.62
526 - Ares Gym,Q-2023-10-01,3.63
53 - I Lift Fitness,Q-2023-10-01,3.72
530 - Cult Adyar,Q-2023-10-01,3.93
534 - Be Fit,Q-2023-10-01,3.5
536 - Afterburn Fitness Studio (Alwal),Q-2023-10-01,3.74
54 - Mirage.fit,Q-2023-10-01,3.61
541 - Fluid (Vasant Kunj),Q-2023-10-01,3.74
542 - Fit Gym (West Patel Nagar),Q-2023-10-01,3.49
543 - Power Fitness,Q-2023-10-01,3.6
544 - Alpha Fitness (ex. Taurus Fitness),Q-2023-10-01,3.6
546 - Bomiso Fitness,Q-2023-10-01,3.73
548 - Body Power,Q-2023-10-01,3.81
55 - Wellcare Fitness,Q-2023-10-01,3.6
550 - Freedom Fitness,Q-2023-10-01,3.73
551 - MA Fitness,Q-2023-10-01,3.7
552 - Aesthetic B Fitness (ex. Stark Fitness),Q-2023-10-01,3.66
555 - F99 FIT,Q-2023-10-01,3.63
556 - Fitness 4 All,Q-2023-10-01,3.6
56 - FitLifez Gym and Spa,Q-2023-10-01,3.66
569 - Sehat World Green (Dwarka),Q-2023-10-01,3.77
57 - Planet Ultrafit Gym,Q-2023-10-01,3.59
574 - Cult Vidyaranyapura,Q-2023-10-01,3.87
576 - 9th Gear Fitness Club,Q-2023-10-01,3.71
577 - Fitness One Gym,Q-2023-10-01,3.7
579 - F99 Fit,Q-2023-10-01,3.64
58 - Cure Fitness,Q-2023-10-01,3.64
582 - Foundry Active,Q-2023-10-01,3.62
584 - Fly Fit (New Friends Colony),Q-2023-10-01,3.77
587 - B3 Wellness Studio,Q-2023-10-01,3.64
588 - In The Pink Fitness Club,Q-2023-10-01,3.69
59 - IGNYT Gym,Q-2023-10-01,3.59
590 - Lifestyle Fitness Gym and Cardio (Kothapet),Q-2023-10-01,3.66
591 - Stallion Fitness (Kondapur),Q-2023-10-01,3.69
592 - Team Core,Q-2023-10-01,3.63
600 - Cult Pal Heights,Q-2023-10-01,3.95
603 - Cult Dharampeth,Q-2023-10-01,3.85
605 - Cult Race Course,Q-2023-10-01,3.93
"606 - Cult Gym RDC, Ghaziabad",Q-2023-10-01,3.6
607 - Cult Gym Bellandur,Q-2023-10-01,3.63
608 - Cult Gym HSR,Q-2023-10-01,3.64
61 - Body Zone Gym,Q-2023-10-01,3.62
613 - Cult Alwarpet,Q-2023-10-01,3.92
614 - Cult Gym Gomti Nagar,Q-2023-10-01,3.7
615 - Cult Gym Golf Course Rd,Q-2023-10-01,3.76
616 - Cult Golf Course Rd,Q-2023-10-01,3.81
617 - Cult Gomti Nagar,Q-2023-10-01,3.89
63 - Grapple Fitness,Q-2023-10-01,3.74
64 - Changeover Fitness Studio,Q-2023-10-01,3.65
65 - Solid Looks Fitness Studio,Q-2023-10-01,3.2
66 - Fit Plus Health Club,Q-2023-10-01,3.72
664 - Fit Dock,Q-2023-10-01,3.64
665 - Fit Dock,Q-2023-10-01,3.66
670 - Elon Fitness,Q-2023-10-01,3.63
672 - Cubbon Park,Q-2023-10-01,3.76
673 - Fitness Craze,Q-2023-10-01,3.8
674 - GymPoint The Fitness Studio,Q-2023-10-01,3.65
675 - Agara Lake,Q-2023-10-01,3.88
677 - Cult Gym Napier Town,Q-2023-10-01,3.73
678 - Cult Napier Town,Q-2023-10-01,3.85
68 - Tiger Gym,Q-2023-10-01,3.42
680 - Cult Gym Vijay Nagar,Q-2023-10-01,3.6
681 - Cult Vijay Nagar,Q-2023-10-01,3.67
684 - Cult Nariman Point,Q-2023-10-01,3.89
685 - Cult Gym Pitampura,Q-2023-10-01,3.73
686 - Cult Gym BTM Layout,Q-2023-10-01,3.61
687 - Cult BTM Layout,Q-2023-10-01,3.83
69 - Universal Gym,Q-2023-10-01,3.74
690 - Gold's Gym (Kalyani Nagar),Q-2023-10-01,3.59
691 - Gold’s Gym Hadapsar,Q-2023-10-01,3.32
692 - Gold's Gym (Dayanand Vihar),Q-2023-10-01,3.39
693 - Cult Mulund West,Q-2023-10-01,3.92
694 - Reshape Fitness,Q-2023-10-01,3.81
"696 - Defence Colony, Indiranagar",Q-2023-10-01,3.92
7 - cure.fit Bangalore,Q-2023-10-01,3.5
700 - Lalbagh Botanical Garden,Q-2023-10-01,3.97
704 - The Power House,Q-2023-10-01,3.69
706 - Absolute Fitness Studio,Q-2023-10-01,3.69
708 - Cult Gym Kukatpally,Q-2023-10-01,3.54
"709 - Bomiso Fitness (Sector 50, Gurgaon)",Q-2023-10-01,3.7
715 - Stark Fitness Studio (Nizampet),Q-2023-10-01,3.63
717 - GKVK,Q-2023-10-01,3.65
720 - Gold's Gym (Lower Parel),Q-2023-10-01,3.71
721 - Gold's Gym (Yelahanka),Q-2023-10-01,3.73
722 - Gold's Gym (Malleshwaram),Q-2023-10-01,3.6
723 - Gold's Gym (Basaveshwar Nagar),Q-2023-10-01,3.64
725 - Gold's Gym (BEL Road),Q-2023-10-01,3.55
726 - Gold's Gym (Janakpuri),Q-2023-10-01,3.62
727 - Shadow Fitness,Q-2023-10-01,3.83
73 - Apple Fitness,Q-2023-10-01,3.58
730 - C3 Fit Klub,Q-2023-10-01,3.66
731 - Fit City,Q-2023-10-01,3.65
732 - Gold's Gym (Powai),Q-2023-10-01,3.67
733 - Gold's Gym (Kalyan Nagar),Q-2023-10-01,3.64
734 - Fit Gym (East Patel Nagar),Q-2023-10-01,3.62
735 - Cult Gym Malviya Nagar,Q-2023-10-01,3.59
736 - Lesiure Valley Park,Q-2023-10-01,
737 - Paschim Vihar District Park,Q-2023-10-01,4
738 - Priya Park,Q-2023-10-01,3.67
740 - Gold's Gym Baner,Q-2023-10-01,3.69
741 - Gold's Gym (Whitefield),Q-2023-10-01,3.49
743 - Gold's Gym (Moshi),Q-2023-10-01,3.7
745 - Gold's Gym (Vijayanagar),Q-2023-10-01,3.57
746 - Muscle Mutant,Q-2023-10-01,3.65
751 - Dare 2 Fit,Q-2023-10-01,3.77
753 - Clout Fitness (Whitefield),Q-2023-10-01,3.74
754 - GymPoint The Fitness Studio (Madhapur),Q-2023-10-01,3.7
76 - Fitoor The Fitness Studio,Q-2023-10-01,3.71
760 - Gold's Gym (Kandivali West),Q-2023-10-01,3.81
761 - Cult Greater Noida West,Q-2023-10-01,3.89
764 - Cult Gym Dwarka Sector 12,Q-2023-10-01,3.65
767 - VFitness,Q-2023-10-01,3.85
769 - Cult RDC Ghaziabad,Q-2023-10-01,3.87
77 - Speed Fitness,Q-2023-10-01,3.58
776 - Gold's Gym (Rajahmundry),Q-2023-10-01,3.33
777 - Gold's Gym Guwahati(Ganeshguri),Q-2023-10-01,3.67
778 - Gold's Gym (Shillong),Q-2023-10-01,3.82
779 - Yashmaxx Fitness,Q-2023-10-01,3.76
780 - Big Box,Q-2023-10-01,3.65
781 - MS Fitness,Q-2023-10-01,3.76
782 - Prime Strength,Q-2023-10-01,3.76
785 - Gold's Gym Canada Corner,Q-2023-10-01,3.33
788 - Orca Fitness (Chinchwad),Q-2023-10-01,3.66
789 - Cult Gym KR Puram,Q-2023-10-01,3.67
790 - Cult KR Puram,Q-2023-10-01,3.84
795 - Gold's Gym Bilaspur,Q-2023-10-01,3.06
80 - Technolife Fitness Club,Q-2023-10-01,3.68
801 - Gold's Gym Belgaum,Q-2023-10-01,3.75
81 - Clout Fitness,Q-2023-10-01,3.63
82 - Stark Fitness Studio,Q-2023-10-01,3.62
826 - Gold's Gym Moradabad,Q-2023-10-01,3.68
827 - Gold's Gym Sangli,Q-2023-10-01,3.9
828 - Gold's Gym Ashiana Nagar,Q-2023-10-01,3.75
829 - Gold's Gym Imphal,Q-2023-10-01,3.95
83 - Black Vigor (Gaur City),Q-2023-10-01,3.75
830 - Gold's Gym Bareilly,Q-2023-10-01,3.56
832 - Gold's Gym Tumkur,Q-2023-10-01,3.71
833 - Gold's Gym Hesaraghatta Main Road,Q-2023-10-01,3.51
834 - 1Life Fitness,Q-2023-10-01,3.64
836 - LMNT Fitness Club,Q-2023-10-01,3.75
837 - Gold's Gym Greater Kailash,Q-2023-10-01,3.39
839 - F7 Fitness by Prasad Konda (Bolarum),Q-2023-10-01,3.65
84 - Black Vigor,Q-2023-10-01,3.77
843 - Your Life Fitness Gym (Sector 61 Noida),Q-2023-10-01,3.77
848 - Nani's School of Fitness,Q-2023-10-01,3.6
85 - F Square Fitness,Q-2023-10-01,3.69
850 - Gold's Gym Civil Lines,Q-2023-10-01,3.68
852 - Gold's Gym Roorkee,Q-2023-10-01,3.64
858 - Gold's Gym Muzaffarpur,Q-2023-10-01,3.55
859 - Gold's Gym Rourkela,Q-2023-10-01,3.55
862 - Cult Goregaon West,Q-2023-10-01,3.9
863 - Cult Borivali West,Q-2023-10-01,3.93
864 - Gold's Gym Mall Road,Q-2023-10-01,3.76
867 - Sehat World (Sector -23),Q-2023-10-01,3.89
868 - Cult Gym Dharampeth,Q-2023-10-01,3.62
869 - Cult Gym Manikonda,Q-2023-10-01,3.63
"870 - Cult Gym Rajajinagar 12th Cross, Mahalaxmi Layout",Q-2023-10-01,3.69
871 - Cult Manikonda,Q-2023-10-01,3.91
"872 - Cult Rajajinagar 12th Cross, Mahalaxmi Layout",Q-2023-10-01,3.86
879 - Stallion Xtreme Fitness,Q-2023-10-01,3.71
88 - Stallion Fitness,Q-2023-10-01,3.72
882 - Sankey Lake,Q-2023-10-01,3.88
883 - Mahadevapura-2 Lake,Q-2023-10-01,3.89
884 - BHEL,Q-2023-10-01,3.96
89 - Meraki Fitness Studio,Q-2023-10-01,3.71
892 - Noida Stadium,Q-2023-10-01,4
893 - Conquest Fitness (Kukatpally),Q-2023-10-01,3.7
894 - Shivaji Park,Q-2023-10-01,
895 - Tao Devi Lal Park,Q-2023-10-01,3.97
898 - Hennuru Lake,Q-2023-10-01,3.71
90 - SR FIT CUBE,Q-2023-10-01,3.9
902 - Stark Fitness Studio (Madhapur),Q-2023-10-01,3.67
903 - Muscle Maniac (ex.Stark Fitness Studio),Q-2023-10-01,3.53
907 - Next Level Fitness Era,Q-2023-10-01,3.85
908 - Cult Gym Harlur 1st Main,Q-2023-10-01,3.67
911 - Stallion Xtreme Fitness,Q-2023-10-01,3.75
914 - B3 Wellness Studio (Horamavu),Q-2023-10-01,3.63
915 - Body Line Gym and Cardio,Q-2023-10-01,3.59
916 - Play On Fitness (Sarjapur),Q-2023-10-01,3.64
917 - Royal Fitness (MCECHS Layout),Q-2023-10-01,3.69
918 - Cult Gym Chattarpur,Q-2023-10-01,3.55
923 - Deer Park,Q-2023-10-01,4
929 - Cult Gym Kota,Q-2023-10-01,3.53
930 - Cult TFD Koramangala,Q-2023-10-01,3.8
931 - Cult Gym HSR 24th Main,Q-2023-10-01,3.62
933 - Team Core,Q-2023-10-01,3.76
934 - Kasavanahalli Lake,Q-2023-10-01,4
937 - Fitso Faridabad Manav Rachna,Q-2023-10-01,3.72
939 - Fitso Sector 43 EAS,Q-2023-10-01,3.64
"940 - Fitso Sector 51, Noida",Q-2023-10-01,3.72
944 - Fitso Palam Vihar Swiss Cottage,Q-2023-10-01,3.75
945 - Fitso Sector 51 JNS,Q-2023-10-01,3.7
946 - Fitso Madhapur Pearl,Q-2023-10-01,3.75
947 - Fitso Secunderabad Fit For Life,Q-2023-10-01,3.74
948 - Fitso Gachibowli Dolphin,Q-2023-10-01,3.65
"950 - Cult Sector 43 Ambience, Multi Sports",Q-2023-10-01,3.64
951 - Fitso Sector 48 Spuddy,Q-2023-10-01,3.72
952 - Fitso Dwarka DIS Edge,Q-2023-10-01,3.76
953 - Fitso Kondapur Playtime,Q-2023-10-01,3.77
954 - Fitso RK PURAM Swim Paradise,Q-2023-10-01,3.65
958 - Fitso JNS Synthetic Courts,Q-2023-10-01,3.65
96 - Motto Fitness,Q-2023-10-01,3.63
964 - Fitso Sector 55 Unicosmos,Q-2023-10-01,3.83
97 - Forth Fitness,Q-2023-10-01,3.52
973 - Fitso Whitefield Golden Fins,Q-2023-10-01,3.75
976 - Fitso JP Nagar The Sports Club,Q-2023-10-01,3.73
977 - Fitso Panathur PK Sports 2,Q-2023-10-01,3.73
978 - Fitso Panathur PK Sports 1,Q-2023-10-01,3.62
979 - Fitso Koramangala PK Sports,Q-2023-10-01,3.81
980 - Fitso Bannerghatta Rd Fiton,Q-2023-10-01,3.79
988 - BaddyZone HSR,Q-2023-10-01,3.82
997 - Fitso SVIS Dwarka,Q-2023-10-01,3.8
10 - Fuerza Koramangala,Q-2024-01-01,3.46
1001 - Fitso Bellandur Game Theory,Q-2024-01-01,3.68
1008 - Fitness Zone (Hafeezpet),Q-2024-01-01,3.75
101 - Play On Fitness,Q-2024-01-01,3.63
1012 - Fitness Freaks,Q-2024-01-01,3.59
1013 - GymX Prime (Whitefield),Q-2024-01-01,3.68
1014 - Cult Gym Marathahalli,Q-2024-01-01,3.59
1015 - Gold's Gym Sinhagad Road,Q-2024-01-01,3.8
1016 - Cloud 9 Fitness,Q-2024-01-01,3.7
1019 - Cult Gym Gachibowli,Q-2024-01-01,3.62
102 - Play On Fitness (defunct),Q-2024-01-01,
1020 - Gold's Gym Aundh,Q-2024-01-01,3.72
1021 - Gold's Gym Lower Parel,Q-2024-01-01,3.87
1023 - Cult Harlur 1st Main,Q-2024-01-01,3.8
1025 - Cult Kalyan Nagar 5th Block,Q-2024-01-01,3.88
1026 - Cult Gym Kalyan Nagar 5th Block,Q-2024-01-01,3.62
1027 - Cult Gym Janakpuri,Q-2024-01-01,3.59
103 - Mani's Core Fit,Q-2024-01-01,3.69
1030 - Cult Gym Siripuram,Q-2024-01-01,3.63
1031 - Cult Gym Prabhadevi,Q-2024-01-01,3.74
1032 - Cult Gym Panchkula Sector 9,Q-2024-01-01,3.79
1033 - Fitmax (Madhapur),Q-2024-01-01,3.49
1034 - Stark Fitness Studio (Bachupally),Q-2024-01-01,3.72
1035 - Glint Fitness Center,Q-2024-01-01,3.52
1036 - Stark Fitness Studio (Sainikpuri),Q-2024-01-01,3.72
1037 - Stark Fitness Studio,Q-2024-01-01,3.58
1038 - Cult Gym Uttarahalli,Q-2024-01-01,3.73
1039 - Cult Gym C Scheme,Q-2024-01-01,3.64
104 - Fitt Lounge,Q-2024-01-01,3.61
1040 - Muscle Junkie (Model Town),Q-2024-01-01,3.65
1041 - Fitso Hennur Agon Sports,Q-2024-01-01,3.67
1042 - Fitso Sector 116 Spuddy,Q-2024-01-01,3.69
1046 - Fitso Whitefield AH Sportstreet,Q-2024-01-01,3.44
1047 - Moments Fitness Hub 1.0,Q-2024-01-01,3.64
1049 - Gympoint The Fitness Studio,Q-2024-01-01,3.63
1050 - Cult Gym Miyapur X Roads,Q-2024-01-01,3.64
1051 - Supergym Prime (Varthur),Q-2024-01-01,3.72
1052 - Cult Uttarahalli,Q-2024-01-01,3.89
1053 - Cult Miyapur X Roads,Q-2024-01-01,3.87
"1054 - Black Vigor (Sector 49, Noida)",Q-2024-01-01,3.67
1055 - Cult Gym Fraser Road,Q-2024-01-01,3.67
1056 - Cult Gym Mahanagar,Q-2024-01-01,3.51
1057 - Cult Mahanagar,Q-2024-01-01,3.8
1059 - G8 Fitness,Q-2024-01-01,3.71
106 - F7 Fitness Exclusive,Q-2024-01-01,3.45
1060 - Cult Fraser Road,Q-2024-01-01,3.88
1061 - Iron Sanctuary,Q-2024-01-01,3.6
"1062 - Cult Gym Universal Trade Tower, Sohna Rd",Q-2024-01-01,3.68
"1063 - Cult Universal Trade Tower, Sohna Rd",Q-2024-01-01,3.91
1064 - Cult Gym OIC Lower Parel,Q-2024-01-01,3.82
1065 - Cult OIC Lower Parel,Q-2024-01-01,3.85
1066 - Muscle Factory,Q-2024-01-01,3.75
1067 - Muscle Factory,Q-2024-01-01,3.79
1068 - Cult Gym Eros Sector 49,Q-2024-01-01,3.76
1069 - Cult Gym Himayatnagar Main(Hyderguda),Q-2024-01-01,3.63
1070 - Cult Gym Madhapur,Q-2024-01-01,3.66
1071 - Cult Gym Indiranagar 6th Main,Q-2024-01-01,3.55
1072 - Cult Gym AECS-Brookfield,Q-2024-01-01,3.52
1073 - Cult Himayatnagar Main,Q-2024-01-01,3.9
1074 - Cult Indiranagar 6th Main,Q-2024-01-01,3.81
1075 - Cult Kota,Q-2024-01-01,3.91
1076 - Cult Gym Mahadevpura,Q-2024-01-01,3.55
1077 - Cult Neo Gym Hoodi,Q-2024-01-01,3.65
1078 - Cult Gym Kundalahalli,Q-2024-01-01,3.58
1079 - GymPoint The Fitness Studio (Malakpet),Q-2024-01-01,3.68
1080 - Gold's Gym (Ulubari),Q-2024-01-01,3.53
1081 - Pran Fitness,Q-2024-01-01,3.62
1082 - Benefit Arena,Q-2024-01-01,3.69
1083 - Foundry Active (Kaggadasapura),Q-2024-01-01,3.6
1084 - Prince Fitness,Q-2024-01-01,3.82
1085 - Youmania,Q-2024-01-01,3.81
1086 - Youmania,Q-2024-01-01,3.89
1087 - Aarna Fitness (Konanakunte),Q-2024-01-01,3.61
1088 - Brad Fitness,Q-2024-01-01,3.59
109 - Akhil Fitness World,Q-2024-01-01,3.71
1092 - Virtue Fitness,Q-2024-01-01,3.74
1093 - I Lift Fitness (East Of Kailash),Q-2024-01-01,3.69
1094 - Club Fit,Q-2024-01-01,3.58
1095 - Fitness Turf (Kompally),Q-2024-01-01,3.64
1096 - Cult C Scheme,Q-2024-01-01,3.86
1097 - Gold's Gym Jamshedpur,Q-2024-01-01,3.53
1098 - Cult Gym Akshaynagar,Q-2024-01-01,3.68
1099 - Cult Gym Habsiguda(Hybrid),Q-2024-01-01,3.59
11 - Fuerza HSR,Q-2024-01-01,3.58
110 - Fluid,Q-2024-01-01,3.72
1100 - Cult Gym Kondapur,Q-2024-01-01,3.64
1104 - Elite Fitness Club,Q-2024-01-01,3.75
1105 - MP Sports Arena,Q-2024-01-01,3.83
1106 - Fitso Silpa Park Badminton,Q-2024-01-01,3.74
1107 - Fitso Kondapur Playtime Sports,Q-2024-01-01,3.7
1108 - Cult Gym Varthur,Q-2024-01-01,3.73
1109 - Powerr Vibes Gym,Q-2024-01-01,3.8
111 - Fluid,Q-2024-01-01,3.76
1115 - Cult AECS-Brookfield,Q-2024-01-01,3.82
1116 - Cult Gym Budigere Cross,Q-2024-01-01,3.75
1117 - Cult Budigere Cross,Q-2024-01-01,3.89
1118 - Cult Gym Sion,Q-2024-01-01,3.7
1119 - Cult Sion,Q-2024-01-01,3.88
1120 - Cult Gym Siliguri,Q-2024-01-01,3.89
1123 - Cult Varthur,Q-2024-01-01,3.83
1124 - Gold's Gym (Gomti Nagar),Q-2024-01-01,4
1125 - Cult Siliguri,Q-2024-01-01,3.97
1126 - Gold's Gym Banashankari,Q-2024-01-01,3.64
1127 - Gold's Gym NIBM,Q-2024-01-01,3.6
1128 - B3 Wellness Studio (JP Nagar),Q-2024-01-01,3.63
1129 - Fitness First Platinum Crest Mukta,Q-2024-01-01,3.73
113 - Fitness Ministry,Q-2024-01-01,3.64
1130 - Cult Gym Paschim Vihar - Rohtak Rd,Q-2024-01-01,3.73
1131 - Cult Paschim Vihar - Rohtak Rd,Q-2024-01-01,3.92
1132 - Revive Fitness,Q-2024-01-01,3.73
1133 - Step Up Fitness (Vile Parle East),Q-2024-01-01,3.77
1136 - Fit Gym Reloaded,Q-2024-01-01,3.82
1137 - IGNYT Gym (Paschim Vihar),Q-2024-01-01,3.75
1138 - Cult Gym Nallagandla - Huda,Q-2024-01-01,3.63
1139 - Cult Nallagandla - Huda,Q-2024-01-01,3.91
"114 - Cult Thane, Ghodbunder Road",Q-2024-01-01,3.91
1140 - Cult Gym Panathur,Q-2024-01-01,3.58
1141 - Cult Panathur,Q-2024-01-01,3.8
1142 - Cult Gym Patia,Q-2024-01-01,3.78
1143 - Cult Patia,Q-2024-01-01,3.92
1144 - Cult Gym Bommanahalli,Q-2024-01-01,3.62
1145 - Cult Bommanahalli,Q-2024-01-01,3.85
1146 - Reveal Fitness,Q-2024-01-01,3.76
1147 - HRX Gym JP Nagar,Q-2024-01-01,3.65
1148 - HRX Gym AS Rao Nagar,Q-2024-01-01,3.67
1149 - Cult Gym Nagarbhavi,Q-2024-01-01,3.6
115 - Cult Indiranagar,Q-2024-01-01,3.84
1150 - Cult Nagarbhavi,Q-2024-01-01,3.87
1151 - Fitso DPSG Palam Vihar,Q-2024-01-01,3.71
1152 - Fitso Thubarahalli MKR Sports Arena,Q-2024-01-01,3.71
1153 - Modest Gainz,Q-2024-01-01,3.69
1156 - Fitso E-City Nova Sports,Q-2024-01-01,3.71
1157 - Cult Gym Vyapar Kendra,Q-2024-01-01,3.63
1158 - Cult Vyapar Kendra,Q-2024-01-01,3.86
1159 - HRX Gym Kothapet,Q-2024-01-01,3.42
116 - Cult JP Nagar,Q-2024-01-01,3.86
1162 - Fitso Mahadevapura Play Plus,Q-2024-01-01,3.58
1163 - Fitso Ramamurthy Nagar Sport Fit,Q-2024-01-01,3.75
1166 - Iron Fist (Moosapet),Q-2024-01-01,3.71
1167 - Millennium Fitness Club (Banjara Hills),Q-2024-01-01,3.74
1169 - Gold's Gym (Bandra),Q-2024-01-01,3.83
117 - Cult HSR 19th Main,Q-2024-01-01,3.83
1171 - Gold's Gym (Raj Nagar Extension),Q-2024-01-01,3.57
1172 - Cult Gym Whitefield Main Rd,Q-2024-01-01,3.56
1176 - Cult Gym Kasavanahalli,Q-2024-01-01,3.6
1178 - Cult Gym Thanisandra,Q-2024-01-01,3.58
"1179 - Fitnest Prime, Prashant Vihar",Q-2024-01-01,3.67
118 - Cult Sarjapur,Q-2024-01-01,3.86
1180 - Cult Gym Gurgaon Sec-56,Q-2024-01-01,3.67
1182 - Burn And Build,Q-2024-01-01,3.46
1185 - Cult Thanisandra,Q-2024-01-01,3.8
1186 - Cult Kasavanahalli,Q-2024-01-01,3.86
1187 - Cult Gurgaon Sec-56,Q-2024-01-01,3.86
1188 - Fitso Karmanghat One All,Q-2024-01-01,3.74
1189 - Vogue Health Club (JP Nagar),Q-2024-01-01,3.64
119 - Cult Bellandur,Q-2024-01-01,3.83
1191 - Cult Gym Neeladri Road ECity,Q-2024-01-01,3.63
1192 - Cult Neeladri Road ECity,Q-2024-01-01,3.82
1194 - New Supergym Prime (Hoodi),Q-2024-01-01,3.6
1195 - Speed Fitness (Bandlaguda),Q-2024-01-01,3.65
1196 - Raptor Fitness (Gachibowli),Q-2024-01-01,3.69
120 - Cult Koramangala 80ft Rd,Q-2024-01-01,3.83
1201 - Cult Gym Attapur,Q-2024-01-01,3.51
1202 - Cult Gym Company Bagh,Q-2024-01-01,3.76
1203 - Cult Attapur,Q-2024-01-01,3.94
1206 - Cult Company Bagh,Q-2024-01-01,3.79
1207 - Elgis Fitness Gym,Q-2024-01-01,3.72
121 - Cult Tribe Indiranagar,Q-2024-01-01,3.81
1220 - All Time Fitness Sector 14,Q-2024-01-01,4
123 - Cult Whitefield,Q-2024-01-01,3.87
125 - Cult Koramangala Bethany,Q-2024-01-01,
1256 - OTwo Gym N Spa,Q-2024-01-01,
1261 - Intensity Fitness Center,Q-2024-01-01,
1263 - All Time Fitness (Previously Aimfit Gym),Q-2024-01-01,
1268 - Poundd Fitness,Q-2024-01-01,
1271 - Gravitaz,Q-2024-01-01,4
1273 - 300 Fitness,Q-2024-01-01,
1277 - Anytime Fitness Shahdara,Q-2024-01-01,4
"129 - Cult Whitefield, Shantiniketan",Q-2024-01-01,3.86
1291 - Moltom The Fitness Lounge,Q-2024-01-01,
13 - GymX,Q-2024-01-01,3.43
1310 - Moments Fitness Hub 4.0,Q-2024-01-01,3.7
1311 - The Royal Fitness Club,Q-2024-01-01,3.61
"1320 - Cult Gym Fitnest Prime, Vasant Kunj",Q-2024-01-01,3.57
1332 - Pink Fitness - Ganapathy,Q-2024-01-01,
134 - Cult Mahadevapura,Q-2024-01-01,3.84
1340 - Fitness Point Swimming Academy Sector 56,Q-2024-01-01,4
1347 - Physique First Gym And Spa,Q-2024-01-01,4
135 - Cult Malleshwaram,Q-2024-01-01,3.85
1368 - Yogic Panacea Studio,Q-2024-01-01,
1370 - ETG The Gym Nirman Vihar,Q-2024-01-01,4
138 - Cult Jayanagar,Q-2024-01-01,3.87
1386 - Anytime Fitness Vikaspuri,Q-2024-01-01,
139 - Cult Basaveshwar Nagar,Q-2024-01-01,3.89
1397 - Plus Fitness 24*7 South Bopal,Q-2024-01-01,4
1424 - Shark Fitness (Secunderabad),Q-2024-01-01,3.62
143 - Cult RMV 2nd Stage (Deprecated),Q-2024-01-01,3.83
"1430 - Cult Gym Thane, Ghodbunder Road",Q-2024-01-01,3.8
144 - Cult Electronic City,Q-2024-01-01,3.84
1451 - Gold's Gym (Breach Candy),Q-2024-01-01,3.78
1453 - Cult Gym Paschim Vihar - B Block,Q-2024-01-01,3.71
1454 - Cult Paschim Vihar - B Block,Q-2024-01-01,3.87
1461 - Drona The Fitness Gurukul (Chandra Layout),Q-2024-01-01,3.57
1470 - Cult Gym Shaikpet,Q-2024-01-01,3.5
1471 - Cult Shaikpet,Q-2024-01-01,3.83
1472 - Cult Gym Hennur,Q-2024-01-01,3.73
"1473 - Cult Gym Thubarahalli, BEML Layout",Q-2024-01-01,3.72
1475 - Cult Hennur,Q-2024-01-01,3.81
"1476 - Cult Thubarahalli, BEML Layout",Q-2024-01-01,3.82
"1486 - Gold's Gym (Kandivali East, Thakur Mall)",Q-2024-01-01,3.77
149 - Cult Hauz Khas,Q-2024-01-01,3.88
1496 - Battle Fit Gym (Sarvodaya Enclave),Q-2024-01-01,3.76
1497 - Cult Gym Kompally,Q-2024-01-01,3.8
1498 - Cult Gym Model Town,Q-2024-01-01,3.73
1499 - Cult Gym Dilsukhnagar,Q-2024-01-01,3.68
15 - GymX Marathahalli,Q-2024-01-01,3.51
1500 - Cult Gym Preet Vihar,Q-2024-01-01,3.69
1501 - Cult Gym Hoodi Main,Q-2024-01-01,3.75
"1502 - Cult Gym Whitefield, Shantiniketan",Q-2024-01-01,3.67
1503 - Cult Gym Koramangala 80 Ft Road,Q-2024-01-01,3.64
1515 - Cult Gym Gachibowli - Indira Nagar,Q-2024-01-01,3.68
152 - Cult Banashankari,Q-2024-01-01,3.86
1531 - Raptor Fitness,Q-2024-01-01,3.72
1536 - Fit24,Q-2024-01-01,
154 - Cult JP Nagar 7th Phase,Q-2024-01-01,3.84
1541 - Ovalnet Badminton Academy,Q-2024-01-01,3.5
1546 - Foundry Active (Kaggadasapura) - GX,Q-2024-01-01,3.64
155 - Cult Harlur (deprecated),Q-2024-01-01,3.83
"1553 - Cult Gym Rajouri Garden, Z Block",Q-2024-01-01,3.63
"1554 - Cult Rajouri Garden, Z Block",Q-2024-01-01,3.91
156 - Cult Sahakar Nagar,Q-2024-01-01,3.89
1560 - The Core Fit Gym,Q-2024-01-01,3.65
157 - Cult Marathahalli,Q-2024-01-01,3.84
1586 - Volt Fitness Studio (Begumpet),Q-2024-01-01,3.58
159 - Cult Yelahanka,Q-2024-01-01,3.91
160 - Cult Bannerghatta Main Rd,Q-2024-01-01,3.92
161 - Cult RR Nagar,Q-2024-01-01,3.9
162 - Cult Kannamangala,Q-2024-01-01,3.91
163 - Cult RT Nagar (deprecated),Q-2024-01-01,3.85
"1631 - Cult Gym Rohini, Sector 11",Q-2024-01-01,3.55
"1632 - Cult Gym Tulip Chowk, Sector 69",Q-2024-01-01,3.53
1634 - Cult Gym Thanisandra (Near Bhartiya City),Q-2024-01-01,3.7
"1635 - Cult Gym Srinivasapura, RR Nagar",Q-2024-01-01,3.78
"1639 - Cult Rohini, Sector 11",Q-2024-01-01,3.9
"1640 - Cult Tulip Chowk, Sector 69",Q-2024-01-01,3.9
1644 - Cult Thanisandra (Near Bhartiya City),Q-2024-01-01,3.84
"1645 - Cult Srinivasapura, RR Nagar",Q-2024-01-01,3.89
1661 - Cult South Extension,Q-2024-01-01,3.71
167 - Cult Banjara Hills,Q-2024-01-01,3.89
1676 - Gold's Gym (Eco World Bellandur),Q-2024-01-01,3.85
1677 - Cult.Play JP Nagar The BigBox,Q-2024-01-01,3.72
1678 - Pump Nation Fitness,Q-2024-01-01,3.75
168 - Cult Kondapur,Q-2024-01-01,3.87
"1684 - Cult Fitnest Prime, Prashant Vihar",Q-2024-01-01,3.89
1692 - Vibe Fitness Studio (Kompally),Q-2024-01-01,3.73
1697 - Raptor Fitness,Q-2024-01-01,3.7
1698 - F99 Fit (Pragathi Nagar),Q-2024-01-01,3.68
17 - 121 Premium Fitness Studio,Q-2024-01-01,3.67
170 - Cult Kukatpally,Q-2024-01-01,3.88
171 - Cult Vasant Kunj,Q-2024-01-01,3.9
1712 - Cult Gym Bahu Plaza Main,Q-2024-01-01,3.7
1717 - Cult Bahu Plaza Main,Q-2024-01-01,3.78
172 - Cult Gachibowli,Q-2024-01-01,3.86
1732 - Gold's Gym (Sarjapur),Q-2024-01-01,3.9
174 - Cult Rajouri Garden,Q-2024-01-01,3.92
18 - Fit 24,Q-2024-01-01,3.63
1812 - Cult Gym Lokhandwala,Q-2024-01-01,3.8
182 - Cult Basavanagudi,Q-2024-01-01,3.87
183 - Cult Chandra Layout Maruthi Nagar,Q-2024-01-01,3.89
1830 - Boss Fitness - Vinayagapuram,Q-2024-01-01,2.92
1833 - Boss Fitness -  Keeranatham,Q-2024-01-01,2.67
1835 - Boss Fitness -  Vadavalli,Q-2024-01-01,3.17
184 - Cult Begumpet,Q-2024-01-01,3.88
1840 - Cult Gym Mittal's City Mall Bathinda,Q-2024-01-01,3.71
1844 - Five The Fitness Hive,Q-2024-01-01,3.57
1850 - Cult Gym Banjara Hills,Q-2024-01-01,3.73
1851 - Swimlife-Cult.Play-Museum Road,Q-2024-01-01,3.59
1852 - HRX Gym RR Nagar,Q-2024-01-01,3.72
1871 - Cult Gachibowli - Indira Nagar,Q-2024-01-01,3.86
1872 - Cult Gym BTM 2nd Stage,Q-2024-01-01,3.45
1877 - Cult Mittal's City Mall Bathinda,Q-2024-01-01,3.97
1896 - Daybreakers X Wellness Gym,Q-2024-01-01,4
191 - Cult Janakpuri,Q-2024-01-01,3.92
192 - Cult Patel Nagar,Q-2024-01-01,3.94
193 - Cult Kalyan Nagar,Q-2024-01-01,3.85
194 - Cult Botanical Garden Rd,Q-2024-01-01,3.86
1950 - Third Eye Fitness,Q-2024-01-01,3.69
1962 - Cult Gym Hesarghatta Road,Q-2024-01-01,3.6
1967 - Cult Hesaraghatta Road,Q-2024-01-01,3.84
1968 - Cult Gym Hennur Gardens (earlier Kothanur),Q-2024-01-01,3.81
1969 - Cult Gym Sarjapur - Dommasandra,Q-2024-01-01,3.7
1970 - Cult Sarjapur - Dommasandra,Q-2024-01-01,3.85
"1971 - Cult Gym HRBR Layout, Banaswadi",Q-2024-01-01,3.71
"1972 - Cult HRBR Layout, Banaswadi",Q-2024-01-01,3.83
1975 - Component Fitness Janakpuri,Q-2024-01-01,4
1979 - Shred Fitness,Q-2024-01-01,3.59
1985 - Divine Fitness,Q-2024-01-01,3.78
1991 - Cult Gym Lower Parel,Q-2024-01-01,3.69
1992 - Cult Lower Parel,Q-2024-01-01,3.88
1995 - L7 Fitness Studio (Ex Commando Fitness),Q-2024-01-01,3.64
1996 - Cult Gym Chembur,Q-2024-01-01,3.77
1997 - Cult Hennur Gardens (earlier Kothanur),Q-2024-01-01,3.84
1999 - Cult Gym Puppalaguda,Q-2024-01-01,3.66
20 - Moments Fitness Hub 2.0,Q-2024-01-01,3.67
200 - Cult Madinaguda,Q-2024-01-01,3.88
2006 - Cult Gym Banashankari 3rd Stage,Q-2024-01-01,3.71
2007 - Cult Banashankari 3rd Stage,Q-2024-01-01,3.81
2008 - Cult Puppalaguda,Q-2024-01-01,3.9
201 - Cult Pitampura,Q-2024-01-01,3.88
2018 - Cult Gym Vijayanagar,Q-2024-01-01,3.5
202 - Cult Whitefield Hopefarm,Q-2024-01-01,3.87
2020 - Cult Vijayanagar,Q-2024-01-01,3.72
2023 - GymX Fitness Redefined (HBR Layout),Q-2024-01-01,3.6
203 - Cult Frazer Town,Q-2024-01-01,3.83
208 - Cult Model Town,Q-2024-01-01,3.84
2083 - All Time Fitness,Q-2024-01-01,3.73
2084 - NMOD Fitness Club,Q-2024-01-01,3.71
2089 - Cult.Play Kanakpura Rd Eagle Nest Sports Academy,Q-2024-01-01,3.75
21 - Zest Fitness,Q-2024-01-01,3.61
212 - Cult Sarjapur Doddakannalli,Q-2024-01-01,3.86
213 - Cult Rajajinagar,Q-2024-01-01,3.87
2147 - Vibes Fitness Gym DLF Phase 3,Q-2024-01-01,4
2151 - Cult Gym Ghatkopar,Q-2024-01-01,3.53
2152 - Cult Ghatkopar,Q-2024-01-01,3.86
216 - Cult Eros Sector 49,Q-2024-01-01,3.89
219 - Cult Madhapur,Q-2024-01-01,3.89
221 - Cult South Extension (deprecated),Q-2024-01-01,3.9
2216 - Dynamic Fitness Studio,Q-2024-01-01,3.74
2228 - Cult Kondapur (Raghavendra Colony),Q-2024-01-01,3.84
2232 - Cult Gym Nirlon Knowledge Park (Employees Only),Q-2024-01-01,3.79
224 - Cult Hiranandani Gardens,Q-2024-01-01,3.92
2241 - Multifit Aundh,Q-2024-01-01,3.73
2259 - Be Beast,Q-2024-01-01,3.49
2267 - Brahma Fitness,Q-2024-01-01,3.63
227 - Cult AS Rao Nagar,Q-2024-01-01,3.93
2273 - GymX Fitness Redefined (Sarjapur),Q-2024-01-01,3.5
2274 - GK Wellness Studio,Q-2024-01-01,3.66
228 - Cult Himayatnagar,Q-2024-01-01,3.88
23 - Rush Fitness,Q-2024-01-01,3.71
230 - Cult Hoodi,Q-2024-01-01,3.81
2304 - Resistance 60,Q-2024-01-01,
231 - Cult Akshayanagar,Q-2024-01-01,3.84
2311 - Cult Gym HSR 5th Main,Q-2024-01-01,3.73
2319 - Cult Nirlon Knowledge Park (Employees Only),Q-2024-01-01,3.8
232 - Cult Brigade Road,Q-2024-01-01,3.85
2322 - Cult Chembur,Q-2024-01-01,3.86
2327 - Cult.Play Hongasandra DEE Sports,Q-2024-01-01,3.64
234 - Cult TFD Koramangala,Q-2024-01-01,3.84
2346 - Cult Harlur Swimming,Q-2024-01-01,3.3
2348 - One All Fitness,Q-2024-01-01,3.23
235 - Cult Lajpat Nagar (earlier Ring Road),Q-2024-01-01,3.9
2356 - Nani's School of Fitness (Hebbal),Q-2024-01-01,3.64
236 - Cult Preet Vihar,Q-2024-01-01,3.89
2376 - Cult Lecaprio Splash Swimming,Q-2024-01-01,3.53
2377 - Cross X Fitness Box - Ameenpur,Q-2024-01-01,
24 - Conquer Gym,Q-2024-01-01,3.66
2401 - Outdoor Siliguri,Q-2024-01-01,3.5
2411 - Cult Dwarka 10 Swimming,Q-2024-01-01,3.53
242 - Cult Tardeo,Q-2024-01-01,3.9
243 - Cult Banaswadi,Q-2024-01-01,3.89
245 - Cult DLF Phase 1,Q-2024-01-01,3.9
2454 - Mighty Fitness Club,Q-2024-01-01,
247 - Cult LB Nagar,Q-2024-01-01,3.9
2488 - Fitness Extreme International Inc - Varthuru,Q-2024-01-01,
251 - Cult SG Palya (Near Forum Koramangala),Q-2024-01-01,3.87
260 - Cult Juhu,Q-2024-01-01,3.88
261 - Cult Malad,Q-2024-01-01,3.92
268 - Cult Velachery Chennai - Hybrid,Q-2024-01-01,3.94
270 - Cult Kalyani Nagar old,Q-2024-01-01,3.91
272 - Cult Nagavara - Manyata Tech Park,Q-2024-01-01,3.87
278 - Cult Malviya Nagar,Q-2024-01-01,3.81
282 - Cult Saket,Q-2024-01-01,3.9
283 - Cult Dwarka Sector 12,Q-2024-01-01,3.9
284 - Cult Sector 18 Noida (Deprecated),Q-2024-01-01,3.92
288 - Cult SR Nagar(Deprecated),Q-2024-01-01,3.91
289 - Cult Nizampet x Roads,Q-2024-01-01,3.89
290 - Cult Dilsukhnagar,Q-2024-01-01,3.84
291 - Cult Srinagar Colony,Q-2024-01-01,3.92
292 - Cult Powai-Raheja Vihar,Q-2024-01-01,3.92
293 - Cult Chembur (deprecated old center),Q-2024-01-01,3.9
294 - Cult Prabhadevi,Q-2024-01-01,3.88
295 - Cult Kandivali West,Q-2024-01-01,3.89
304 - Cult Nallagandla,Q-2024-01-01,3.92
305 - Cult Kompally,Q-2024-01-01,3.88
307 - Cult Marathahalli ORR,Q-2024-01-01,3.89
31 - The Monkey Fitness,Q-2024-01-01,3.65
315 - Cult HSR 24th Main,Q-2024-01-01,3.84
316 - Cult Magarpatta City,Q-2024-01-01,3.82
318 - Cult Nagole,Q-2024-01-01,3.91
321 - Cult Habsiguda,Q-2024-01-01,3.9
33 - Supergym (Pai Layout),Q-2024-01-01,3.51
331 - Cult Wakad(deprecated),Q-2024-01-01,3.89
337 - Cult Satellite,Q-2024-01-01,3.88
338 - Cult Sector 9 Panchkula,Q-2024-01-01,3.9
34 - Supergym (Thippasandra),Q-2024-01-01,3.53
346 - Cult Financial District,Q-2024-01-01,3.9
347 - Cult Kokapet (deprecated),Q-2024-01-01,3.89
35 - Supergym (Vignan Nagar),Q-2024-01-01,3.41
36 - Shred Fitness,Q-2024-01-01,3.51
361 - Cult HSR 14th Main,Q-2024-01-01,3.8
"362 - Cult Kanakapura Road, Doddakallasandra",Q-2024-01-01,3.89
366 - Cult T N,Q-2024-01-01,3.93
37 - Pledge Fitness,Q-2024-01-01,3.75
370 - Cult Lokhandwala old,Q-2024-01-01,3.91
371 - Cult Andheri East,Q-2024-01-01,3.92
379 - Cult Sector 104 Noida ( Deprecated ),Q-2024-01-01,3.92
384 - Cult Siripuram,Q-2024-01-01,3.81
386 - Cult Madhu Milan Square,Q-2024-01-01,3.78
"391 - Cult MG Road, Mangalore",Q-2024-01-01,3.98
394 - Cult Race Course Rd,Q-2024-01-01,3.91
"396 - Cult Sushant Lok, Phase 1",Q-2024-01-01,3.91
42 - Platinum Fitness Club,Q-2024-01-01,3.55
43 - Yashmaxx 2.0,Q-2024-01-01,3.4
46 - Conquest Fitness,Q-2024-01-01,3.51
465 - Stallion Fitness (Kompally),Q-2024-01-01,3.72
"466 - Heeaatz Fitness (Sector 50, Gurgaon)",Q-2024-01-01,
467 - Thew Fitness (DLF Phase 1),Q-2024-01-01,3.72
468 - Studio Velocity,Q-2024-01-01,3.68
47 - Millennium Fitness Club,Q-2024-01-01,3.64
470 - Fitmax,Q-2024-01-01,3.41
471 - Cult Gym Banashankari 2nd Stage,Q-2024-01-01,3.64
472 - Cult Circular Road,Q-2024-01-01,3.87
476 - Paradise Fitness Club,Q-2024-01-01,3.72
478 - An.Fit,Q-2024-01-01,3.58
483 - Aim Fit,Q-2024-01-01,3.56
485 - Team Core,Q-2024-01-01,
486 - Body Zone Gym and Fitness Center,Q-2024-01-01,3.6
487 - Team Core,Q-2024-01-01,3.71
488 - FitLifez Gym and Spa,Q-2024-01-01,3.77
49 - Drona The Fitness Gurukul,Q-2024-01-01,3.68
490 - Cult Gym Indiranagar,Q-2024-01-01,3.56
491 - Quad the Fitness Hub,Q-2024-01-01,3.68
492 - Cult Gym Richmond Road,Q-2024-01-01,3.65
493 - Cult Anna Nagar,Q-2024-01-01,3.92
494 - Cult Nungambakkam,Q-2024-01-01,3.91
50 - Fast Fit Gym,Q-2024-01-01,3.67
502 - High Fitness Club,Q-2024-01-01,3.66
508 - The Iron Pumpers Gym,Q-2024-01-01,3.72
514 - MultiFit (Hennur),Q-2024-01-01,3.73
515 - Fitness Element (Ex MultiFit Grand Tamanna),Q-2024-01-01,3.6
517 - MultiFit (Kalyan Nagar),Q-2024-01-01,3.76
519 - MultiFit (Pimple Saudagar),Q-2024-01-01,3.67
520 - MultiFit (SUFC),Q-2024-01-01,3.7
524 - Turbo Fitness (Bandra),Q-2024-01-01,3.57
526 - Ares Gym,Q-2024-01-01,3.67
53 - I Lift Fitness,Q-2024-01-01,3.75
530 - Cult Adyar,Q-2024-01-01,3.92
536 - Afterburn Fitness Studio (Alwal),Q-2024-01-01,3.72
54 - Mirage.fit,Q-2024-01-01,3.37
541 - Fluid (Vasant Kunj),Q-2024-01-01,3.7
542 - Fit Gym (West Patel Nagar),Q-2024-01-01,3.49
544 - Alpha Fitness (ex. Taurus Fitness),Q-2024-01-01,3.5
546 - Bomiso Fitness,Q-2024-01-01,3.76
548 - Body Power,Q-2024-01-01,3.83
55 - Wellcare Fitness,Q-2024-01-01,3.66
550 - Freedom Fitness,Q-2024-01-01,3.69
552 - Aesthetic B Fitness (ex. Stark Fitness),Q-2024-01-01,3.67
555 - F99 FIT,Q-2024-01-01,3.71
556 - Fitness 4 All,Q-2024-01-01,3.53
56 - FitLifez Gym and Spa,Q-2024-01-01,3.7
569 - Sehat World Green (Dwarka),Q-2024-01-01,3.76
57 - Planet Ultrafit Gym,Q-2024-01-01,3.58
574 - Cult Vidyaranyapura,Q-2024-01-01,3.9
576 - 9th Gear Fitness Club,Q-2024-01-01,3.73
577 - Fitness One Gym,Q-2024-01-01,3.7
579 - F99 Fit,Q-2024-01-01,3.56
58 - Cure Fitness,Q-2024-01-01,3.61
582 - Foundry Active,Q-2024-01-01,3.47
584 - Fly Fit (New Friends Colony),Q-2024-01-01,3.78
587 - B3 Wellness Studio,Q-2024-01-01,3.66
588 - In The Pink Fitness Club,Q-2024-01-01,3.64
59 - IGNYT Gym,Q-2024-01-01,3.62
590 - Lifestyle Fitness Gym and Cardio (Kothapet),Q-2024-01-01,3.57
591 - Stallion Fitness (Kondapur),Q-2024-01-01,3.64
592 - Team Core,Q-2024-01-01,3.72
600 - Cult Pal Heights,Q-2024-01-01,3.88
603 - Cult Dharampeth,Q-2024-01-01,3.86
605 - Cult Race Course,Q-2024-01-01,3.93
"606 - Cult Gym RDC, Ghaziabad",Q-2024-01-01,3.63
607 - Cult Gym Bellandur,Q-2024-01-01,3.54
608 - Cult Gym HSR,Q-2024-01-01,3.61
61 - Body Zone Gym,Q-2024-01-01,3.59
613 - Cult Alwarpet,Q-2024-01-01,3.91
614 - Cult Gym Gomti Nagar,Q-2024-01-01,3.61
615 - Cult Gym Golf Course Rd,Q-2024-01-01,3.72
616 - Cult Golf Course Rd,Q-2024-01-01,3.9
617 - Cult Gomti Nagar,Q-2024-01-01,3.92
63 - Grapple Fitness,Q-2024-01-01,3.76
64 - Changeover Fitness Studio,Q-2024-01-01,3.76
665 - Fit Dock,Q-2024-01-01,
670 - Elon Fitness,Q-2024-01-01,3.61
672 - Cubbon Park,Q-2024-01-01,3.58
673 - Fitness Craze,Q-2024-01-01,3.84
674 - GymPoint The Fitness Studio,Q-2024-01-01,3.63
675 - Agara Lake,Q-2024-01-01,3.78
677 - Cult Gym Napier Town,Q-2024-01-01,3.8
678 - Cult Napier Town,Q-2024-01-01,3.86
68 - Tiger Gym,Q-2024-01-01,3.65
680 - Cult Gym Vijay Nagar,Q-2024-01-01,3.53
681 - Cult Vijay Nagar,Q-2024-01-01,3.66
685 - Cult Gym Pitampura,Q-2024-01-01,3.69
686 - Cult Gym BTM Layout,Q-2024-01-01,3.55
687 - Cult BTM Layout,Q-2024-01-01,3.86
69 - Universal Gym,Q-2024-01-01,3.74
690 - Gold's Gym (Kalyani Nagar),Q-2024-01-01,3.54
691 - Gold’s Gym Hadapsar,Q-2024-01-01,3.43
692 - Gold's Gym (Dayanand Vihar),Q-2024-01-01,3.77
693 - Cult Mulund West,Q-2024-01-01,3.91
694 - Reshape Fitness,Q-2024-01-01,3.78
"696 - Defence Colony, Indiranagar",Q-2024-01-01,3.95
7 - cure.fit Bangalore,Q-2024-01-01,4
700 - Lalbagh Botanical Garden,Q-2024-01-01,3.87
706 - Absolute Fitness Studio,Q-2024-01-01,3.62
708 - Cult Gym Kukatpally,Q-2024-01-01,3.58
"709 - Bomiso Fitness (Sector 50, Gurgaon)",Q-2024-01-01,3.74
715 - Stark Fitness Studio (Nizampet),Q-2024-01-01,3.59
717 - GKVK,Q-2024-01-01,3.94
720 - Gold's Gym (Lower Parel),Q-2024-01-01,3.73
721 - Gold's Gym (Yelahanka),Q-2024-01-01,3.72
722 - Gold's Gym (Malleshwaram),Q-2024-01-01,3.65
723 - Gold's Gym (Basaveshwar Nagar),Q-2024-01-01,3.47
725 - Gold's Gym (BEL Road),Q-2024-01-01,3.55
726 - Gold's Gym (Janakpuri),Q-2024-01-01,3.63
727 - Shadow Fitness,Q-2024-01-01,3.84
73 - Apple Fitness,Q-2024-01-01,3.6
730 - C3 Fit Klub,Q-2024-01-01,3.63
731 - Fit City,Q-2024-01-01,3.7
732 - Gold's Gym (Powai),Q-2024-01-01,3.76
733 - Gold's Gym (Kalyan Nagar),Q-2024-01-01,3.62
734 - Fit Gym (East Patel Nagar),Q-2024-01-01,3.64
735 - Cult Gym Malviya Nagar,Q-2024-01-01,3.68
736 - Lesiure Valley Park,Q-2024-01-01,
737 - Paschim Vihar District Park,Q-2024-01-01,4
738 - Priya Park,Q-2024-01-01,3.87
740 - Gold's Gym Baner,Q-2024-01-01,3.61
741 - Gold's Gym (Whitefield),Q-2024-01-01,3.61
743 - Gold's Gym (Moshi),Q-2024-01-01,3.68
745 - Gold's Gym (Vijayanagar),Q-2024-01-01,3.63
746 - Muscle Mutant,Q-2024-01-01,3.72
751 - Dare 2 Fit,Q-2024-01-01,3.82
753 - Clout Fitness (Whitefield),Q-2024-01-01,3.72
754 - GymPoint The Fitness Studio (Madhapur),Q-2024-01-01,3.66
760 - Gold's Gym (Kandivali West),Q-2024-01-01,3.8
761 - Cult Greater Noida West,Q-2024-01-01,3.85
764 - Cult Gym Dwarka Sector 12,Q-2024-01-01,3.7
767 - VFitness,Q-2024-01-01,3.75
769 - Cult RDC Ghaziabad,Q-2024-01-01,3.92
77 - Speed Fitness,Q-2024-01-01,3.67
776 - Gold's Gym (Rajahmundry),Q-2024-01-01,3.61
778 - Gold's Gym (Shillong),Q-2024-01-01,3.89
779 - Yashmaxx Fitness,Q-2024-01-01,3.74
780 - Big Box,Q-2024-01-01,3.53
781 - MS Fitness,Q-2024-01-01,3.82
782 - Prime Strength,Q-2024-01-01,3.8
788 - Orca Fitness (Chinchwad),Q-2024-01-01,
789 - Cult Gym KR Puram,Q-2024-01-01,3.67
790 - Cult KR Puram,Q-2024-01-01,3.87
795 - Gold's Gym Bilaspur,Q-2024-01-01,3.4
80 - Technolife Fitness Club,Q-2024-01-01,3.67
801 - Gold's Gym Belgaum,Q-2024-01-01,3.88
81 - Clout Fitness,Q-2024-01-01,4
82 - Stark Fitness Studio,Q-2024-01-01,3.61
826 - Gold's Gym Moradabad,Q-2024-01-01,3.74
827 - Gold's Gym Sangli,Q-2024-01-01,3.6
828 - Gold's Gym Ashiana Nagar,Q-2024-01-01,
83 - Black Vigor (Gaur City),Q-2024-01-01,3.71
830 - Gold's Gym Bareilly,Q-2024-01-01,3.6
832 - Gold's Gym Tumkur,Q-2024-01-01,3.69
833 - Gold's Gym Hesaraghatta Main Road,Q-2024-01-01,3.52
834 - 1Life Fitness,Q-2024-01-01,3.61
836 - LMNT Fitness Club,Q-2024-01-01,3.71
837 - Gold's Gym Greater Kailash,Q-2024-01-01,3.54
839 - F7 Fitness by Prasad Konda (Bolarum),Q-2024-01-01,3.7
84 - Black Vigor,Q-2024-01-01,3.77
843 - Your Life Fitness Gym (Sector 61 Noida),Q-2024-01-01,3.73
85 - F Square Fitness,Q-2024-01-01,3.6
850 - Gold's Gym Civil Lines,Q-2024-01-01,3.49
852 - Gold's Gym Roorkee,Q-2024-01-01,3.66
858 - Gold's Gym Muzaffarpur,Q-2024-01-01,3.69
859 - Gold's Gym Rourkela,Q-2024-01-01,3.63
862 - Cult Goregaon West,Q-2024-01-01,3.91
863 - Cult Borivali West,Q-2024-01-01,3.91
864 - Gold's Gym Mall Road,Q-2024-01-01,3.66
867 - Sehat World (Sector -23),Q-2024-01-01,3.82
868 - Cult Gym Dharampeth,Q-2024-01-01,3.51
869 - Cult Gym Manikonda,Q-2024-01-01,3.62
"870 - Cult Gym Rajajinagar 12th Cross, Mahalaxmi Layout",Q-2024-01-01,3.65
871 - Cult Manikonda,Q-2024-01-01,3.91
"872 - Cult Rajajinagar 12th Cross, Mahalaxmi Layout",Q-2024-01-01,3.81
879 - Stallion Xtreme Fitness,Q-2024-01-01,3.58
88 - Stallion Fitness,Q-2024-01-01,3.68
882 - Sankey Lake,Q-2024-01-01,3.98
883 - Mahadevapura-2 Lake,Q-2024-01-01,3.96
884 - BHEL,Q-2024-01-01,3.96
89 - Meraki Fitness Studio,Q-2024-01-01,3.7
892 - Noida Stadium,Q-2024-01-01,3.92
893 - Conquest Fitness (Kukatpally),Q-2024-01-01,3.78
895 - Tao Devi Lal Park,Q-2024-01-01,3.98
898 - Hennuru Lake,Q-2024-01-01,3.71
902 - Stark Fitness Studio (Madhapur),Q-2024-01-01,3.64
903 - Muscle Maniac (ex.Stark Fitness Studio),Q-2024-01-01,3.48
907 - Next Level Fitness Era,Q-2024-01-01,3.84
908 - Cult Gym Harlur 1st Main,Q-2024-01-01,3.65
911 - Stallion Xtreme Fitness,Q-2024-01-01,3.58
914 - B3 Wellness Studio (Horamavu),Q-2024-01-01,3.62
916 - Play On Fitness (Sarjapur),Q-2024-01-01,3.59
917 - Royal Fitness (MCECHS Layout),Q-2024-01-01,3.6
918 - Cult Gym Chattarpur,Q-2024-01-01,3.61
923 - Deer Park,Q-2024-01-01,4
929 - Cult Gym Kota,Q-2024-01-01,3.61
930 - Cult TFD Koramangala,Q-2024-01-01,3.7
931 - Cult Gym HSR 24th Main,Q-2024-01-01,3.58
933 - Team Core,Q-2024-01-01,3.68
934 - Kasavanahalli Lake,Q-2024-01-01,1.5
937 - Fitso Faridabad Manav Rachna,Q-2024-01-01,3.62
939 - Fitso Sector 43 EAS,Q-2024-01-01,3.75
"940 - Fitso Sector 51, Noida",Q-2024-01-01,3.77
"942 - Fitso Sector 70, Noida",Q-2024-01-01,3.67
944 - Fitso Palam Vihar Swiss Cottage,Q-2024-01-01,3.83
945 - Fitso Sector 51 JNS,Q-2024-01-01,3.76
946 - Fitso Madhapur Pearl,Q-2024-01-01,3.76
948 - Fitso Gachibowli Dolphin,Q-2024-01-01,3.65
95 - Fit Gym,Q-2024-01-01,
"950 - Cult Sector 43 Ambience, Multi Sports",Q-2024-01-01,3.71
952 - Fitso Dwarka DIS Edge,Q-2024-01-01,3.75
953 - Fitso Kondapur Playtime,Q-2024-01-01,3.77
954 - Fitso RK PURAM Swim Paradise,Q-2024-01-01,3.69
958 - Fitso JNS Synthetic Courts,Q-2024-01-01,3.65
96 - Motto Fitness,Q-2024-01-01,3.59
964 - Fitso Sector 55 Unicosmos,Q-2024-01-01,3.82
97 - Forth Fitness,Q-2024-01-01,3.52
973 - Fitso Whitefield Golden Fins,Q-2024-01-01,3.74
976 - Fitso JP Nagar The Sports Club,Q-2024-01-01,3.7
977 - Fitso Panathur PK Sports 2,Q-2024-01-01,3.68
978 - Fitso Panathur PK Sports 1,Q-2024-01-01,3.62
979 - Fitso Koramangala PK Sports,Q-2024-01-01,3.71
980 - Fitso Bannerghatta Rd Fiton,Q-2024-01-01,3.77
988 - BaddyZone HSR,Q-2024-01-01,3.73
997 - Fitso SVIS Dwarka,Q-2024-01-01,3.78
10 - Fuerza Koramangala,Q-2024-04-01,3.41
1001 - Fitso Bellandur Game Theory,Q-2024-04-01,3.64
1008 - Fitness Zone (Hafeezpet),Q-2024-04-01,3.68
101 - Play On Fitness,Q-2024-04-01,3.56
1012 - Fitness Freaks,Q-2024-04-01,3.55
1013 - GymX Prime (Whitefield),Q-2024-04-01,3.6
1014 - Cult Gym Marathahalli,Q-2024-04-01,3.6
1016 - Cloud 9 Fitness,Q-2024-04-01,3.59
1019 - Cult Gym Gachibowli,Q-2024-04-01,3.66
102 - Play On Fitness (defunct),Q-2024-04-01,
1020 - Gold's Gym Aundh,Q-2024-04-01,3.63
1021 - Gold's Gym Lower Parel,Q-2024-04-01,3.85
1023 - Cult Harlur 1st Main,Q-2024-04-01,3.82
1025 - Cult Kalyan Nagar 5th Block,Q-2024-04-01,3.9
1026 - Cult Gym Kalyan Nagar 5th Block,Q-2024-04-01,3.65
1027 - Cult Gym Janakpuri,Q-2024-04-01,3.52
103 - Mani's Core Fit,Q-2024-04-01,3.79
1030 - Cult Gym Siripuram,Q-2024-04-01,3.67
1031 - Cult Gym Prabhadevi,Q-2024-04-01,3.73
1032 - Cult Gym Panchkula Sector 9,Q-2024-04-01,3.78
1033 - Fitmax (Madhapur),Q-2024-04-01,3.42
1034 - Stark Fitness Studio (Bachupally),Q-2024-04-01,3.7
1035 - Glint Fitness Center,Q-2024-04-01,3.54
1036 - Stark Fitness Studio (Sainikpuri),Q-2024-04-01,3.66
1037 - Stark Fitness Studio,Q-2024-04-01,3.48
1038 - Cult Gym Uttarahalli,Q-2024-04-01,3.66
1039 - Cult Gym C Scheme,Q-2024-04-01,3.59
104 - Fitt Lounge,Q-2024-04-01,3.48
1040 - Muscle Junkie (Model Town),Q-2024-04-01,3.69
1041 - Fitso Hennur Agon Sports,Q-2024-04-01,3.69
1042 - Fitso Sector 116 Spuddy,Q-2024-04-01,3.61
1046 - Fitso Whitefield AH Sportstreet,Q-2024-04-01,3.61
1047 - Moments Fitness Hub 1.0,Q-2024-04-01,3.61
1049 - Gympoint The Fitness Studio,Q-2024-04-01,3.65
1050 - Cult Gym Miyapur X Roads,Q-2024-04-01,3.6
1051 - Supergym Prime (Varthur),Q-2024-04-01,3.69
1052 - Cult Uttarahalli,Q-2024-04-01,3.92
1053 - Cult Miyapur X Roads,Q-2024-04-01,3.91
"1054 - Black Vigor (Sector 49, Noida)",Q-2024-04-01,3.53
1055 - Cult Gym Fraser Road,Q-2024-04-01,3.55
1056 - Cult Gym Mahanagar,Q-2024-04-01,3.58
1057 - Cult Mahanagar,Q-2024-04-01,3.81
1059 - G8 Fitness,Q-2024-04-01,3.67
106 - F7 Fitness Exclusive,Q-2024-04-01,3.49
1060 - Cult Fraser Road,Q-2024-04-01,3.86
1061 - Iron Sanctuary,Q-2024-04-01,3.62
"1062 - Cult Gym Universal Trade Tower, Sohna Rd",Q-2024-04-01,3.7
"1063 - Cult Universal Trade Tower, Sohna Rd",Q-2024-04-01,3.9
1064 - Cult Gym OIC Lower Parel,Q-2024-04-01,3.72
1065 - Cult OIC Lower Parel,Q-2024-04-01,3.84
1066 - Muscle Factory,Q-2024-04-01,3.72
1067 - Muscle Factory,Q-2024-04-01,3.79
1068 - Cult Gym Eros Sector 49,Q-2024-04-01,3.71
1069 - Cult Gym Himayatnagar Main(Hyderguda),Q-2024-04-01,3.6
1070 - Cult Gym Madhapur,Q-2024-04-01,3.65
1071 - Cult Gym Indiranagar 6th Main,Q-2024-04-01,3.59
1072 - Cult Gym AECS-Brookfield,Q-2024-04-01,3.57
1073 - Cult Himayatnagar Main,Q-2024-04-01,3.89
1074 - Cult Indiranagar 6th Main,Q-2024-04-01,3.83
1075 - Cult Kota,Q-2024-04-01,3.9
1076 - Cult Gym Mahadevpura,Q-2024-04-01,3.52
1077 - Cult Neo Gym Hoodi,Q-2024-04-01,3.65
1078 - Cult Gym Kundalahalli,Q-2024-04-01,3.52
1079 - GymPoint The Fitness Studio (Malakpet),Q-2024-04-01,3.58
1081 - Pran Fitness,Q-2024-04-01,3.54
1082 - Benefit Arena,Q-2024-04-01,3.72
1083 - Foundry Active (Kaggadasapura),Q-2024-04-01,3.61
1084 - Prince Fitness,Q-2024-04-01,3.77
1085 - Youmania,Q-2024-04-01,3.81
1086 - Youmania,Q-2024-04-01,3.81
1087 - Aarna Fitness (Konanakunte),Q-2024-04-01,3.41
1088 - Brad Fitness,Q-2024-04-01,3.52
109 - Akhil Fitness World,Q-2024-04-01,3.65
1092 - Virtue Fitness,Q-2024-04-01,3.81
1093 - I Lift Fitness (East Of Kailash),Q-2024-04-01,3.65
1094 - Club Fit,Q-2024-04-01,3.59
1095 - Fitness Turf (Kompally),Q-2024-04-01,3.81
1096 - Cult C Scheme,Q-2024-04-01,3.8
1097 - Gold's Gym Jamshedpur,Q-2024-04-01,3.54
1098 - Cult Gym Akshaynagar,Q-2024-04-01,3.64
1099 - Cult Gym Habsiguda(Hybrid),Q-2024-04-01,3.65
11 - Fuerza HSR,Q-2024-04-01,3.52
110 - Fluid,Q-2024-04-01,3.69
1100 - Cult Gym Kondapur,Q-2024-04-01,3.67
1104 - Elite Fitness Club,Q-2024-04-01,3.73
1105 - MP Sports Arena,Q-2024-04-01,3.8
1106 - Fitso Silpa Park Badminton,Q-2024-04-01,3.73
1107 - Fitso Kondapur Playtime Sports,Q-2024-04-01,3.68
1108 - Cult Gym Varthur,Q-2024-04-01,3.7
1109 - Powerr Vibes Gym,Q-2024-04-01,3.81
111 - Fluid,Q-2024-04-01,3.67
"1113 - Fitso Sector 119, Noida",Q-2024-04-01,3.65
1115 - Cult AECS-Brookfield,Q-2024-04-01,3.82
1116 - Cult Gym Budigere Cross,Q-2024-04-01,3.73
1117 - Cult Budigere Cross,Q-2024-04-01,3.92
1118 - Cult Gym Sion,Q-2024-04-01,3.77
1119 - Cult Sion,Q-2024-04-01,3.85
1120 - Cult Gym Siliguri,Q-2024-04-01,3.82
1123 - Cult Varthur,Q-2024-04-01,3.85
1125 - Cult Siliguri,Q-2024-04-01,3.98
1126 - Gold's Gym Banashankari,Q-2024-04-01,3.69
1127 - Gold's Gym NIBM,Q-2024-04-01,3.64
1128 - B3 Wellness Studio (JP Nagar),Q-2024-04-01,3.55
1129 - Fitness First Platinum Crest Mukta,Q-2024-04-01,3.55
113 - Fitness Ministry,Q-2024-04-01,3.52
1130 - Cult Gym Paschim Vihar - Rohtak Rd,Q-2024-04-01,3.69
1131 - Cult Paschim Vihar - Rohtak Rd,Q-2024-04-01,3.93
1132 - Revive Fitness,Q-2024-04-01,3.67
1133 - Step Up Fitness (Vile Parle East),Q-2024-04-01,3.74
1136 - Fit Gym Reloaded,Q-2024-04-01,3.67
1137 - IGNYT Gym (Paschim Vihar),Q-2024-04-01,3.76
1138 - Cult Gym Nallagandla - Huda,Q-2024-04-01,3.6
1139 - Cult Nallagandla - Huda,Q-2024-04-01,3.9
"114 - Cult Thane, Ghodbunder Road",Q-2024-04-01,3.91
1140 - Cult Gym Panathur,Q-2024-04-01,3.55
1141 - Cult Panathur,Q-2024-04-01,3.83
1142 - Cult Gym Patia,Q-2024-04-01,3.73
1143 - Cult Patia,Q-2024-04-01,3.93
1144 - Cult Gym Bommanahalli,Q-2024-04-01,3.65
1145 - Cult Bommanahalli,Q-2024-04-01,3.86
1146 - Reveal Fitness,Q-2024-04-01,3.78
1147 - HRX Gym JP Nagar,Q-2024-04-01,3.56
1148 - HRX Gym AS Rao Nagar,Q-2024-04-01,3.67
1149 - Cult Gym Nagarbhavi,Q-2024-04-01,3.62
115 - Cult Indiranagar,Q-2024-04-01,3.85
1150 - Cult Nagarbhavi,Q-2024-04-01,3.85
1151 - Fitso DPSG Palam Vihar,Q-2024-04-01,3.7
1152 - Fitso Thubarahalli MKR Sports Arena,Q-2024-04-01,3.66
1153 - Modest Gainz,Q-2024-04-01,3.69
1156 - Fitso E-City Nova Sports,Q-2024-04-01,3.74
1157 - Cult Gym Vyapar Kendra,Q-2024-04-01,3.59
1158 - Cult Vyapar Kendra,Q-2024-04-01,3.86
1159 - HRX Gym Kothapet,Q-2024-04-01,3.47
116 - Cult JP Nagar,Q-2024-04-01,3.84
1162 - Fitso Mahadevapura Play Plus,Q-2024-04-01,3.63
1163 - Fitso Ramamurthy Nagar Sport Fit,Q-2024-04-01,3.71
1166 - Iron Fist (Moosapet),Q-2024-04-01,3.7
1167 - Millennium Fitness Club (Banjara Hills),Q-2024-04-01,3.62
1169 - Gold's Gym (Bandra),Q-2024-04-01,3.75
117 - Cult HSR 19th Main,Q-2024-04-01,3.84
1171 - Gold's Gym (Raj Nagar Extension),Q-2024-04-01,3.54
1172 - Cult Gym Whitefield Main Rd,Q-2024-04-01,3.55
1173 - Reset Kormangla,Q-2024-04-01,4
1175 - Waves Gym,Q-2024-04-01,
1176 - Cult Gym Kasavanahalli,Q-2024-04-01,3.62
1178 - Cult Gym Thanisandra,Q-2024-04-01,3.58
"1179 - Fitnest Prime, Prashant Vihar",Q-2024-04-01,3.63
118 - Cult Sarjapur,Q-2024-04-01,3.85
1180 - Cult Gym Gurgaon Sec-56,Q-2024-04-01,3.57
1182 - Burn And Build,Q-2024-04-01,3.55
1185 - Cult Thanisandra,Q-2024-04-01,3.77
1186 - Cult Kasavanahalli,Q-2024-04-01,3.85
1187 - Cult Gurgaon Sec-56,Q-2024-04-01,3.89
1188 - Fitso Karmanghat One All,Q-2024-04-01,3.86
1189 - Vogue Health Club (JP Nagar),Q-2024-04-01,3.67
119 - Cult Bellandur,Q-2024-04-01,3.84
1190 - Laps Swimming Academy,Q-2024-04-01,4
1191 - Cult Gym Neeladri Road ECity,Q-2024-04-01,3.61
1192 - Cult Neeladri Road ECity,Q-2024-04-01,3.77
1194 - New Supergym Prime (Hoodi),Q-2024-04-01,3.7
1195 - Speed Fitness (Bandlaguda),Q-2024-04-01,3.54
1196 - Raptor Fitness (Gachibowli),Q-2024-04-01,3.62
1199 - Nice And Easy Fitness Center,Q-2024-04-01,4
120 - Cult Koramangala 80ft Rd,Q-2024-04-01,3.84
1201 - Cult Gym Attapur,Q-2024-04-01,3.6
1202 - Cult Gym Company Bagh,Q-2024-04-01,3.76
1203 - Cult Attapur,Q-2024-04-01,3.94
1206 - Cult Company Bagh,Q-2024-04-01,3.89
1207 - Elgis Fitness Gym,Q-2024-04-01,3.65
1209 - SmartFlex Fitness,Q-2024-04-01,
121 - Cult Tribe Indiranagar,Q-2024-04-01,3.84
1210 - Fitness Ace,Q-2024-04-01,
1212 - JS Fitness Studio Gym,Q-2024-04-01,
1213 - Ista Wellness and Fitness,Q-2024-04-01,4
1215 - I5 Fitness,Q-2024-04-01,3.75
1216 - Kube 9 Fitness,Q-2024-04-01,4
1217 - Oneup Fitness,Q-2024-04-01,
1218 - Rewind Fitness,Q-2024-04-01,
1220 - All Time Fitness Sector 14,Q-2024-04-01,3.4
1221 - Plus Fitness 24*7 Mazgaon,Q-2024-04-01,
1222 - Plus Fitness 24*7 Mumbai Central,Q-2024-04-01,3.67
1224 - Fitness Yard,Q-2024-04-01,
1227 - Body Morph Gym - Krishnarajapura,Q-2024-04-01,
1228 - Global Wings Fitness - Kalyan Nagar,Q-2024-04-01,4
123 - Cult Whitefield,Q-2024-04-01,3.88
1236 - Muscular Aptitude,Q-2024-04-01,3
1238 - Sykz Gym,Q-2024-04-01,
1239 - Squat Fit Gym,Q-2024-04-01,
1240 - Midtown Fitness,Q-2024-04-01,3
1241 - Reebok CrossFit,Q-2024-04-01,2.67
1243 - Iron Paradise Gym,Q-2024-04-01,
1248 - Mumbai Fitness Club,Q-2024-04-01,
125 - Cult Koramangala Bethany,Q-2024-04-01,
1250 - Elixir Gym,Q-2024-04-01,
1252 - People's Gym,Q-2024-04-01,3.75
1253 - Jupito Fitness,Q-2024-04-01,4
1256 - OTwo Gym N Spa,Q-2024-04-01,3.94
1257 - Plej Fitness - Electronic City,Q-2024-04-01,4
1258 - IFitness HSR Layout,Q-2024-04-01,3.5
1261 - Intensity Fitness Center,Q-2024-04-01,
1263 - All Time Fitness (Previously Aimfit Gym),Q-2024-04-01,3.67
1264 - Green Fitness Studio 24x7 - Electronic City,Q-2024-04-01,4
1268 - Poundd Fitness,Q-2024-04-01,3.83
1269 - Gravitaz Fit Feels Great,Q-2024-04-01,3.57
1270 - Raw Fitness,Q-2024-04-01,4
1271 - Gravitaz,Q-2024-04-01,3.95
1272 - Ultrex Recreational Club,Q-2024-04-01,4
1273 - 300 Fitness,Q-2024-04-01,3.75
1275 - Ramagya Sports Academy,Q-2024-04-01,3.81
1276 - S3 Fitness Zone,Q-2024-04-01,4
1277 - Anytime Fitness Shahdara,Q-2024-04-01,3.87
1278 - CrossFit The Fitness Garage,Q-2024-04-01,3
1279 - Body Beast Gym,Q-2024-04-01,4
1284 - Hard Corp Gym,Q-2024-04-01,4
1287 - Fitness Factory Andheri,Q-2024-04-01,4
1288 - OxyGym,Q-2024-04-01,
"129 - Cult Whitefield, Shantiniketan",Q-2024-04-01,3.87
1290 - Fighting Choice Sector 51,Q-2024-04-01,
1291 - Moltom The Fitness Lounge,Q-2024-04-01,3
1293 - Fitness 9 Secunderabad,Q-2024-04-01,4
1298 - Your Fitness Marol,Q-2024-04-01,
13 - GymX,Q-2024-04-01,3.51
1300 - V2 Fitness Zone,Q-2024-04-01,
1302 - Cross Hammer Fitness,Q-2024-04-01,1.8
1303 - Tribe Fitness Versova,Q-2024-04-01,3.5
1304 - The Krunch Fitness,Q-2024-04-01,
1309 - The Gym Health Planet Sector 30,Q-2024-04-01,3.96
1310 - Moments Fitness Hub 4.0,Q-2024-04-01,3.63
1311 - The Royal Fitness Club,Q-2024-04-01,3.66
1313 - Skale Fitness - Avadi,Q-2024-04-01,4
1314 - Aesthetics Fitness By ADS,Q-2024-04-01,3.88
1317 - Skale Fitness - Collector Nagar,Q-2024-04-01,3.64
1318 - Skale Fitness - Anna Nagar,Q-2024-04-01,3.09
"1320 - Cult Gym Fitnest Prime, Vasant Kunj",Q-2024-04-01,3.55
1324 - The Wellness Club Gym Janakpuri,Q-2024-04-01,2.5
1325 - Skale Fitness - Nolambur,Q-2024-04-01,4
1328 - Skale Fitness - Perambur II,Q-2024-04-01,3.5
1329 - The Gym Health Planet Rohini,Q-2024-04-01,4
1331 - Muscle Makeup,Q-2024-04-01,3.78
1332 - Pink Fitness - Ganapathy,Q-2024-04-01,
134 - Cult Mahadevapura,Q-2024-04-01,3.86
1340 - Fitness Point Swimming Academy Sector 56,Q-2024-04-01,3.81
1347 - Physique First Gym And Spa,Q-2024-04-01,4
135 - Cult Malleshwaram,Q-2024-04-01,3.87
1351 - Nitrro Refining Fitness,Q-2024-04-01,3.94
1354 - HYPE The Gym South City 1,Q-2024-04-01,3.5
1355 - Hustle Gym,Q-2024-04-01,3.61
1357 - Gold's Gym Bavdhan,Q-2024-04-01,4
1358 - MD Fitness,Q-2024-04-01,3
1359 - Fitness Battalion,Q-2024-04-01,4
1360 - Body Mechanic Gym,Q-2024-04-01,4
1361 - Kuber Fitness club,Q-2024-04-01,
1362 - Fitness & Conditioning Club,Q-2024-04-01,4
1363 - Maximus Your Fitness Zone,Q-2024-04-01,3.71
1364 - Mesomorph The Gym,Q-2024-04-01,
1367 - 10 Gym Malad,Q-2024-04-01,3.77
1368 - Yogic Panacea Studio,Q-2024-04-01,4
1369 - 10 Gym Dadar,Q-2024-04-01,3.5
1370 - ETG The Gym Nirman Vihar,Q-2024-04-01,4
1371 - Tip Tapp N Toe,Q-2024-04-01,4
1373 - Global Fitness Hub,Q-2024-04-01,
1376 - The Wellness Club Express Paschim Vihar,Q-2024-04-01,
138 - Cult Jayanagar,Q-2024-04-01,3.85
1380 - Chisel Punjabi Bagh,Q-2024-04-01,
1381 - Crossfit Yard,Q-2024-04-01,4
1382 - Red Rocks Gym And Spa,Q-2024-04-01,4
1383 - Gold's Gym Wakad,Q-2024-04-01,
1386 - Anytime Fitness Vikaspuri,Q-2024-04-01,3.84
1387 - Squat 2 Fit Unisex Gym,Q-2024-04-01,4
1388 - WaterWorld Aquatic Club - Kapila Resort,Q-2024-04-01,4
1389 - Corban Fitness,Q-2024-04-01,4
139 - Cult Basaveshwar Nagar,Q-2024-04-01,3.9
1391 - Gym City,Q-2024-04-01,
1392 - WaterWorld - Kothari International School,Q-2024-04-01,
1397 - Plus Fitness 24*7 South Bopal,Q-2024-04-01,3.68
1398 - Plus Fitness 24*7 Science City,Q-2024-04-01,4
1399 - Plus Fitness 24*7 Memnagar,Q-2024-04-01,
1400 - Plus Fitness 24*7 Bodakdev,Q-2024-04-01,3.11
1401 - Hyatt Pune,Q-2024-04-01,3.82
1406 - Briofit,Q-2024-04-01,3.5
1407 - Abs fitness and wellness club,Q-2024-04-01,
1408 - Tone It Right Fitness,Q-2024-04-01,
1424 - Shark Fitness (Secunderabad),Q-2024-04-01,3.66
1425 - Coreflex Pilates Studio,Q-2024-04-01,4
1427 - KL-27 Gym,Q-2024-04-01,4
1429 - Workout Wonders WOW,Q-2024-04-01,
143 - Cult RMV 2nd Stage (Deprecated),Q-2024-04-01,3.86
"1430 - Cult Gym Thane, Ghodbunder Road",Q-2024-04-01,3.8
1433 - Shred And Tone Gym,Q-2024-04-01,3.71
1434 - 93 Cross Fitness Gym and Spa Sector 82,Q-2024-04-01,2.83
1437 - Fluid Active Fitness Lajpat Nagar,Q-2024-04-01,4
1439 - Fitt Lounge Gym (By Passerine-Anand Niketan Club),Q-2024-04-01,
144 - Cult Electronic City,Q-2024-04-01,3.85
1440 - Physio Active Pro Fitness Charni Road,Q-2024-04-01,3.83
1441 - Physio Active Pro Fitness Grant Road,Q-2024-04-01,
1447 - Fitness 1 Club Unisex Gym,Q-2024-04-01,4
1448 - AS Fitness Factory,Q-2024-04-01,
1450 - 93 Cross Fitness Gym and Spa Sector 91,Q-2024-04-01,
1451 - Gold's Gym (Breach Candy),Q-2024-04-01,3.63
1452 - Evolve Fitness Ghatkopar,Q-2024-04-01,
1453 - Cult Gym Paschim Vihar - B Block,Q-2024-04-01,3.61
1454 - Cult Paschim Vihar - B Block,Q-2024-04-01,3.83
1456 - Forever Knight Fitness,Q-2024-04-01,4
1461 - Drona The Fitness Gurukul (Chandra Layout),Q-2024-04-01,3.66
1462 - The Fitness Pro,Q-2024-04-01,
1463 - Fitness Pro Elite,Q-2024-04-01,4
1466 - Da Lyfstyle Fitness,Q-2024-04-01,3.75
1470 - Cult Gym Shaikpet,Q-2024-04-01,3.54
1471 - Cult Shaikpet,Q-2024-04-01,3.88
1472 - Cult Gym Hennur,Q-2024-04-01,3.69
"1473 - Cult Gym Thubarahalli, BEML Layout",Q-2024-04-01,3.65
1475 - Cult Hennur,Q-2024-04-01,3.85
"1476 - Cult Thubarahalli, BEML Layout",Q-2024-04-01,3.86
1480 - Global Fitness,Q-2024-04-01,3.67
1481 - Physique Complete Fitness Studio,Q-2024-04-01,
1482 - AK Fitness,Q-2024-04-01,3
1484 - Amritam Yoga Foundation,Q-2024-04-01,4
"1486 - Gold's Gym (Kandivali East, Thakur Mall)",Q-2024-04-01,3.72
149 - Cult Hauz Khas,Q-2024-04-01,3.89
1493 - Fit Hardy Club,Q-2024-04-01,4
1495 - Dark Sweat Health Club,Q-2024-04-01,3.8
1496 - Battle Fit Gym (Sarvodaya Enclave),Q-2024-04-01,3.69
1497 - Cult Gym Kompally,Q-2024-04-01,3.83
1498 - Cult Gym Model Town,Q-2024-04-01,3.7
1499 - Cult Gym Dilsukhnagar,Q-2024-04-01,3.67
15 - GymX Marathahalli,Q-2024-04-01,3.56
1500 - Cult Gym Preet Vihar,Q-2024-04-01,3.65
1501 - Cult Gym Hoodi Main,Q-2024-04-01,3.71
"1502 - Cult Gym Whitefield, Shantiniketan",Q-2024-04-01,3.77
1503 - Cult Gym Koramangala 80 Ft Road,Q-2024-04-01,3.63
1505 - Fitness Cafe 365,Q-2024-04-01,4
1508 - Posh Fitness,Q-2024-04-01,
1510 - Fitamaze Gym And Fitness Centre,Q-2024-04-01,
1513 - AthaYog Living,Q-2024-04-01,
1515 - Cult Gym Gachibowli - Indira Nagar,Q-2024-04-01,3.69
1516 - Body Temple Gym,Q-2024-04-01,
1517 - Hype The Gym Sector 10,Q-2024-04-01,
152 - Cult Banashankari,Q-2024-04-01,3.86
1520 - Stepon Fitness Center,Q-2024-04-01,3
1521 - Fitnessize,Q-2024-04-01,4
1522 - Gym Beats Club,Q-2024-04-01,4
1523 - Skale Fitness - Chinmaya Nagar,Q-2024-04-01,
1526 - HY Dance Studio,Q-2024-04-01,4
1529 - Muscletech Fitness,Q-2024-04-01,4
1531 - Raptor Fitness,Q-2024-04-01,3.56
1537 - Revive Fitness Solutions,Q-2024-04-01,
154 - Cult JP Nagar 7th Phase,Q-2024-04-01,3.86
1541 - Ovalnet Badminton Academy,Q-2024-04-01,3.8
1542 - Ninja Fitness,Q-2024-04-01,
1543 - Reforma Fitness Center,Q-2024-04-01,
1544 - Fitness Legacy,Q-2024-04-01,3.57
1546 - Foundry Active (Kaggadasapura) - GX,Q-2024-04-01,3.72
1548 - Healthy Vibes Fitness Centre,Q-2024-04-01,3.5
1549 - Fit 360 Chintalkunta,Q-2024-04-01,3.5
155 - Cult Harlur (deprecated),Q-2024-04-01,3.87
1551 - Fit 360 Nagole,Q-2024-04-01,4
1552 - Built Fitness,Q-2024-04-01,
"1553 - Cult Gym Rajouri Garden, Z Block",Q-2024-04-01,3.57
"1554 - Cult Rajouri Garden, Z Block",Q-2024-04-01,3.92
1557 - Gym Spirit,Q-2024-04-01,
1558 - Fitness Fast Jubilee Hills,Q-2024-04-01,
156 - Cult Sahakar Nagar,Q-2024-04-01,3.89
1560 - The Core Fit Gym,Q-2024-04-01,3.52
1563 - The Park Bangalore,Q-2024-04-01,3.25
1566 - Studio 19,Q-2024-04-01,3.5
1569 - Tap Out,Q-2024-04-01,4
157 - Cult Marathahalli,Q-2024-04-01,3.82
1573 - Zest Fitness Studio - Electronics City,Q-2024-04-01,3.5
1579 - Revive 360 Degree,Q-2024-04-01,
1586 - Volt Fitness Studio (Begumpet),Q-2024-04-01,3.6
1587 - Fitdeh Fitness Gym,Q-2024-04-01,3.43
159 - Cult Yelahanka,Q-2024-04-01,3.92
1596 - O2 Health Studio Okkiyam - Thuraipakkam,Q-2024-04-01,3.86
1598 - V2 Health Studio,Q-2024-04-01,3.27
1599 - Virtu Fitness- Madipakkam,Q-2024-04-01,3.52
160 - Cult Bannerghatta Main Rd,Q-2024-04-01,3.91
161 - Cult RR Nagar,Q-2024-04-01,3.87
1615 - Lead Fitness,Q-2024-04-01,3.81
1616 - C3 Fitness- Royapuram,Q-2024-04-01,3.71
1617 - C3 Fitness- MKB Nagar,Q-2024-04-01,4
162 - Cult Kannamangala,Q-2024-04-01,3.89
1627 - R Fitness Center - Uppal,Q-2024-04-01,4
163 - Cult RT Nagar (deprecated),Q-2024-04-01,3.84
"1631 - Cult Gym Rohini, Sector 11",Q-2024-04-01,3.48
"1632 - Cult Gym Tulip Chowk, Sector 69",Q-2024-04-01,3.63
1634 - Cult Gym Thanisandra (Near Bhartiya City),Q-2024-04-01,3.67
"1635 - Cult Gym Srinivasapura, RR Nagar",Q-2024-04-01,3.71
1638 - Dancend,Q-2024-04-01,
"1639 - Cult Rohini, Sector 11",Q-2024-04-01,3.93
"1640 - Cult Tulip Chowk, Sector 69",Q-2024-04-01,3.91
1644 - Cult Thanisandra (Near Bhartiya City),Q-2024-04-01,3.85
"1645 - Cult Srinivasapura, RR Nagar",Q-2024-04-01,3.91
1648 - Fusion Fitness - Aliganj,Q-2024-04-01,
1655 - SR Indoor Swimming Pool Miyapur,Q-2024-04-01,3
1661 - Cult South Extension,Q-2024-04-01,3.67
1662 - Emerge,Q-2024-04-01,
1669 - Burn Out Elite Unisex Fitness Studio - Kolathur,Q-2024-04-01,3.8
167 - Cult Banjara Hills,Q-2024-04-01,3.88
1670 - B2W-BORN To Win Unisex Health And Fitness Studio,Q-2024-04-01,
1676 - Gold's Gym (Eco World Bellandur),Q-2024-04-01,3.77
1677 - Cult.Play JP Nagar The BigBox,Q-2024-04-01,3.67
1678 - Pump Nation Fitness,Q-2024-04-01,
168 - Cult Kondapur,Q-2024-04-01,3.87
1681 - Body Scientist Gym,Q-2024-04-01,3.67
"1684 - Cult Fitnest Prime, Prashant Vihar",Q-2024-04-01,3.9
1692 - Vibe Fitness Studio (Kompally),Q-2024-04-01,3.77
1696 - Rudebox,Q-2024-04-01,
1697 - Raptor Fitness,Q-2024-04-01,3.59
1698 - F99 Fit (Pragathi Nagar),Q-2024-04-01,3.78
17 - 121 Premium Fitness Studio,Q-2024-04-01,4
170 - Cult Kukatpally,Q-2024-04-01,3.88
171 - Cult Vasant Kunj,Q-2024-04-01,3.9
1712 - Cult Gym Bahu Plaza Main,Q-2024-04-01,3.72
1717 - Cult Bahu Plaza Main,Q-2024-04-01,3.81
172 - Cult Gachibowli,Q-2024-04-01,3.87
1720 - Ride Studio Bandra,Q-2024-04-01,4
1723 - Fun and Fit Pvt Ltd Dombivali East,Q-2024-04-01,
1732 - Gold's Gym (Sarjapur),Q-2024-04-01,3.85
1735 - My Gym New Panvel,Q-2024-04-01,
174 - Cult Rajouri Garden,Q-2024-04-01,3.91
1758 - 10 The Health Spa - Bandra West,Q-2024-04-01,4
1760 - Patels Gym,Q-2024-04-01,
1762 - Fitness Art,Q-2024-04-01,2
1771 - Pavillion Fitness,Q-2024-04-01,
1772 - LC Fitness Club,Q-2024-04-01,4
1774 - Khalsa Gym,Q-2024-04-01,4
1776 - Crunch Fitness Club,Q-2024-04-01,4
1789 - HighFit Fitness Balewadi,Q-2024-04-01,
1791 - Elite Fit Katraj,Q-2024-04-01,
1794 - Physc Gym-Talegoan,Q-2024-04-01,
1797 - Physc Gym-Hadapsar,Q-2024-04-01,4
18 - Fit 24,Q-2024-04-01,3.61
1801 - DNA Fitness,Q-2024-04-01,
1802 - Physc Gym-Pimpri,Q-2024-04-01,4
1805 - Fusion Fitness Academy,Q-2024-04-01,
1809 - Warrior Gym,Q-2024-04-01,3.92
1812 - Cult Gym Lokhandwala,Q-2024-04-01,3.79
1815 - Urbounce Fitness,Q-2024-04-01,
182 - Cult Basavanagudi,Q-2024-04-01,3.87
1822 - Planet health Center,Q-2024-04-01,4
1825 - Rebound Wellness,Q-2024-04-01,4
1829 - Luxury Akhada Punjabi Bagh,Q-2024-04-01,
183 - Cult Chandra Layout Maruthi Nagar,Q-2024-04-01,3.88
1830 - Boss Fitness - Vinayagapuram,Q-2024-04-01,2.67
1831 - Boss Fitness - TVS Nagar,Q-2024-04-01,2
1833 - Boss Fitness -  Keeranatham,Q-2024-04-01,3.38
1835 - Boss Fitness -  Vadavalli,Q-2024-04-01,3.5
184 - Cult Begumpet,Q-2024-04-01,3.88
1840 - Cult Gym Mittal's City Mall Bathinda,Q-2024-04-01,3.7
1844 - Five The Fitness Hive,Q-2024-04-01,3.61
1845 - Luxury Akhada Vikaspuri,Q-2024-04-01,3.33
1848 - Iconic Fitness,Q-2024-04-01,
1849 - Physc Gym- Bhosari,Q-2024-04-01,
1850 - Cult Gym Banjara Hills,Q-2024-04-01,3.68
1851 - Swimlife-Cult.Play-Museum Road,Q-2024-04-01,3.62
1852 - HRX Gym RR Nagar,Q-2024-04-01,3.62
1854 - The Bodyline Gym Sector 55,Q-2024-04-01,4
1855 - Luxury Akhada Ashok Vihar,Q-2024-04-01,1
1856 - Aura Gymz,Q-2024-04-01,3
1860 - Xumo Fitness,Q-2024-04-01,
1866 - Anytime Fitness Punjabi Bagh,Q-2024-04-01,4
1867 - Anytime Fitness Palam Vihar,Q-2024-04-01,3.9
1868 - Anytime Fitness Vishal Enclave,Q-2024-04-01,3.5
1869 - Anytime Fitness Rajouri Garden,Q-2024-04-01,4
1871 - Cult Gachibowli - Indira Nagar,Q-2024-04-01,3.89
1872 - Cult Gym BTM 2nd Stage,Q-2024-04-01,3.41
1877 - Cult Mittal's City Mall Bathinda,Q-2024-04-01,3.96
1893 - Sehat World,Q-2024-04-01,
1896 - Daybreakers X Wellness Gym,Q-2024-04-01,
1898 - Delhi Combat MMA And Crossfit,Q-2024-04-01,
1899 - Fighting Choice Sector 141,Q-2024-04-01,
1902 - Raw Crossfit,Q-2024-04-01,4
1903 - Callipygian Gym,Q-2024-04-01,
191 - Cult Janakpuri,Q-2024-04-01,3.92
192 - Cult Patel Nagar,Q-2024-04-01,3.95
1922 - Evolve Fitness Airoli,Q-2024-04-01,
1929 - Perfect Strength Fitness Club,Q-2024-04-01,
193 - Cult Kalyan Nagar,Q-2024-04-01,3.85
1930 - Bodh CrossFit,Q-2024-04-01,4
1931 - Gold's Gym Mulund West,Q-2024-04-01,3.38
1932 - Cult Elpro Mall-PCMC,Q-2024-04-01,3.89
1933 - Achiever Gym,Q-2024-04-01,4
1934 - FIT I'M GYM,Q-2024-04-01,4
1935 - BodyCult Gym,Q-2024-04-01,
1937 - Anand Fitness Vision,Q-2024-04-01,
194 - Cult Botanical Garden Rd,Q-2024-04-01,3.87
1940 - Rigid Fitness,Q-2024-04-01,
1943 - Activ8 Studio - Juhu,Q-2024-04-01,
1950 - Third Eye Fitness,Q-2024-04-01,3.75
1952 - Anytime Fitness Navrangpura,Q-2024-04-01,4
1953 - Colosseum Gym,Q-2024-04-01,
1962 - Cult Gym Hesarghatta Road,Q-2024-04-01,3.67
1963 - Mobb Gym,Q-2024-04-01,4
1964 - Alpha Body Works,Q-2024-04-01,
1967 - Cult Hesaraghatta Road,Q-2024-04-01,3.91
1968 - Cult Gym Hennur Gardens (earlier Kothanur),Q-2024-04-01,3.8
1969 - Cult Gym Sarjapur - Dommasandra,Q-2024-04-01,3.76
1970 - Cult Sarjapur - Dommasandra,Q-2024-04-01,3.88
"1971 - Cult Gym HRBR Layout, Banaswadi",Q-2024-04-01,3.63
"1972 - Cult HRBR Layout, Banaswadi",Q-2024-04-01,3.82
1973 - Fit Circle Community,Q-2024-04-01,4
1975 - Component Fitness Janakpuri,Q-2024-04-01,3.66
1978 - O2 Gym,Q-2024-04-01,4
1979 - Shred Fitness,Q-2024-04-01,3.53
1985 - Divine Fitness,Q-2024-04-01,3.63
1987 - Fit Lifez - Kukatpally,Q-2024-04-01,
1989 - RDX Arena Pro (Ex: Meraki Fitness Studio (Sec - 122)),Q-2024-04-01,3.4
1991 - Cult Gym Lower Parel,Q-2024-04-01,3.73
1992 - Cult Lower Parel,Q-2024-04-01,3.88
1995 - L7 Fitness Studio (Ex Commando Fitness),Q-2024-04-01,3.58
1996 - Cult Gym Chembur,Q-2024-04-01,3.84
1997 - Cult Hennur Gardens (earlier Kothanur),Q-2024-04-01,3.89
1999 - Cult Gym Puppalaguda,Q-2024-04-01,3.7
20 - Moments Fitness Hub 2.0,Q-2024-04-01,3.63
200 - Cult Madinaguda,Q-2024-04-01,3.9
2000 - Pro Addicts Fitness and Gym,Q-2024-04-01,
2002 - Leeroy Fitness,Q-2024-04-01,
2005 - Cult Gym RR Nagar Ideal Homes Layout,Q-2024-04-01,3.71
2006 - Cult Gym Banashankari 3rd Stage,Q-2024-04-01,3.69
2007 - Cult Banashankari 3rd Stage,Q-2024-04-01,3.85
2008 - Cult Puppalaguda,Q-2024-04-01,3.9
201 - Cult Pitampura,Q-2024-04-01,3.87
2011 - Fitness Xpress Greater Noida,Q-2024-04-01,
2014 - Body Sculpt - The Personal Training Studio,Q-2024-04-01,
2015 - R Fitness - Boduppal,Q-2024-04-01,
2017 - Infiniti Fitness - Rethibowli,Q-2024-04-01,
2018 - Cult Gym Vijayanagar,Q-2024-04-01,3.58
"2019 - Cult Gym Wave One, Sec-18",Q-2024-04-01,3.79
202 - Cult Whitefield Hopefarm,Q-2024-04-01,3.84
2020 - Cult Vijayanagar,Q-2024-04-01,3.82
"2021 - Cult Wave One, Sec-18",Q-2024-04-01,3.84
2023 - GymX Fitness Redefined (HBR Layout),Q-2024-04-01,3.63
203 - Cult Frazer Town,Q-2024-04-01,3.83
2030 - Area 61,Q-2024-04-01,4
2037 - Fit24 - Uttarahalli,Q-2024-04-01,4
2041 - Elevate Wellness Club Sector 32,Q-2024-04-01,4
2046 - Quadz Fitness - Rajajinagar 1st Block,Q-2024-04-01,3
2048 - Quadz Fitness - Mahalakshmilayout,Q-2024-04-01,2
2051 - Figure Factory Gym,Q-2024-04-01,
2053 - A2B Fitness Club,Q-2024-04-01,
2054 - The Fit Tribe,Q-2024-04-01,4
2058 - Fitness Warehouse Pitampura,Q-2024-04-01,
2060 - City Point Fitness,Q-2024-04-01,
2064 - Slam Fitness - Gerugambakkam,Q-2024-04-01,3.5
2065 - Slam Fitness - Kattupakkam,Q-2024-04-01,3.38
2067 - Slam Fitness - Ambattur,Q-2024-04-01,4
2069 - Nitrro Wellness and Fitness Hub Kothrud,Q-2024-04-01,2.5
208 - Cult Model Town,Q-2024-04-01,3.87
2080 - 4 Fitness Gym,Q-2024-04-01,
2083 - All Time Fitness,Q-2024-04-01,3.7
2084 - NMOD Fitness Club,Q-2024-04-01,3.64
2089 - Cult.Play Kanakpura Rd Eagle Nest Sports Academy,Q-2024-04-01,3.66
2094 - Trident Fitness Studio (Vidyaranyapura),Q-2024-04-01,3.66
21 - Zest Fitness,Q-2024-04-01,3.49
2100 - Cult Gym Station Road,Q-2024-04-01,3.59
2102 - Hybrid Gym,Q-2024-04-01,
2104 - Laps Swimming Academy - Nagasandra,Q-2024-04-01,4
2105 - Abrahams Cardio Gym,Q-2024-04-01,
2108 - Cult Gym Dayanand Vihar,Q-2024-04-01,3.47
2109 - Cult Dayanand Vihar,Q-2024-04-01,3.8
2110 - Urban-Fit Thergaon,Q-2024-04-01,
2111 - Metrocity Sports and Health Club,Q-2024-04-01,
2117 - Kosmos Gym Chembur,Q-2024-04-01,
2119 - Elite Built Fitness,Q-2024-04-01,
212 - Cult Sarjapur Doddakannalli,Q-2024-04-01,3.86
2121 - AS Fitness Airoli,Q-2024-04-01,
2127 - Evolution Fitness Thane,Q-2024-04-01,
213 - Cult Rajajinagar,Q-2024-04-01,3.89
2137 - Cult Gym Tilak Nagar,Q-2024-04-01,3.5
2138 - Cult Tilak Nagar,Q-2024-04-01,3.88
2139 - Creed Culture GYM,Q-2024-04-01,4
2142 - Airborne Aerial Fitness - Lower Parel,Q-2024-04-01,4
2147 - Vibes Fitness Gym DLF Phase 3,Q-2024-04-01,3.92
2149 - Rudram Yogshala,Q-2024-04-01,
2150 - Varun Fitness Centre,Q-2024-04-01,4
2151 - Cult Gym Ghatkopar,Q-2024-04-01,3.67
2152 - Cult Ghatkopar,Q-2024-04-01,3.87
216 - Cult Eros Sector 49,Q-2024-04-01,3.91
219 - Cult Madhapur,Q-2024-04-01,3.86
221 - Cult South Extension (deprecated),Q-2024-04-01,3.9
2216 - Dynamic Fitness Studio,Q-2024-04-01,3.69
2220 - Leon Maestro De Fitness,Q-2024-04-01,
2223 - Her Fitness Punjabi Bagh,Q-2024-04-01,
2224 - Her Fitness Prashant Vihar,Q-2024-04-01,3
2225 - Her Fitness Vikaspuri,Q-2024-04-01,
2228 - Cult Kondapur (Raghavendra Colony),Q-2024-04-01,3.84
2232 - Cult Gym Nirlon Knowledge Park (Employees Only),Q-2024-04-01,3.72
2233 - Cult Gym Kanakpura,Q-2024-04-01,3.71
2234 - Cult Gym Kaggadasapura,Q-2024-04-01,3.59
2235 - Cult Kaggadasapura,Q-2024-04-01,3.83
2239 - Plej Fitness - Jayanagar,Q-2024-04-01,4
224 - Cult Hiranandani Gardens,Q-2024-04-01,3.93
2241 - Multifit Aundh,Q-2024-04-01,3.66
2243 - Cardio Prime Gym Mayur Vihar Ph1,Q-2024-04-01,
2244 - Cardio Prime Gym Vasundhara,Q-2024-04-01,
2249 - Total Fit Gym,Q-2024-04-01,4
2251 - 3Monkey's Gym,Q-2024-04-01,4
2252 - Optima X Fitness Club,Q-2024-04-01,
2254 - Cult Station Road,Q-2024-04-01,3.93
2259 - Be Beast,Q-2024-04-01,3.53
2261 - Fitness Freak Extension,Q-2024-04-01,4
2262 - Fitness Freak Sector 70,Q-2024-04-01,
2265 - Gold's Gym Greater Noida,Q-2024-04-01,3.7
2266 - Gold's Gym Greater Noida West,Q-2024-04-01,3.17
2267 - Brahma Fitness,Q-2024-04-01,3.78
227 - Cult AS Rao Nagar,Q-2024-04-01,3.93
2270 - Dream Fitness U-25,Q-2024-04-01,
2272 - Astrix Fitness,Q-2024-04-01,4
2273 - GymX Fitness Redefined (Sarjapur),Q-2024-04-01,3.65
2274 - GK Wellness Studio,Q-2024-04-01,3.72
2275 - Gold's Gym Hinjewadi,Q-2024-04-01,3.86
228 - Cult Himayatnagar,Q-2024-04-01,3.9
2288 - Quantum Fitness,Q-2024-04-01,
23 - Rush Fitness,Q-2024-04-01,3.64
230 - Cult Hoodi,Q-2024-04-01,3.85
2303 - Diva Yoga - Velachery,Q-2024-04-01,4
231 - Cult Akshayanagar,Q-2024-04-01,3.85
2310 - Hercules Gym,Q-2024-04-01,
2311 - Cult Gym HSR 5th Main,Q-2024-04-01,3.63
2315 - Kickfit Gym & Fitness Studio,Q-2024-04-01,
2319 - Cult Nirlon Knowledge Park (Employees Only),Q-2024-04-01,3.81
232 - Cult Brigade Road,Q-2024-04-01,3.85
2322 - Cult Chembur,Q-2024-04-01,3.87
2327 - Cult.Play Hongasandra DEE Sports,Q-2024-04-01,3.53
2328 - Cult Gym New BEL Road,Q-2024-04-01,3.6
2329 - Cult New BEL Road,Q-2024-04-01,3.72
"2330 - Cult Gym Spectrum, Sector 75",Q-2024-04-01,3.59
"2331 - Cult Spectrum, Sector 75",Q-2024-04-01,3.83
2345 - ZenXFit,Q-2024-04-01,3.66
2346 - Cult Harlur Swimming,Q-2024-04-01,3.63
2348 - One All Fitness,Q-2024-04-01,3.56
235 - Cult Lajpat Nagar (earlier Ring Road),Q-2024-04-01,3.9
2352 - The Dragons Lair,Q-2024-04-01,
2353 - Intense Fitness,Q-2024-04-01,
2354 - Anytime Fitness Rohini,Q-2024-04-01,4
2355 - Energyia Fitness Centre,Q-2024-04-01,2.5
2356 - Nani's School of Fitness (Hebbal),Q-2024-04-01,3.66
236 - Cult Preet Vihar,Q-2024-04-01,3.88
2361 - Inshape Gym,Q-2024-04-01,3.6
2364 - Metabolic Fitness,Q-2024-04-01,3
2365 - Power Point Gym - Vileparle East,Q-2024-04-01,
2366 - Power Point Gym - Andheri West,Q-2024-04-01,
2374 - True Fitness Club - Dadar,Q-2024-04-01,
2376 - Cult Lecaprio Splash Swimming,Q-2024-04-01,3.7
2378 - MS Fitness Club (Yelahanka),Q-2024-04-01,3.64
2379 - Skale Fitness - Kolathur,Q-2024-04-01,3.88
2380 - Skale Fitness - Porur,Q-2024-04-01,3.75
2383 - Diva Yoga Powai,Q-2024-04-01,
2384 - Ziddis Fitness,Q-2024-04-01,
2393 - Kunakshis Kore Body Pilates,Q-2024-04-01,4
2399 - Pulse Fitness,Q-2024-04-01,
24 - Conquer Gym,Q-2024-04-01,3.71
2411 - Cult Dwarka 10 Swimming,Q-2024-04-01,3.63
2414 - Cult Gym RT Nagar Road,Q-2024-04-01,3.54
2415 - Cult RT Nagar Road,Q-2024-04-01,3.75
2416 - AV Fitness Studio And Gym,Q-2024-04-01,
2417 - Real Fitness,Q-2024-04-01,3.67
"2418 - Cult Gym JP Nagar, 3rd Phase",Q-2024-04-01,3.74
2419 - Fitness Evogue,Q-2024-04-01,
242 - Cult Tardeo,Q-2024-04-01,3.9
"2423 - Cult JP Nagar, 3rd Phase",Q-2024-04-01,3.84
"2426 - Cult Gym RBI Layout, JP Nagar 7th Phase",Q-2024-04-01,3.63
2428 - Cult Gym Banjara Hills Road No. 2,Q-2024-04-01,3.63
2429 - Cult Banjara Hills Road No. 2,Q-2024-04-01,3.86
243 - Cult Banaswadi,Q-2024-04-01,3.9
2430 - Cult Neo Gym Begur,Q-2024-04-01,3.58
2431 - Cult Neo Gym TC Palya,Q-2024-04-01,3.62
2432 - Cult Gym Moti Nagar,Q-2024-04-01,3.68
2437 - Cult Moti Nagar,Q-2024-04-01,3.82
2438 - K6 Fitness Studio,Q-2024-04-01,
2439 - Cult Gym Nepean Sea Road,Q-2024-04-01,3.64
2442 - Sqorfit Gym Sector 43,Q-2024-04-01,3.5
2443 - Gold's Gym - Sasthamangalam,Q-2024-04-01,4
245 - Cult DLF Phase 1,Q-2024-04-01,3.88
2451 - Cloud Fitness,Q-2024-04-01,3.62
2452 - Global Fitness - Kulathoor,Q-2024-04-01,3.57
2454 - Mighty Fitness Club,Q-2024-04-01,3.65
2457 - Urbounce - The Club,Q-2024-04-01,
2461 - Gain Town Fitness Club,Q-2024-04-01,3.83
2462 - Energetic Fitness Gym,Q-2024-04-01,4
2463 - Ultimate Fitness Pune,Q-2024-04-01,4
2464 - Real Steel Fitness Center,Q-2024-04-01,4
"2466 - Cult Gym Niti Khand 1, Indirapuram",Q-2024-04-01,
2467 - Clan Fitness Club,Q-2024-04-01,3.65
2469 - Raptor Fitness (Addagutta),Q-2024-04-01,3.65
247 - Cult LB Nagar,Q-2024-04-01,3.89
2470 - Animal Gym (Ex Muscle Madness),Q-2024-04-01,3.58
2471 - Mad Hustle,Q-2024-04-01,3.54
2472 - Impackt Fitness (Gowlidoddy),Q-2024-04-01,3.48
2473 - Cult Gym Kokapet,Q-2024-04-01,3.75
2474 - Golds Gym - Vytilla,Q-2024-04-01,3.8
2475 - Cult Kokapet (Hybrid),Q-2024-04-01,3.74
"2483 - Cult Kumaraswamy Layout, Yelachenahalli",Q-2024-04-01,3.67
2484 - Muscletech Fitness - Doddabidarakallu,Q-2024-04-01,
2485 - Muscletech Fitness - HMT Layout,Q-2024-04-01,
2488 - Fitness Extreme International Inc - Varthuru,Q-2024-04-01,4
2489 - Fitness Extreme International Inc - Banjara Hills,Q-2024-04-01,3.5
2490 - Fitness Extreme International Inc - Andheri West,Q-2024-04-01,
2497 - EMOM Fitness,Q-2024-04-01,3.7
"2498 - Cult Kanakapura Road, Raghuvanahalli",Q-2024-04-01,3.76
2502 - SG Fitness Mhada,Q-2024-04-01,3.64
2503 - Cult Doddanekundi Swimming,Q-2024-04-01,3.7
2507 - Pink Fitness - Kodambakkam,Q-2024-04-01,4
251 - Cult SG Palya (Near Forum Koramangala),Q-2024-04-01,3.9
2511 - Cult Gym Lajpat Nagar,Q-2024-04-01,3.74
2514 - Intense Fitness,Q-2024-04-01,3.71
2515 - Fitness Empire Unisex Gym Thiruvallur,Q-2024-04-01,3.5
2516 - Idol Fitness,Q-2024-04-01,3.45
2517 - Get.Fit,Q-2024-04-01,3.34
2519 - cult Store Indiranagar,Q-2024-04-01,4
2523 - Taarak Fit,Q-2024-04-01,3.63
2524 - E2 Fitness and wellness Elite Unisex Gymnasium - Perungalathur,Q-2024-04-01,4
2525 - Cult Tumkur,Q-2024-04-01,3.86
2535 - Cult Vasant Kunj Swimming,Q-2024-04-01,3.7
2536 - cult Store HSR 19th Main,Q-2024-04-01,3.78
2537 - cult Store Marathahalli,Q-2024-04-01,4
2538 - Energia Personal Fitness - Bhopal,Q-2024-04-01,
2541 - Pink Fitness - Ramapuram,Q-2024-04-01,
2552 - The Gym Factory - Indore,Q-2024-04-01,
2553 - Body Sculptures Fitness Studio,Q-2024-04-01,
2565 - Cult Harlur Swimming,Q-2024-04-01,3.75
2567 - Snapp Fitness - Kalyan Nagar,Q-2024-04-01,
2568 - Zest Fitness 27th Main,Q-2024-04-01,3.45
2571 - Bob's Gym - Lanka,Q-2024-04-01,
"2576 - HCG, Suchitra",Q-2024-04-01,1
2579 - Priortizing Fitness,Q-2024-04-01,4
2581 - Saiyans House of Fitness,Q-2024-04-01,4
2586 - My Tribe - Sports and Fitness,Q-2024-04-01,
260 - Cult Juhu,Q-2024-04-01,3.84
2604 - Sathvik Fitness Trendz Gym - Borabanda,Q-2024-04-01,
2605 - Muscle Headquarter,Q-2024-04-01,4
2606 - Urban Gymnasium Chembur,Q-2024-04-01,
261 - Cult Malad,Q-2024-04-01,3.91
2615 - Fitness First Platinum Juhu,Q-2024-04-01,4
2617 - Fitness First Platinum BKC,Q-2024-04-01,
2622 - KCAL Fitness - Mathur,Q-2024-04-01,1
2625 - Champions Fitness Centre,Q-2024-04-01,
2626 - The Body Planet 24/7,Q-2024-04-01,3.65
2627 - Hustle Health & Fitness Studio,Q-2024-04-01,4
2628 - Versatile Fitness,Q-2024-04-01,
2644 - Vyaan Fitness Studio,Q-2024-04-01,3.68
2647 - ZE Fitness,Q-2024-04-01,
2648 - Ozone GYM,Q-2024-04-01,
2650 - BKJ Fitness,Q-2024-04-01,
2653 - Fitniq Gym,Q-2024-04-01,
2655 - The Zone 360 Fitness,Q-2024-04-01,
2656 - Maddz Fitness,Q-2024-04-01,
2659 - Addict Fitness Studio - Atchutapuram,Q-2024-04-01,
2665 - The Gym Club Sector 49,Q-2024-04-01,
2675 - B2B Gym,Q-2024-04-01,
2677 - Empire Fitness Club,Q-2024-04-01,
268 - Cult Velachery Chennai - Hybrid,Q-2024-04-01,3.94
270 - Cult Kalyani Nagar old,Q-2024-04-01,3.9
272 - Cult Nagavara - Manyata Tech Park,Q-2024-04-01,3.86
278 - Cult Malviya Nagar,Q-2024-04-01,3.83
282 - Cult Saket,Q-2024-04-01,3.89
283 - Cult Dwarka Sector 12,Q-2024-04-01,3.9
284 - Cult Sector 18 Noida (Deprecated),Q-2024-04-01,3.91
288 - Cult SR Nagar(Deprecated),Q-2024-04-01,3.9
289 - Cult Nizampet x Roads,Q-2024-04-01,3.9
290 - Cult Dilsukhnagar,Q-2024-04-01,3.83
291 - Cult Srinagar Colony,Q-2024-04-01,3.92
292 - Cult Powai-Raheja Vihar,Q-2024-04-01,3.92
294 - Cult Prabhadevi,Q-2024-04-01,3.88
295 - Cult Kandivali West,Q-2024-04-01,3.89
304 - Cult Nallagandla,Q-2024-04-01,3.92
305 - Cult Kompally,Q-2024-04-01,3.88
307 - Cult Marathahalli ORR,Q-2024-04-01,3.9
31 - The Monkey Fitness,Q-2024-04-01,3.67
315 - Cult HSR 24th Main,Q-2024-04-01,3.84
316 - Cult Magarpatta City,Q-2024-04-01,3.86
318 - Cult Nagole,Q-2024-04-01,3.92
321 - Cult Habsiguda,Q-2024-04-01,3.91
33 - Supergym (Pai Layout),Q-2024-04-01,3.47
331 - Cult Wakad(deprecated),Q-2024-04-01,3.88
338 - Cult Sector 9 Panchkula,Q-2024-04-01,3.91
34 - Supergym (Thippasandra),Q-2024-04-01,3.44
346 - Cult Financial District,Q-2024-04-01,3.88
347 - Cult Kokapet (deprecated),Q-2024-04-01,3.9
349 - Cult Elamkulam,Q-2024-04-01,3.93
35 - Supergym (Vignan Nagar),Q-2024-04-01,3.36
36 - Shred Fitness,Q-2024-04-01,3.49
361 - Cult HSR 14th Main,Q-2024-04-01,3.84
"362 - Cult Kanakapura Road, Doddakallasandra",Q-2024-04-01,3.91
37 - Pledge Fitness,Q-2024-04-01,3.71
370 - Cult Lokhandwala old,Q-2024-04-01,3.86
371 - Cult Andheri East,Q-2024-04-01,3.92
379 - Cult Sector 104 Noida ( Deprecated ),Q-2024-04-01,3.9
384 - Cult Siripuram,Q-2024-04-01,3.83
386 - Cult Madhu Milan Square,Q-2024-04-01,3.86
"391 - Cult MG Road, Mangalore",Q-2024-04-01,3.97
394 - Cult Race Course Rd,Q-2024-04-01,3.91
"396 - Cult Sushant Lok, Phase 1",Q-2024-04-01,3.9
42 - Platinum Fitness Club,Q-2024-04-01,3.5
43 - Yashmaxx 2.0,Q-2024-04-01,3.28
45 - 4 Zone Fitness,Q-2024-04-01,4
46 - Conquest Fitness,Q-2024-04-01,3.58
465 - Stallion Fitness (Kompally),Q-2024-04-01,3.73
467 - Thew Fitness (DLF Phase 1),Q-2024-04-01,3.68
468 - Studio Velocity,Q-2024-04-01,3.75
47 - Millennium Fitness Club,Q-2024-04-01,3.67
470 - Fitmax,Q-2024-04-01,3.42
471 - Cult Gym Banashankari 2nd Stage,Q-2024-04-01,3.66
472 - Cult Circular Road,Q-2024-04-01,3.9
476 - Paradise Fitness Club,Q-2024-04-01,3.59
478 - An.Fit,Q-2024-04-01,3.54
483 - Aim Fit,Q-2024-04-01,3.45
486 - Body Zone Gym and Fitness Center,Q-2024-04-01,3.63
487 - Team Core,Q-2024-04-01,3.57
488 - FitLifez Gym and Spa,Q-2024-04-01,3.61
49 - Drona The Fitness Gurukul,Q-2024-04-01,3.62
490 - Cult Gym Indiranagar,Q-2024-04-01,3.57
491 - Quad the Fitness Hub,Q-2024-04-01,3.67
492 - Cult Gym Richmond Road,Q-2024-04-01,3.64
493 - Cult Anna Nagar,Q-2024-04-01,3.92
494 - Cult Nungambakkam,Q-2024-04-01,3.92
50 - Fast Fit Gym,Q-2024-04-01,3.6
502 - High Fitness Club,Q-2024-04-01,3.68
508 - The Iron Pumpers Gym,Q-2024-04-01,3.65
514 - MultiFit (Hennur),Q-2024-04-01,3.69
515 - Fitness Element (Ex MultiFit Grand Tamanna),Q-2024-04-01,3.62
517 - MultiFit (Kalyan Nagar),Q-2024-04-01,3.69
519 - MultiFit (Pimple Saudagar),Q-2024-04-01,3.64
520 - MultiFit (SUFC),Q-2024-04-01,3.64
524 - Turbo Fitness (Bandra),Q-2024-04-01,3.73
526 - Ares Gym,Q-2024-04-01,3.61
528 - Moments Fitness Hub 1.0 (defunct- do not use),Q-2024-04-01,3
53 - I Lift Fitness,Q-2024-04-01,3.6
530 - Cult Adyar,Q-2024-04-01,3.93
536 - Afterburn Fitness Studio (Alwal),Q-2024-04-01,3.69
54 - Mirage.fit,Q-2024-04-01,3.47
541 - Fluid (Vasant Kunj),Q-2024-04-01,3.75
542 - Fit Gym (West Patel Nagar),Q-2024-04-01,3.19
544 - Alpha Fitness (ex. Taurus Fitness),Q-2024-04-01,3.39
546 - Bomiso Fitness,Q-2024-04-01,3.66
548 - Body Power,Q-2024-04-01,3.8
55 - Wellcare Fitness,Q-2024-04-01,3.51
550 - Freedom Fitness,Q-2024-04-01,3.65
552 - Aesthetic B Fitness (ex. Stark Fitness),Q-2024-04-01,3.59
555 - F99 FIT,Q-2024-04-01,3.7
556 - Fitness 4 All,Q-2024-04-01,3.46
56 - FitLifez Gym and Spa,Q-2024-04-01,3.63
569 - Sehat World Green (Dwarka),Q-2024-04-01,3.79
574 - Cult Vidyaranyapura,Q-2024-04-01,3.88
576 - 9th Gear Fitness Club,Q-2024-04-01,3.72
577 - Fitness One Gym,Q-2024-04-01,3.46
579 - F99 Fit,Q-2024-04-01,3.56
582 - Foundry Active,Q-2024-04-01,3.48
584 - Fly Fit (New Friends Colony),Q-2024-04-01,3.68
587 - B3 Wellness Studio,Q-2024-04-01,3.56
588 - In The Pink Fitness Club,Q-2024-04-01,3.65
59 - IGNYT Gym,Q-2024-04-01,3.57
590 - Lifestyle Fitness Gym and Cardio (Kothapet),Q-2024-04-01,3.6
591 - Stallion Fitness (Kondapur),Q-2024-04-01,3.59
592 - Team Core,Q-2024-04-01,3.66
600 - Cult Pal Heights,Q-2024-04-01,3.92
603 - Cult Dharampeth,Q-2024-04-01,3.92
605 - Cult Race Course,Q-2024-04-01,3.93
"606 - Cult Gym RDC, Ghaziabad",Q-2024-04-01,3.57
607 - Cult Gym Bellandur,Q-2024-04-01,3.59
608 - Cult Gym HSR,Q-2024-04-01,3.56
61 - Body Zone Gym,Q-2024-04-01,3.45
613 - Cult Alwarpet,Q-2024-04-01,3.89
614 - Cult Gym Gomti Nagar,Q-2024-04-01,3.7
615 - Cult Gym Golf Course Rd,Q-2024-04-01,3.63
616 - Cult Golf Course Rd,Q-2024-04-01,3.82
617 - Cult Gomti Nagar,Q-2024-04-01,3.94
63 - Grapple Fitness,Q-2024-04-01,3.76
64 - Changeover Fitness Studio,Q-2024-04-01,3.67
670 - Elon Fitness,Q-2024-04-01,3.68
672 - Cubbon Park,Q-2024-04-01,3.36
673 - Fitness Craze,Q-2024-04-01,3.82
674 - GymPoint The Fitness Studio,Q-2024-04-01,3.5
675 - Agara Lake,Q-2024-04-01,3.85
677 - Cult Gym Napier Town,Q-2024-04-01,3.77
678 - Cult Napier Town,Q-2024-04-01,3.91
68 - Tiger Gym,Q-2024-04-01,3.39
680 - Cult Gym Vijay Nagar,Q-2024-04-01,3.55
681 - Cult Vijay Nagar,Q-2024-04-01,3.72
685 - Cult Gym Pitampura,Q-2024-04-01,3.7
686 - Cult Gym BTM Layout,Q-2024-04-01,3.54
687 - Cult BTM Layout,Q-2024-04-01,3.84
69 - Universal Gym,Q-2024-04-01,3.65
690 - Gold's Gym (Kalyani Nagar),Q-2024-04-01,3.58
691 - Gold’s Gym Hadapsar,Q-2024-04-01,3.29
692 - Gold's Gym (Dayanand Vihar),Q-2024-04-01,
693 - Cult Mulund West,Q-2024-04-01,3.91
694 - Reshape Fitness,Q-2024-04-01,3.67
"696 - Defence Colony, Indiranagar",Q-2024-04-01,3.97
7 - cure.fit Bangalore,Q-2024-04-01,3.45
700 - Lalbagh Botanical Garden,Q-2024-04-01,3.84
706 - Absolute Fitness Studio,Q-2024-04-01,3.6
708 - Cult Gym Kukatpally,Q-2024-04-01,3.64
"709 - Bomiso Fitness (Sector 50, Gurgaon)",Q-2024-04-01,3.7
715 - Stark Fitness Studio (Nizampet),Q-2024-04-01,3.55
717 - GKVK,Q-2024-04-01,3.86
720 - Gold's Gym (Lower Parel),Q-2024-04-01,3.71
721 - Gold's Gym (Yelahanka),Q-2024-04-01,3.71
722 - Gold's Gym (Malleshwaram),Q-2024-04-01,3.56
725 - Gold's Gym (BEL Road),Q-2024-04-01,3.46
726 - Gold's Gym (Janakpuri),Q-2024-04-01,3.48
727 - Shadow Fitness,Q-2024-04-01,
73 - Apple Fitness,Q-2024-04-01,3.52
730 - C3 Fit Klub,Q-2024-04-01,3.54
731 - Fit City,Q-2024-04-01,3.74
732 - Gold's Gym (Powai),Q-2024-04-01,3.76
733 - Gold's Gym (Kalyan Nagar),Q-2024-04-01,3.63
734 - Fit Gym (East Patel Nagar),Q-2024-04-01,3.43
735 - Cult Gym Malviya Nagar,Q-2024-04-01,3.54
736 - Lesiure Valley Park,Q-2024-04-01,
737 - Paschim Vihar District Park,Q-2024-04-01,2.5
738 - Priya Park,Q-2024-04-01,3.83
740 - Gold's Gym Baner,Q-2024-04-01,3.58
741 - Gold's Gym (Whitefield),Q-2024-04-01,3.58
745 - Gold's Gym (Vijayanagar),Q-2024-04-01,3.63
746 - Muscle Mutant,Q-2024-04-01,3.65
751 - Dare 2 Fit,Q-2024-04-01,4
753 - Clout Fitness (Whitefield),Q-2024-04-01,3.75
754 - GymPoint The Fitness Studio (Madhapur),Q-2024-04-01,3.7
760 - Gold's Gym (Kandivali West),Q-2024-04-01,3.66
761 - Cult Greater Noida West,Q-2024-04-01,3.85
764 - Cult Gym Dwarka Sector 12,Q-2024-04-01,3.56
767 - VFitness,Q-2024-04-01,3.64
769 - Cult RDC Ghaziabad,Q-2024-04-01,3.93
77 - Speed Fitness,Q-2024-04-01,3.6
779 - Yashmaxx Fitness,Q-2024-04-01,3.8
780 - Big Box,Q-2024-04-01,3.49
781 - MS Fitness,Q-2024-04-01,3.78
782 - Prime Strength,Q-2024-04-01,3.78
788 - Orca Fitness (Chinchwad),Q-2024-04-01,
789 - Cult Gym KR Puram,Q-2024-04-01,3.61
790 - Cult KR Puram,Q-2024-04-01,3.88
80 - Technolife Fitness Club,Q-2024-04-01,3.63
801 - Gold's Gym Belgaum,Q-2024-04-01,3.8
81 - Clout Fitness,Q-2024-04-01,3.5
82 - Stark Fitness Studio,Q-2024-04-01,3.73
826 - Gold's Gym Moradabad,Q-2024-04-01,3.82
83 - Black Vigor (Gaur City),Q-2024-04-01,3.57
832 - Gold's Gym Tumkur,Q-2024-04-01,3.6
833 - Gold's Gym Hesaraghatta Main Road,Q-2024-04-01,3.54
834 - 1Life Fitness,Q-2024-04-01,3.69
836 - LMNT Fitness Club,Q-2024-04-01,3.65
837 - Gold's Gym Greater Kailash,Q-2024-04-01,3.44
839 - F7 Fitness by Prasad Konda (Bolarum),Q-2024-04-01,3.7
84 - Black Vigor,Q-2024-04-01,3.66
843 - Your Life Fitness Gym (Sector 61 Noida),Q-2024-04-01,3.68
85 - F Square Fitness,Q-2024-04-01,3.49
850 - Gold's Gym Civil Lines,Q-2024-04-01,
858 - Gold's Gym Muzaffarpur,Q-2024-04-01,3.63
862 - Cult Goregaon West,Q-2024-04-01,3.89
863 - Cult Borivali West,Q-2024-04-01,3.9
867 - Sehat World (Sector -23),Q-2024-04-01,3.85
868 - Cult Gym Dharampeth,Q-2024-04-01,3.53
869 - Cult Gym Manikonda,Q-2024-04-01,3.65
"870 - Cult Gym Rajajinagar 12th Cross, Mahalaxmi Layout",Q-2024-04-01,3.62
871 - Cult Manikonda,Q-2024-04-01,3.91
"872 - Cult Rajajinagar 12th Cross, Mahalaxmi Layout",Q-2024-04-01,3.85
879 - Stallion Xtreme Fitness,Q-2024-04-01,3.54
88 - Stallion Fitness,Q-2024-04-01,3.63
882 - Sankey Lake,Q-2024-04-01,3.88
883 - Mahadevapura-2 Lake,Q-2024-04-01,3.79
884 - BHEL,Q-2024-04-01,3.85
89 - Meraki Fitness Studio,Q-2024-04-01,3.69
892 - Noida Stadium,Q-2024-04-01,4
893 - Conquest Fitness (Kukatpally),Q-2024-04-01,3.68
894 - Shivaji Park,Q-2024-04-01,
895 - Tao Devi Lal Park,Q-2024-04-01,4
898 - Hennuru Lake,Q-2024-04-01,3.75
902 - Stark Fitness Studio (Madhapur),Q-2024-04-01,3.65
903 - Muscle Maniac (ex.Stark Fitness Studio),Q-2024-04-01,3.47
908 - Cult Gym Harlur 1st Main,Q-2024-04-01,3.67
911 - Stallion Xtreme Fitness,Q-2024-04-01,3.49
914 - B3 Wellness Studio (Horamavu),Q-2024-04-01,3.51
916 - Play On Fitness (Sarjapur),Q-2024-04-01,3.59
917 - Royal Fitness (MCECHS Layout),Q-2024-04-01,3.62
918 - Cult Gym Chattarpur,Q-2024-04-01,3.51
923 - Deer Park,Q-2024-04-01,4
929 - Cult Gym Kota,Q-2024-04-01,3.65
931 - Cult Gym HSR 24th Main,Q-2024-04-01,3.59
933 - Team Core,Q-2024-04-01,3.6
934 - Kasavanahalli Lake,Q-2024-04-01,2.5
937 - Fitso Faridabad Manav Rachna,Q-2024-04-01,3.57
939 - Fitso Sector 43 EAS,Q-2024-04-01,3.66
"940 - Fitso Sector 51, Noida",Q-2024-04-01,3.61
"942 - Fitso Sector 70, Noida",Q-2024-04-01,3.55
944 - Fitso Palam Vihar Swiss Cottage,Q-2024-04-01,3.73
945 - Fitso Sector 51 JNS,Q-2024-04-01,3.57
946 - Fitso Madhapur Pearl,Q-2024-04-01,3.74
948 - Fitso Gachibowli Dolphin,Q-2024-04-01,3.6
95 - Fit Gym,Q-2024-04-01,
"950 - Cult Sector 43 Ambience, Multi Sports",Q-2024-04-01,3.63
952 - Fitso Dwarka DIS Edge,Q-2024-04-01,3.69
953 - Fitso Kondapur Playtime,Q-2024-04-01,3.72
954 - Fitso RK PURAM Swim Paradise,Q-2024-04-01,3.57
958 - Fitso JNS Synthetic Courts,Q-2024-04-01,3.61
96 - Motto Fitness,Q-2024-04-01,3.71
964 - Fitso Sector 55 Unicosmos,Q-2024-04-01,3.67
97 - Forth Fitness,Q-2024-04-01,3.49
973 - Fitso Whitefield Golden Fins,Q-2024-04-01,3.69
976 - Fitso JP Nagar The Sports Club,Q-2024-04-01,3.71
977 - Fitso Panathur PK Sports 2,Q-2024-04-01,3.76
978 - Fitso Panathur PK Sports 1,Q-2024-04-01,3.6
979 - Fitso Koramangala PK Sports,Q-2024-04-01,3.71
980 - Fitso Bannerghatta Rd Fiton,Q-2024-04-01,3.76
988 - BaddyZone HSR,Q-2024-04-01,3.67
99 - Play On Fitness,Q-2024-04-01,3.37
997 - Fitso SVIS Dwarka,Q-2024-04-01,3.74
10 - Fuerza Koramangala,Q-2024-07-01,3.42
1001 - Fitso Bellandur Game Theory,Q-2024-07-01,3.7
1008 - Fitness Zone (Hafeezpet),Q-2024-07-01,3.76
101 - Play On Fitness,Q-2024-07-01,3.56
1012 - Fitness Freaks,Q-2024-07-01,3.61
1013 - GymX Prime (Whitefield),Q-2024-07-01,3.56
1014 - Cult Gym Marathahalli,Q-2024-07-01,3.6
1016 - Cloud 9 Fitness,Q-2024-07-01,3.65
1019 - Cult Gym Gachibowli,Q-2024-07-01,3.69
1020 - Gold's Gym Aundh,Q-2024-07-01,3.66
1021 - Gold's Gym Lower Parel,Q-2024-07-01,3.84
1023 - Cult Harlur 1st Main,Q-2024-07-01,3.86
1025 - Cult Kalyan Nagar 5th Block,Q-2024-07-01,3.91
1026 - Cult Gym Kalyan Nagar 5th Block,Q-2024-07-01,3.67
1027 - Cult Gym Janakpuri,Q-2024-07-01,3.6
103 - Mani's Core Fit,Q-2024-07-01,3.61
1030 - Cult Gym Siripuram,Q-2024-07-01,3.59
1031 - Cult Gym Prabhadevi,Q-2024-07-01,3.8
1032 - Cult Gym Panchkula Sector 9,Q-2024-07-01,3.77
1033 - Fitmax (Madhapur),Q-2024-07-01,3.3
1034 - Stark Fitness Studio (Bachupally),Q-2024-07-01,3.64
1035 - Glint Fitness Center,Q-2024-07-01,3.6
1036 - Stark Fitness Studio (Sainikpuri),Q-2024-07-01,3.72
1037 - Stark Fitness Studio,Q-2024-07-01,3.58
1038 - Cult Gym Uttarahalli,Q-2024-07-01,3.57
1039 - Cult Gym C Scheme,Q-2024-07-01,3.54
104 - Fitt Lounge,Q-2024-07-01,3.41
1040 - Muscle Junkie (Model Town),Q-2024-07-01,3.51
1041 - Fitso Hennur Agon Sports,Q-2024-07-01,3.67
1042 - Fitso Sector 116 Spuddy,Q-2024-07-01,3.59
1046 - Fitso Whitefield AH Sportstreet,Q-2024-07-01,3.68
1047 - Moments Fitness Hub 1.0,Q-2024-07-01,3.55
1049 - Gympoint The Fitness Studio,Q-2024-07-01,3.44
1050 - Cult Gym Miyapur X Roads,Q-2024-07-01,3.61
1051 - Supergym Prime (Varthur),Q-2024-07-01,3.63
1052 - Cult Uttarahalli,Q-2024-07-01,3.88
1053 - Cult Miyapur X Roads,Q-2024-07-01,3.9
"1054 - Black Vigor (Sector 49, Noida)",Q-2024-07-01,3.68
1055 - Cult Gym Fraser Road,Q-2024-07-01,3.54
1056 - Cult Gym Mahanagar,Q-2024-07-01,3.68
1057 - Cult Mahanagar,Q-2024-07-01,3.84
1059 - G8 Fitness,Q-2024-07-01,3.64
106 - F7 Fitness Exclusive,Q-2024-07-01,3.46
1060 - Cult Fraser Road,Q-2024-07-01,3.89
1061 - Iron Sanctuary,Q-2024-07-01,3.68
"1062 - Cult Gym Universal Trade Tower, Sohna Rd",Q-2024-07-01,3.71
"1063 - Cult Universal Trade Tower, Sohna Rd",Q-2024-07-01,3.94
1064 - Cult Gym OIC Lower Parel,Q-2024-07-01,3.68
1065 - Cult OIC Lower Parel,Q-2024-07-01,3.9
1066 - Muscle Factory,Q-2024-07-01,3.76
1067 - Muscle Factory,Q-2024-07-01,3.72
1068 - Cult Gym Eros Sector 49,Q-2024-07-01,3.74
1069 - Cult Gym Himayatnagar Main(Hyderguda),Q-2024-07-01,3.56
1070 - Cult Gym Madhapur,Q-2024-07-01,3.58
1071 - Cult Gym Indiranagar 6th Main,Q-2024-07-01,3.67
1072 - Cult Gym AECS-Brookfield,Q-2024-07-01,3.52
1073 - Cult Himayatnagar Main,Q-2024-07-01,3.83
1074 - Cult Indiranagar 6th Main,Q-2024-07-01,3.85
1075 - Cult Kota,Q-2024-07-01,3.91
1076 - Cult Gym Mahadevpura,Q-2024-07-01,3.53
1077 - Cult Neo Gym Hoodi,Q-2024-07-01,3.65
1078 - Cult Gym Kundalahalli,Q-2024-07-01,3.6
1079 - GymPoint The Fitness Studio (Malakpet),Q-2024-07-01,3.57
1081 - Pran Fitness,Q-2024-07-01,3.64
1082 - Benefit Arena,Q-2024-07-01,3.66
1083 - Foundry Active (Kaggadasapura),Q-2024-07-01,3.59
1084 - Prince Fitness,Q-2024-07-01,3.64
1085 - Youmania,Q-2024-07-01,3.8
1086 - Youmania,Q-2024-07-01,3.77
1087 - Aarna Fitness (Konanakunte),Q-2024-07-01,3.4
1088 - Brad Fitness,Q-2024-07-01,3.56
109 - Akhil Fitness World,Q-2024-07-01,3.62
1093 - I Lift Fitness (East Of Kailash),Q-2024-07-01,3.56
1094 - Club Fit,Q-2024-07-01,3.55
1095 - Fitness Turf (Kompally),Q-2024-07-01,3.74
1096 - Cult C Scheme,Q-2024-07-01,3.68
1098 - Cult Gym Akshaynagar,Q-2024-07-01,3.68
1099 - Cult Gym Habsiguda(Hybrid),Q-2024-07-01,3.63
11 - Fuerza HSR,Q-2024-07-01,3.56
1100 - Cult Gym Kondapur,Q-2024-07-01,3.66
1104 - Elite Fitness Club,Q-2024-07-01,3.72
1105 - MP Sports Arena,Q-2024-07-01,3.75
1106 - Fitso Silpa Park Badminton,Q-2024-07-01,3.75
1107 - Fitso Kondapur Playtime Sports,Q-2024-07-01,3.6
1108 - Cult Gym Varthur,Q-2024-07-01,3.75
1109 - Powerr Vibes Gym,Q-2024-07-01,3.72
111 - Fluid,Q-2024-07-01,3.78
"1113 - Fitso Sector 119, Noida",Q-2024-07-01,3.64
1115 - Cult AECS-Brookfield,Q-2024-07-01,3.85
1116 - Cult Gym Budigere Cross,Q-2024-07-01,3.74
1117 - Cult Budigere Cross,Q-2024-07-01,3.95
1118 - Cult Gym Sion,Q-2024-07-01,3.8
1119 - Cult Sion,Q-2024-07-01,3.88
1120 - Cult Gym Siliguri,Q-2024-07-01,3.81
1123 - Cult Varthur,Q-2024-07-01,3.87
1125 - Cult Siliguri,Q-2024-07-01,3.96
1126 - Gold's Gym Banashankari,Q-2024-07-01,3.66
1127 - Gold's Gym NIBM,Q-2024-07-01,3.71
1128 - B3 Wellness Studio (JP Nagar),Q-2024-07-01,3.63
1129 - Fitness First Platinum Crest Mukta,Q-2024-07-01,3.7
113 - Fitness Ministry,Q-2024-07-01,3.49
1130 - Cult Gym Paschim Vihar - Rohtak Rd,Q-2024-07-01,3.67
1131 - Cult Paschim Vihar - Rohtak Rd,Q-2024-07-01,3.89
1132 - Revive Fitness,Q-2024-07-01,3.65
1133 - Step Up Fitness (Vile Parle East),Q-2024-07-01,3.73
1136 - Fit Gym Reloaded,Q-2024-07-01,3.69
1137 - IGNYT Gym (Paschim Vihar),Q-2024-07-01,3.69
1138 - Cult Gym Nallagandla - Huda,Q-2024-07-01,3.61
1139 - Cult Nallagandla - Huda,Q-2024-07-01,3.92
"114 - Cult Thane, Ghodbunder Road",Q-2024-07-01,3.91
1140 - Cult Gym Panathur,Q-2024-07-01,3.59
1141 - Cult Panathur,Q-2024-07-01,3.87
1142 - Cult Gym Patia,Q-2024-07-01,3.78
1143 - Cult Patia,Q-2024-07-01,3.95
1144 - Cult Gym Bommanahalli,Q-2024-07-01,3.73
1145 - Cult Bommanahalli,Q-2024-07-01,3.9
1146 - Reveal Fitness,Q-2024-07-01,3.77
1147 - HRX Gym JP Nagar,Q-2024-07-01,3.7
1148 - HRX Gym AS Rao Nagar,Q-2024-07-01,3.7
1149 - Cult Gym Nagarbhavi,Q-2024-07-01,3.52
115 - Cult Indiranagar,Q-2024-07-01,3.84
1150 - Cult Nagarbhavi,Q-2024-07-01,3.85
1151 - Fitso DPSG Palam Vihar,Q-2024-07-01,3.71
1152 - Fitso Thubarahalli MKR Sports Arena,Q-2024-07-01,3.67
1153 - Modest Gainz,Q-2024-07-01,3.56
1156 - Fitso E-City Nova Sports,Q-2024-07-01,3.74
1157 - Cult Gym Vyapar Kendra,Q-2024-07-01,3.55
1158 - Cult Vyapar Kendra,Q-2024-07-01,3.86
1159 - HRX Gym Kothapet,Q-2024-07-01,3.61
116 - Cult JP Nagar,Q-2024-07-01,3.86
1162 - Fitso Mahadevapura Play Plus,Q-2024-07-01,3.67
1163 - Fitso Ramamurthy Nagar Sport Fit,Q-2024-07-01,3.53
1166 - Iron Fist (Moosapet),Q-2024-07-01,3.77
1167 - Millennium Fitness Club (Banjara Hills),Q-2024-07-01,3.6
1169 - Gold's Gym (Bandra),Q-2024-07-01,3.66
117 - Cult HSR 19th Main,Q-2024-07-01,3.87
1172 - Cult Gym Whitefield Main Rd,Q-2024-07-01,3.46
1173 - Reset Kormangla,Q-2024-07-01,4
1174 - Radisson Bengaluru City Center,Q-2024-07-01,4
1175 - Waves Gym,Q-2024-07-01,
1176 - Cult Gym Kasavanahalli,Q-2024-07-01,3.6
1178 - Cult Gym Thanisandra,Q-2024-07-01,3.59
"1179 - Fitnest Prime, Prashant Vihar",Q-2024-07-01,3.62
118 - Cult Sarjapur,Q-2024-07-01,3.86
1180 - Cult Gym Gurgaon Sec-56,Q-2024-07-01,3.65
1182 - Burn And Build,Q-2024-07-01,3.6
1185 - Cult Thanisandra,Q-2024-07-01,3.75
1186 - Cult Kasavanahalli,Q-2024-07-01,3.9
1187 - Cult Gurgaon Sec-56,Q-2024-07-01,3.9
1188 - Fitso Karmanghat One All,Q-2024-07-01,3.92
1189 - Vogue Health Club (JP Nagar),Q-2024-07-01,3.62
119 - Cult Bellandur,Q-2024-07-01,3.86
1191 - Cult Gym Neeladri Road ECity,Q-2024-07-01,3.63
1192 - Cult Neeladri Road ECity,Q-2024-07-01,3.83
1194 - New Supergym Prime (Hoodi),Q-2024-07-01,3.65
1195 - Speed Fitness (Bandlaguda),Q-2024-07-01,3.67
1196 - Raptor Fitness (Gachibowli),Q-2024-07-01,3.53
1199 - Nice And Easy Fitness Center,Q-2024-07-01,3.95
120 - Cult Koramangala 80ft Rd,Q-2024-07-01,3.84
1201 - Cult Gym Attapur,Q-2024-07-01,3.69
1202 - Cult Gym Company Bagh,Q-2024-07-01,3.75
1203 - Cult Attapur,Q-2024-07-01,3.92
1206 - Cult Company Bagh,Q-2024-07-01,3.88
1207 - Elgis Fitness Gym,Q-2024-07-01,3.67
1209 - SmartFlex Fitness,Q-2024-07-01,3.78
121 - Cult Tribe Indiranagar,Q-2024-07-01,3.85
1210 - Fitness Ace,Q-2024-07-01,3.88
1212 - JS Fitness Studio Gym,Q-2024-07-01,3.82
1213 - Ista Wellness and Fitness,Q-2024-07-01,4
1215 - I5 Fitness,Q-2024-07-01,3.43
1216 - Kube 9 Fitness,Q-2024-07-01,1.5
1217 - Oneup Fitness,Q-2024-07-01,
1218 - Rewind Fitness,Q-2024-07-01,4
1220 - All Time Fitness Sector 14,Q-2024-07-01,3.91
1221 - Plus Fitness 24*7 Mazgaon,Q-2024-07-01,
1222 - Plus Fitness 24*7 Mumbai Central,Q-2024-07-01,
1227 - Body Morph Gym - Krishnarajapura,Q-2024-07-01,3.25
1228 - Global Wings Fitness - Kalyan Nagar,Q-2024-07-01,
123 - Cult Whitefield,Q-2024-07-01,3.86
1236 - Muscular Aptitude,Q-2024-07-01,3.97
1239 - Squat Fit Gym,Q-2024-07-01,
1240 - Midtown Fitness,Q-2024-07-01,3
1241 - Reebok CrossFit,Q-2024-07-01,4
1243 - Iron Paradise Gym,Q-2024-07-01,4
1245 - Active Gym,Q-2024-07-01,4
1247 - GoNature Fitness Centre,Q-2024-07-01,4
1248 - Mumbai Fitness Club,Q-2024-07-01,4
125 - Cult Koramangala Bethany,Q-2024-07-01,3.82
1250 - Elixir Gym,Q-2024-07-01,4
1253 - Jupito Fitness,Q-2024-07-01,4
1255 - Fitness Club Gym Studio,Q-2024-07-01,
1256 - OTwo Gym N Spa,Q-2024-07-01,3.5
1257 - Plej Fitness - Electronic City,Q-2024-07-01,
1261 - Intensity Fitness Center,Q-2024-07-01,3.88
1263 - All Time Fitness (Previously Aimfit Gym),Q-2024-07-01,3.83
1264 - Green Fitness Studio 24x7 - Electronic City,Q-2024-07-01,4
1265 - Green Fitness Studio 24x7 - Bommanahalli,Q-2024-07-01,3
1268 - Poundd Fitness,Q-2024-07-01,3.77
1269 - Gravitaz Fit Feels Great,Q-2024-07-01,3.69
1270 - Raw Fitness,Q-2024-07-01,4
1271 - Gravitaz,Q-2024-07-01,3.94
1272 - Ultrex Recreational Club,Q-2024-07-01,3.94
1273 - 300 Fitness,Q-2024-07-01,3.4
1274 - Component Fitness,Q-2024-07-01,4
1275 - Ramagya Sports Academy,Q-2024-07-01,3.9
1276 - S3 Fitness Zone,Q-2024-07-01,3.58
1277 - Anytime Fitness Shahdara,Q-2024-07-01,3.38
1278 - CrossFit The Fitness Garage,Q-2024-07-01,4
1279 - Body Beast Gym,Q-2024-07-01,3.94
1282 - Sculpt Fitness & MMA,Q-2024-07-01,4
1283 - Sai Dwaraka's SD Fitness,Q-2024-07-01,
1284 - Hard Corp Gym,Q-2024-07-01,4
1285 - NewFit Yamuna Vihar,Q-2024-07-01,
1287 - Fitness Factory Andheri,Q-2024-07-01,4
1288 - OxyGym,Q-2024-07-01,3.5
1289 - The Gym Club Sector 31,Q-2024-07-01,
"129 - Cult Whitefield, Shantiniketan",Q-2024-07-01,3.87
1290 - Fighting Choice Sector 51,Q-2024-07-01,3.33
1291 - Moltom The Fitness Lounge,Q-2024-07-01,3.11
1292 - Vie Fit Lokhandwala,Q-2024-07-01,3
1293 - Fitness 9 Secunderabad,Q-2024-07-01,
1294 - V60 Fitness Center,Q-2024-07-01,
1298 - Your Fitness Marol,Q-2024-07-01,
13 - GymX,Q-2024-07-01,3.48
1302 - Cross Hammer Fitness,Q-2024-07-01,1.5
1306 - S Gym - Mehdipatnam,Q-2024-07-01,
1308 - GMR Fitzone Nizampet,Q-2024-07-01,3
1309 - The Gym Health Planet Sector 30,Q-2024-07-01,3.97
1310 - Moments Fitness Hub 4.0,Q-2024-07-01,3.64
1311 - The Royal Fitness Club,Q-2024-07-01,3.4
1313 - Skale Fitness - Avadi,Q-2024-07-01,3.5
1314 - Aesthetics Fitness By ADS,Q-2024-07-01,4
1317 - Skale Fitness - Collector Nagar,Q-2024-07-01,3.84
1318 - Skale Fitness - Anna Nagar,Q-2024-07-01,3.37
1319 - Skale Fitness - Ambattur,Q-2024-07-01,3.67
"1320 - Cult Gym Fitnest Prime, Vasant Kunj",Q-2024-07-01,3.63
1324 - The Wellness Club Gym Janakpuri,Q-2024-07-01,2.5
1325 - Skale Fitness - Nolambur,Q-2024-07-01,3.31
1328 - Skale Fitness - Perambur II,Q-2024-07-01,3.71
1329 - The Gym Health Planet Rohini,Q-2024-07-01,3.5
1331 - Muscle Makeup,Q-2024-07-01,3.91
1332 - Pink Fitness - Ganapathy,Q-2024-07-01,
1335 - Bodyline Gym Sector 49,Q-2024-07-01,4
1337 - Bodyline Gym Sector 15,Q-2024-07-01,4
134 - Cult Mahadevapura,Q-2024-07-01,3.86
1347 - Physique First Gym And Spa,Q-2024-07-01,4
1348 - H Cube Gym Point,Q-2024-07-01,
135 - Cult Malleshwaram,Q-2024-07-01,3.87
1351 - Nitrro Refining Fitness,Q-2024-07-01,3.77
1352 - GoFitz Dance and Fitness Academy,Q-2024-07-01,4
1354 - HYPE The Gym South City 1,Q-2024-07-01,4
1355 - Hustle Gym,Q-2024-07-01,3.6
1357 - Gold's Gym Bavdhan,Q-2024-07-01,4
1358 - MD Fitness,Q-2024-07-01,
1360 - Body Mechanic Gym,Q-2024-07-01,3.83
1361 - Kuber Fitness club,Q-2024-07-01,4
1362 - Fitness & Conditioning Club,Q-2024-07-01,3.89
1363 - Maximus Your Fitness Zone,Q-2024-07-01,3.41
1364 - Mesomorph The Gym,Q-2024-07-01,
1367 - 10 Gym Malad,Q-2024-07-01,
1368 - Yogic Panacea Studio,Q-2024-07-01,
1369 - 10 Gym Dadar,Q-2024-07-01,
1370 - ETG The Gym Nirman Vihar,Q-2024-07-01,4
1371 - Tip Tapp N Toe,Q-2024-07-01,4
1372 - Elite Edge Fitness,Q-2024-07-01,
1373 - Global Fitness Hub,Q-2024-07-01,4
1376 - The Wellness Club Express Paschim Vihar,Q-2024-07-01,3
138 - Cult Jayanagar,Q-2024-07-01,3.88
1380 - Chisel Punjabi Bagh,Q-2024-07-01,4
1381 - Crossfit Yard,Q-2024-07-01,4
1382 - Red Rocks Gym And Spa,Q-2024-07-01,3.95
1383 - Gold's Gym Wakad,Q-2024-07-01,3.7
1386 - Anytime Fitness Vikaspuri,Q-2024-07-01,3.67
1387 - Squat 2 Fit Unisex Gym,Q-2024-07-01,4
1388 - WaterWorld Aquatic Club - Kapila Resort,Q-2024-07-01,
1389 - Corban Fitness,Q-2024-07-01,3
139 - Cult Basaveshwar Nagar,Q-2024-07-01,3.84
1390 - The Wellness Club Gym Xpress Indirapuram,Q-2024-07-01,4
1391 - Gym City,Q-2024-07-01,3
1397 - Plus Fitness 24*7 South Bopal,Q-2024-07-01,3.56
1398 - Plus Fitness 24*7 Science City,Q-2024-07-01,
1399 - Plus Fitness 24*7 Memnagar,Q-2024-07-01,
1400 - Plus Fitness 24*7 Bodakdev,Q-2024-07-01,3
1401 - Hyatt Pune,Q-2024-07-01,3.89
1406 - Briofit,Q-2024-07-01,
1424 - Shark Fitness (Secunderabad),Q-2024-07-01,3.7
1425 - Coreflex Pilates Studio,Q-2024-07-01,3.93
1427 - KL-27 Gym,Q-2024-07-01,4
1429 - Workout Wonders WOW,Q-2024-07-01,4
"1430 - Cult Gym Thane, Ghodbunder Road",Q-2024-07-01,3.81
1433 - Shred And Tone Gym,Q-2024-07-01,
1434 - 93 Cross Fitness Gym and Spa Sector 82,Q-2024-07-01,3.86
1438 - Core and More Fitness Studio,Q-2024-07-01,4
1439 - Fitt Lounge Gym (By Passerine-Anand Niketan Club),Q-2024-07-01,
144 - Cult Electronic City,Q-2024-07-01,3.87
1440 - Physio Active Pro Fitness Charni Road,Q-2024-07-01,4
1441 - Physio Active Pro Fitness Grant Road,Q-2024-07-01,
1444 - Fitness Yard Indirapuram,Q-2024-07-01,3.67
1446 - Bellissimo Fitness Studio,Q-2024-07-01,4
1447 - Fitness 1 Club Unisex Gym,Q-2024-07-01,3
1450 - 93 Cross Fitness Gym and Spa Sector 91,Q-2024-07-01,3
1451 - Gold's Gym (Breach Candy),Q-2024-07-01,3.63
1453 - Cult Gym Paschim Vihar - B Block,Q-2024-07-01,3.69
1454 - Cult Paschim Vihar - B Block,Q-2024-07-01,3.87
1455 - Beast Brothers Gym,Q-2024-07-01,
1456 - Forever Knight Fitness,Q-2024-07-01,4
1457 - Anytime Fitness Swaroop Nagar,Q-2024-07-01,
1461 - Drona The Fitness Gurukul (Chandra Layout),Q-2024-07-01,3.68
1463 - Fitness Pro Elite,Q-2024-07-01,
1466 - Da Lyfstyle Fitness,Q-2024-07-01,3.73
1470 - Cult Gym Shaikpet,Q-2024-07-01,3.59
1471 - Cult Shaikpet,Q-2024-07-01,3.89
1472 - Cult Gym Hennur,Q-2024-07-01,3.68
"1473 - Cult Gym Thubarahalli, BEML Layout",Q-2024-07-01,3.7
1475 - Cult Hennur,Q-2024-07-01,3.87
"1476 - Cult Thubarahalli, BEML Layout",Q-2024-07-01,3.87
1480 - Global Fitness,Q-2024-07-01,3.83
1482 - AK Fitness,Q-2024-07-01,3.56
1484 - Amritam Yoga Foundation,Q-2024-07-01,4
"1486 - Gold's Gym (Kandivali East, Thakur Mall)",Q-2024-07-01,3.69
149 - Cult Hauz Khas,Q-2024-07-01,3.87
1493 - Fit Hardy Club,Q-2024-07-01,4
1495 - Dark Sweat Health Club,Q-2024-07-01,3.79
1496 - Battle Fit Gym (Sarvodaya Enclave),Q-2024-07-01,3.71
1497 - Cult Gym Kompally,Q-2024-07-01,3.83
1498 - Cult Gym Model Town,Q-2024-07-01,3.66
1499 - Cult Gym Dilsukhnagar,Q-2024-07-01,3.71
15 - GymX Marathahalli,Q-2024-07-01,3.46
1500 - Cult Gym Preet Vihar,Q-2024-07-01,3.67
1501 - Cult Gym Hoodi Main,Q-2024-07-01,3.73
"1502 - Cult Gym Whitefield, Shantiniketan",Q-2024-07-01,3.74
1503 - Cult Gym Koramangala 80 Ft Road,Q-2024-07-01,3.6
1505 - Fitness Cafe 365,Q-2024-07-01,4
1510 - Fitamaze Gym And Fitness Centre,Q-2024-07-01,
1513 - AthaYog Living,Q-2024-07-01,
1514 - Strikeforce Fitness Club,Q-2024-07-01,3
1515 - Cult Gym Gachibowli - Indira Nagar,Q-2024-07-01,3.67
1516 - Body Temple Gym,Q-2024-07-01,
1519 - SET Fitness,Q-2024-07-01,
152 - Cult Banashankari,Q-2024-07-01,3.89
1520 - Stepon Fitness Center,Q-2024-07-01,
1521 - Fitnessize,Q-2024-07-01,4
1522 - Gym Beats Club,Q-2024-07-01,4
1523 - Skale Fitness - Chinmaya Nagar,Q-2024-07-01,3.6
1524 - Dream Fitness,Q-2024-07-01,4
1526 - HY Dance Studio,Q-2024-07-01,3.83
1528 - F45 Training Kukatpally,Q-2024-07-01,
1529 - Muscletech Fitness,Q-2024-07-01,4
1531 - Raptor Fitness,Q-2024-07-01,3.56
1534 - Liger Fitness,Q-2024-07-01,3
1538 - DY Fitness,Q-2024-07-01,
154 - Cult JP Nagar 7th Phase,Q-2024-07-01,3.82
1541 - Ovalnet Badminton Academy,Q-2024-07-01,3.95
1542 - Ninja Fitness,Q-2024-07-01,3
1543 - Reforma Fitness Center,Q-2024-07-01,4
1544 - Fitness Legacy,Q-2024-07-01,3.81
1546 - Foundry Active (Kaggadasapura) - GX,Q-2024-07-01,3.8
1551 - Fit 360 Nagole,Q-2024-07-01,
1552 - Built Fitness,Q-2024-07-01,
"1553 - Cult Gym Rajouri Garden, Z Block",Q-2024-07-01,3.6
"1554 - Cult Rajouri Garden, Z Block",Q-2024-07-01,3.91
1555 - S Gym - Bandlaguda,Q-2024-07-01,
1558 - Fitness Fast Jubilee Hills,Q-2024-07-01,
1559 - Huggett Fitness,Q-2024-07-01,4
156 - Cult Sahakar Nagar,Q-2024-07-01,3.89
1560 - The Core Fit Gym,Q-2024-07-01,3.38
1562 - Muscle Headquarter Krishana Nagar (OM Fitness Club),Q-2024-07-01,4
1563 - The Park Bangalore,Q-2024-07-01,4
1566 - Studio 19,Q-2024-07-01,3.67
1569 - Tap Out,Q-2024-07-01,3.22
157 - Cult Marathahalli,Q-2024-07-01,3.85
1573 - Zest Fitness Studio - Electronics City,Q-2024-07-01,4
1577 - Evolution Fitness Gym Dwarka,Q-2024-07-01,4
1579 - Revive 360 Degree,Q-2024-07-01,
1584 - Lets Get Fit- Kalyan Nagar,Q-2024-07-01,4
1585 - Lets Get Fit- Babusapalya,Q-2024-07-01,3.89
1586 - Volt Fitness Studio (Begumpet),Q-2024-07-01,3.62
1587 - Fitdeh Fitness Gym,Q-2024-07-01,3.83
1588 - Mas Gym,Q-2024-07-01,3
159 - Cult Yelahanka,Q-2024-07-01,3.9
1592 - Vision of Christ fitness Center - Hongasandra,Q-2024-07-01,
1596 - O2 Health Studio Okkiyam - Thuraipakkam,Q-2024-07-01,3.92
1598 - V2 Health Studio,Q-2024-07-01,3.45
1599 - Virtu Fitness- Madipakkam,Q-2024-07-01,3.76
160 - Cult Bannerghatta Main Rd,Q-2024-07-01,3.9
1605 - Olympia Fitness Zone - Malhaur Gomti Nagar,Q-2024-07-01,
161 - Cult RR Nagar,Q-2024-07-01,3.89
1613 - Athlete's the Gym,Q-2024-07-01,4
1615 - Lead Fitness,Q-2024-07-01,3.71
1616 - C3 Fitness- Royapuram,Q-2024-07-01,3
1617 - C3 Fitness- MKB Nagar,Q-2024-07-01,4
1619 - Maidan Athletic Club,Q-2024-07-01,2.5
162 - Cult Kannamangala,Q-2024-07-01,3.91
1623 - SportsFit By M.S. Dhoni RDC,Q-2024-07-01,
1624 - Evo Fitness,Q-2024-07-01,
"1631 - Cult Gym Rohini, Sector 11",Q-2024-07-01,3.45
"1632 - Cult Gym Tulip Chowk, Sector 69",Q-2024-07-01,3.62
1634 - Cult Gym Thanisandra (Near Bhartiya City),Q-2024-07-01,3.61
"1635 - Cult Gym Srinivasapura, RR Nagar",Q-2024-07-01,3.68
1638 - Dancend,Q-2024-07-01,
"1639 - Cult Rohini, Sector 11",Q-2024-07-01,3.9
"1640 - Cult Tulip Chowk, Sector 69",Q-2024-07-01,3.91
1644 - Cult Thanisandra (Near Bhartiya City),Q-2024-07-01,3.8
"1645 - Cult Srinivasapura, RR Nagar",Q-2024-07-01,3.92
1648 - Fusion Fitness - Aliganj,Q-2024-07-01,1
1652 - Pure Training Gym,Q-2024-07-01,
1655 - SR Indoor Swimming Pool Miyapur,Q-2024-07-01,3
1656 - SR Indoor Swimming Pool,Q-2024-07-01,
1661 - Cult South Extension,Q-2024-07-01,3.7
1669 - Burn Out Elite Unisex Fitness Studio - Kolathur,Q-2024-07-01,3.75
167 - Cult Banjara Hills,Q-2024-07-01,3.89
1670 - B2W-BORN To Win Unisex Health And Fitness Studio,Q-2024-07-01,4
1676 - Gold's Gym (Eco World Bellandur),Q-2024-07-01,3.94
1677 - Cult.Play JP Nagar The BigBox,Q-2024-07-01,3.63
168 - Cult Kondapur,Q-2024-07-01,3.86
1681 - Body Scientist Gym,Q-2024-07-01,4
"1684 - Cult Fitnest Prime, Prashant Vihar",Q-2024-07-01,3.9
1692 - Vibe Fitness Studio (Kompally),Q-2024-07-01,3.7
1697 - Raptor Fitness,Q-2024-07-01,3.56
1698 - F99 Fit (Pragathi Nagar),Q-2024-07-01,3.73
170 - Cult Kukatpally,Q-2024-07-01,3.88
1703 - Jaguar Gym - Pragathi Nagar,Q-2024-07-01,3.33
1704 - Jaguar Gym - Miyapur,Q-2024-07-01,
1707 - Sri Shankara Yoga Kendra - Malleshwaram,Q-2024-07-01,
171 - Cult Vasant Kunj,Q-2024-07-01,3.89
1712 - Cult Gym Bahu Plaza Main,Q-2024-07-01,3.66
1717 - Cult Bahu Plaza Main,Q-2024-07-01,3.89
172 - Cult Gachibowli,Q-2024-07-01,3.85
1732 - Gold's Gym (Sarjapur),Q-2024-07-01,3.85
174 - Cult Rajouri Garden,Q-2024-07-01,3.91
1745 - The fitness lounge - Jerai Fitness,Q-2024-07-01,
1751 - Your Fitness JB Nagar,Q-2024-07-01,2.33
1758 - 10 The Health Spa - Bandra West,Q-2024-07-01,
1760 - Patels Gym,Q-2024-07-01,4
1762 - Fitness Art,Q-2024-07-01,2
1771 - Pavillion Fitness,Q-2024-07-01,4
1772 - LC Fitness Club,Q-2024-07-01,
1774 - Khalsa Gym,Q-2024-07-01,3.83
1776 - Crunch Fitness Club,Q-2024-07-01,4
1779 - Carewell Fitness The Gym,Q-2024-07-01,
1788 - HighFit Fitness Sangvi,Q-2024-07-01,3
1789 - HighFit Fitness Balewadi,Q-2024-07-01,
1791 - Elite Fit Katraj,Q-2024-07-01,3.5
1797 - Physc Gym-Hadapsar,Q-2024-07-01,4
18 - Fit 24,Q-2024-07-01,3.69
1801 - DNA Fitness,Q-2024-07-01,
1802 - Physc Gym-Pimpri,Q-2024-07-01,3.67
1807 - F5 Gym And Fitness,Q-2024-07-01,
1809 - Warrior Gym,Q-2024-07-01,3.48
1810 - Warrior Fitness Gyms,Q-2024-07-01,4
1812 - Cult Gym Lokhandwala,Q-2024-07-01,3.74
1815 - Urbounce Fitness,Q-2024-07-01,3.92
1818 - Fitness Ki Chowki-Viman Nagar,Q-2024-07-01,4
182 - Cult Basavanagudi,Q-2024-07-01,3.88
1822 - Planet health Center,Q-2024-07-01,4
1825 - Rebound Wellness,Q-2024-07-01,4
1829 - Luxury Akhada Punjabi Bagh,Q-2024-07-01,
183 - Cult Chandra Layout Maruthi Nagar,Q-2024-07-01,3.9
1830 - Boss Fitness - Vinayagapuram,Q-2024-07-01,3
1833 - Boss Fitness -  Keeranatham,Q-2024-07-01,3.37
1835 - Boss Fitness -  Vadavalli,Q-2024-07-01,
184 - Cult Begumpet,Q-2024-07-01,3.89
1840 - Cult Gym Mittal's City Mall Bathinda,Q-2024-07-01,3.75
1844 - Five The Fitness Hive,Q-2024-07-01,3.49
1850 - Cult Gym Banjara Hills,Q-2024-07-01,3.72
1851 - Swimlife-Cult.Play-Museum Road,Q-2024-07-01,3.64
1852 - HRX Gym RR Nagar,Q-2024-07-01,3.62
1853 - Oxen Gym And Spa,Q-2024-07-01,
1854 - The Bodyline Gym Sector 55,Q-2024-07-01,3
1856 - Aura Gymz,Q-2024-07-01,4
1860 - Xumo Fitness,Q-2024-07-01,3.33
1866 - Anytime Fitness Punjabi Bagh,Q-2024-07-01,3.33
1867 - Anytime Fitness Palam Vihar,Q-2024-07-01,3.74
1869 - Anytime Fitness Rajouri Garden,Q-2024-07-01,3.75
1871 - Cult Gachibowli - Indira Nagar,Q-2024-07-01,3.89
1872 - Cult Gym BTM 2nd Stage,Q-2024-07-01,3.49
1877 - Cult Mittal's City Mall Bathinda,Q-2024-07-01,3.95
1884 - Just Fitt Gym and Spa,Q-2024-07-01,
1890 - Mohit yoga studio,Q-2024-07-01,
1892 - Spartans Club Gym,Q-2024-07-01,
1896 - Daybreakers X Wellness Gym,Q-2024-07-01,4
1898 - Delhi Combat MMA And Crossfit,Q-2024-07-01,3.86
1899 - Fighting Choice Sector 141,Q-2024-07-01,
1902 - Raw Crossfit,Q-2024-07-01,4
1908 - Vie Fit Malad,Q-2024-07-01,4
191 - Cult Janakpuri,Q-2024-07-01,3.92
192 - Cult Patel Nagar,Q-2024-07-01,3.95
1920 - 6262 Fitness - Bandra,Q-2024-07-01,4
1922 - Evolve Fitness Airoli,Q-2024-07-01,
1929 - Perfect Strength Fitness Club,Q-2024-07-01,
193 - Cult Kalyan Nagar,Q-2024-07-01,3.86
1930 - Bodh CrossFit,Q-2024-07-01,4
1931 - Gold's Gym Mulund West,Q-2024-07-01,3.69
1932 - Cult Elpro Mall-PCMC,Q-2024-07-01,3.92
1933 - Achiever Gym,Q-2024-07-01,
1934 - FIT I'M GYM,Q-2024-07-01,4
1935 - BodyCult Gym,Q-2024-07-01,
1936 - Absolut Gym Jamshedpur,Q-2024-07-01,
1937 - Anand Fitness Vision,Q-2024-07-01,4
194 - Cult Botanical Garden Rd,Q-2024-07-01,3.84
1943 - Activ8 Studio - Juhu,Q-2024-07-01,
1952 - Anytime Fitness Navrangpura,Q-2024-07-01,4
1962 - Cult Gym Hesarghatta Road,Q-2024-07-01,3.42
1963 - Mobb Gym,Q-2024-07-01,4
1967 - Cult Hesaraghatta Road,Q-2024-07-01,3.86
1968 - Cult Gym Hennur Gardens (earlier Kothanur),Q-2024-07-01,3.72
1969 - Cult Gym Sarjapur - Dommasandra,Q-2024-07-01,3.66
1970 - Cult Sarjapur - Dommasandra,Q-2024-07-01,3.9
"1971 - Cult Gym HRBR Layout, Banaswadi",Q-2024-07-01,3.53
"1972 - Cult HRBR Layout, Banaswadi",Q-2024-07-01,3.85
1973 - Fit Circle Community,Q-2024-07-01,3
1975 - Component Fitness Janakpuri,Q-2024-07-01,3.9
1979 - Shred Fitness,Q-2024-07-01,3.59
1985 - Divine Fitness,Q-2024-07-01,3.7
1988 - X Core Fitness,Q-2024-07-01,
1989 - RDX Arena Pro (Ex: Meraki Fitness Studio (Sec - 122)),Q-2024-07-01,3.53
1990 - Fit 22 The Gym Palam Vihar,Q-2024-07-01,3.33
1991 - Cult Gym Lower Parel,Q-2024-07-01,3.78
1992 - Cult Lower Parel,Q-2024-07-01,3.88
1995 - L7 Fitness Studio (Ex Commando Fitness),Q-2024-07-01,3.62
1996 - Cult Gym Chembur,Q-2024-07-01,3.8
1997 - Cult Hennur Gardens (earlier Kothanur),Q-2024-07-01,3.9
1999 - Cult Gym Puppalaguda,Q-2024-07-01,3.69
20 - Moments Fitness Hub 2.0,Q-2024-07-01,3.62
200 - Cult Madinaguda,Q-2024-07-01,3.88
2001 - Dynamic Fitness,Q-2024-07-01,
2005 - Cult Gym RR Nagar Ideal Homes Layout,Q-2024-07-01,3.74
2006 - Cult Gym Banashankari 3rd Stage,Q-2024-07-01,3.71
2007 - Cult Banashankari 3rd Stage,Q-2024-07-01,3.89
2008 - Cult Puppalaguda,Q-2024-07-01,3.88
201 - Cult Pitampura,Q-2024-07-01,3.82
2011 - Fitness Xpress Greater Noida,Q-2024-07-01,
2012 - Concept Fitness - Model Town,Q-2024-07-01,4
2013 - Concept Fitness - Kidwai Nagar,Q-2024-07-01,
2014 - Body Sculpt - The Personal Training Studio,Q-2024-07-01,
2015 - R Fitness - Boduppal,Q-2024-07-01,3
2018 - Cult Gym Vijayanagar,Q-2024-07-01,3.62
"2019 - Cult Gym Wave One, Sec-18",Q-2024-07-01,3.78
202 - Cult Whitefield Hopefarm,Q-2024-07-01,3.85
2020 - Cult Vijayanagar,Q-2024-07-01,3.85
"2021 - Cult Wave One, Sec-18",Q-2024-07-01,3.9
2023 - GymX Fitness Redefined (HBR Layout),Q-2024-07-01,3.62
2027 - BodyCraft Fitness and wellness,Q-2024-07-01,4
2028 - RK Fitness Club,Q-2024-07-01,
203 - Cult Frazer Town,Q-2024-07-01,3.86
2030 - Area 61,Q-2024-07-01,4
2037 - Fit24 - Uttarahalli,Q-2024-07-01,
2041 - Elevate Wellness Club Sector 32,Q-2024-07-01,4
2042 - Fit N Fab (Only For Women) - Pitampura,Q-2024-07-01,3
2046 - Quadz Fitness - Rajajinagar 1st Block,Q-2024-07-01,3.6
2051 - Figure Factory Gym,Q-2024-07-01,
2052 - Way to Fitness,Q-2024-07-01,
2053 - A2B Fitness Club,Q-2024-07-01,4
2054 - The Fit Tribe,Q-2024-07-01,4
2058 - Fitness Warehouse Pitampura,Q-2024-07-01,4
2064 - Slam Fitness - Gerugambakkam,Q-2024-07-01,3.33
2065 - Slam Fitness - Kattupakkam,Q-2024-07-01,3.15
2067 - Slam Fitness - Ambattur,Q-2024-07-01,3.5
2069 - Nitrro Wellness and Fitness Hub Kothrud,Q-2024-07-01,3.11
208 - Cult Model Town,Q-2024-07-01,3.89
2083 - All Time Fitness,Q-2024-07-01,3.67
2084 - NMOD Fitness Club,Q-2024-07-01,3.55
2089 - Cult.Play Kanakpura Rd Eagle Nest Sports Academy,Q-2024-07-01,3.67
2090 - Plus Fitness 24*7 Belapur,Q-2024-07-01,
2094 - Trident Fitness Studio (Vidyaranyapura),Q-2024-07-01,3.64
21 - Zest Fitness,Q-2024-07-01,3.37
2100 - Cult Gym Station Road,Q-2024-07-01,3.57
2102 - Hybrid Gym,Q-2024-07-01,3.9
2104 - Laps Swimming Academy - Nagasandra,Q-2024-07-01,
2105 - Abrahams Cardio Gym,Q-2024-07-01,
2106 - Fitness Lifestyle Yoga FLY,Q-2024-07-01,
2108 - Cult Gym Dayanand Vihar,Q-2024-07-01,3.65
2109 - Cult Dayanand Vihar,Q-2024-07-01,3.86
2111 - Metrocity Sports and Health Club,Q-2024-07-01,4
212 - Cult Sarjapur Doddakannalli,Q-2024-07-01,3.85
213 - Cult Rajajinagar,Q-2024-07-01,3.89
2132 - Gold's Gym (Kondapur),Q-2024-07-01,3.75
2137 - Cult Gym Tilak Nagar,Q-2024-07-01,3.55
2138 - Cult Tilak Nagar,Q-2024-07-01,3.9
2139 - Creed Culture GYM,Q-2024-07-01,3.59
2148 - Varun Fitness Studio - Prashanth Nagar,Q-2024-07-01,4
2150 - Varun Fitness Centre,Q-2024-07-01,4
2151 - Cult Gym Ghatkopar,Q-2024-07-01,3.76
2152 - Cult Ghatkopar,Q-2024-07-01,3.86
216 - Cult Eros Sector 49,Q-2024-07-01,3.9
219 - Cult Madhapur,Q-2024-07-01,3.85
221 - Cult South Extension (deprecated),Q-2024-07-01,3.91
2216 - Dynamic Fitness Studio,Q-2024-07-01,3.67
2217 - Dheerus Gym,Q-2024-07-01,3.92
2221 - Her Fitness Rajouri Garden,Q-2024-07-01,3.5
2222 - Her Fitness Kirti Nagar,Q-2024-07-01,
2223 - Her Fitness Punjabi Bagh,Q-2024-07-01,3.33
2224 - Her Fitness Prashant Vihar,Q-2024-07-01,3
2228 - Cult Kondapur (Raghavendra Colony),Q-2024-07-01,3.89
2232 - Cult Gym Nirlon Knowledge Park (Employees Only),Q-2024-07-01,3.71
2233 - Cult Gym Kanakpura,Q-2024-07-01,3.8
2234 - Cult Gym Kaggadasapura,Q-2024-07-01,3.55
2235 - Cult Kaggadasapura,Q-2024-07-01,3.86
2239 - Plej Fitness - Jayanagar,Q-2024-07-01,4
224 - Cult Hiranandani Gardens,Q-2024-07-01,3.93
2241 - Multifit Aundh,Q-2024-07-01,3.56
2244 - Cardio Prime Gym Vasundhara,Q-2024-07-01,
2247 - La Fitnesse Select,Q-2024-07-01,
2248 - Fitness & More Gym,Q-2024-07-01,4
2249 - Total Fit Gym,Q-2024-07-01,3.88
2251 - 3Monkey's Gym,Q-2024-07-01,4
2252 - Optima X Fitness Club,Q-2024-07-01,3.8
2254 - Cult Station Road,Q-2024-07-01,3.88
2255 - BarbellBoss Fitness,Q-2024-07-01,4
2258 - The Workout Place,Q-2024-07-01,3
2260 - AR Fitness Hub,Q-2024-07-01,
2261 - Fitness Freak Extension,Q-2024-07-01,
2262 - Fitness Freak Sector 70,Q-2024-07-01,3
2265 - Gold's Gym Greater Noida,Q-2024-07-01,
2266 - Gold's Gym Greater Noida West,Q-2024-07-01,3.62
2267 - Brahma Fitness,Q-2024-07-01,3.68
227 - Cult AS Rao Nagar,Q-2024-07-01,3.94
2270 - Dream Fitness U-25,Q-2024-07-01,4
2272 - Astrix Fitness,Q-2024-07-01,3.6
2273 - GymX Fitness Redefined (Sarjapur),Q-2024-07-01,3.7
2274 - GK Wellness Studio,Q-2024-07-01,3.69
2275 - Gold's Gym Hinjewadi,Q-2024-07-01,3.94
2277 - PH Prime Hot Yoga NIBM,Q-2024-07-01,3.17
2278 - PH Prime Hot Yoga Fatima Nagar,Q-2024-07-01,
228 - Cult Himayatnagar,Q-2024-07-01,3.88
2281 - Pro Performance Strength And Conditioning Wadgaon Sheri,Q-2024-07-01,4
2287 - MMA Warriors Fight Club And Fitness Hub Uttam Nagar,Q-2024-07-01,
2288 - Quantum Fitness,Q-2024-07-01,
2297 - Diva Yoga Harrington Road,Q-2024-07-01,3.75
23 - Rush Fitness,Q-2024-07-01,3.71
230 - Cult Hoodi,Q-2024-07-01,3.87
2300 - Diva Yoga - Mount Road,Q-2024-07-01,3.6
2301 - Diva Yoga - T Nagar,Q-2024-07-01,4
2303 - Diva Yoga - Velachery,Q-2024-07-01,4
2304 - Resistance 60,Q-2024-07-01,3.67
231 - Cult Akshayanagar,Q-2024-07-01,3.85
2311 - Cult Gym HSR 5th Main,Q-2024-07-01,3.66
2317 - Absolute Fitness,Q-2024-07-01,3
2319 - Cult Nirlon Knowledge Park (Employees Only),Q-2024-07-01,3.85
232 - Cult Brigade Road,Q-2024-07-01,3.83
2322 - Cult Chembur,Q-2024-07-01,3.89
2323 - Crossfit 9one,Q-2024-07-01,
2327 - Cult.Play Hongasandra DEE Sports,Q-2024-07-01,3.55
2328 - Cult Gym New BEL Road,Q-2024-07-01,3.64
2329 - Cult New BEL Road,Q-2024-07-01,3.84
"2330 - Cult Gym Spectrum, Sector 75",Q-2024-07-01,3.61
"2331 - Cult Spectrum, Sector 75",Q-2024-07-01,3.89
2345 - ZenXFit,Q-2024-07-01,3.6
2346 - Cult Harlur Swimming,Q-2024-07-01,3.66
2348 - One All Fitness,Q-2024-07-01,3.62
235 - Cult Lajpat Nagar (earlier Ring Road),Q-2024-07-01,3.92
2353 - Intense Fitness,Q-2024-07-01,
2354 - Anytime Fitness Rohini,Q-2024-07-01,3.75
2355 - Energyia Fitness Centre,Q-2024-07-01,4
2356 - Nani's School of Fitness (Hebbal),Q-2024-07-01,3.63
2358 - 3D The Gym Tilak Nagar,Q-2024-07-01,
2359 - 3D The Gym Saket,Q-2024-07-01,
236 - Cult Preet Vihar,Q-2024-07-01,3.89
2361 - Inshape Gym,Q-2024-07-01,3.36
2364 - Metabolic Fitness,Q-2024-07-01,3
2367 - Diva Yoga Andheri,Q-2024-07-01,
"2371 - Gold's Gym (Greater Kailash, Jammu)",Q-2024-07-01,3.61
2376 - Cult Lecaprio Splash Swimming,Q-2024-07-01,3.64
2378 - MS Fitness Club (Yelahanka),Q-2024-07-01,3.69
2379 - Skale Fitness - Kolathur,Q-2024-07-01,3.2
2380 - Skale Fitness - Porur,Q-2024-07-01,4
2383 - Diva Yoga Powai,Q-2024-07-01,3.71
2385 - GR Fitness Maninagar,Q-2024-07-01,3
2393 - Kunakshis Kore Body Pilates,Q-2024-07-01,
2396 - Dr Fit Multi Gym And Fitness Studio - Uttarpara,Q-2024-07-01,
24 - Conquer Gym,Q-2024-07-01,3.78
2400 - Iron Regime Fitness,Q-2024-07-01,
2409 - I Lift Fitness (Green Park Extension),Q-2024-07-01,3.68
2410 - Gold's Gym (Narsingi),Q-2024-07-01,3.73
2411 - Cult Dwarka 10 Swimming,Q-2024-07-01,3.67
2412 - Cult Gym Sector 45 Gurgaon,Q-2024-07-01,3.56
2413 - Cult Sector 45 Gurgaon,Q-2024-07-01,3.82
2414 - Cult Gym RT Nagar Road,Q-2024-07-01,3.57
2415 - Cult RT Nagar Road,Q-2024-07-01,3.85
2417 - Real Fitness,Q-2024-07-01,3.75
"2418 - Cult Gym JP Nagar, 3rd Phase",Q-2024-07-01,3.68
2419 - Fitness Evogue,Q-2024-07-01,
242 - Cult Tardeo,Q-2024-07-01,3.9
2422 - Brad Fitness 2.0,Q-2024-07-01,3.58
"2423 - Cult JP Nagar, 3rd Phase",Q-2024-07-01,3.84
"2424 - Cult Gym Hazipur, Sector 104, Noida",Q-2024-07-01,3.68
"2426 - Cult Gym RBI Layout, JP Nagar 7th Phase",Q-2024-07-01,3.64
2428 - Cult Gym Banjara Hills Road No. 2,Q-2024-07-01,3.72
2429 - Cult Banjara Hills Road No. 2,Q-2024-07-01,3.88
243 - Cult Banaswadi,Q-2024-07-01,3.89
2430 - Cult Neo Gym Begur,Q-2024-07-01,3.68
2431 - Cult Neo Gym TC Palya,Q-2024-07-01,3.73
2432 - Cult Gym Moti Nagar,Q-2024-07-01,3.55
2436 - Divine Gym,Q-2024-07-01,4
2437 - Cult Moti Nagar,Q-2024-07-01,3.85
2438 - K6 Fitness Studio,Q-2024-07-01,3.33
2439 - Cult Gym Nepean Sea Road,Q-2024-07-01,3.66
2442 - Sqorfit Gym Sector 43,Q-2024-07-01,3.5
2443 - Gold's Gym - Sasthamangalam,Q-2024-07-01,3.66
245 - Cult DLF Phase 1,Q-2024-07-01,3.88
2451 - Cloud Fitness,Q-2024-07-01,3.74
2452 - Global Fitness - Kulathoor,Q-2024-07-01,3.54
2453 - Global Fitness - Sreekariyam,Q-2024-07-01,3.5
2454 - Mighty Fitness Club,Q-2024-07-01,3.47
2455 - Moments Fitness Hub 3.0 (Begur),Q-2024-07-01,3.67
2457 - Urbounce - The Club,Q-2024-07-01,
2460 - The Fitness Connection,Q-2024-07-01,
2461 - Gain Town Fitness Club,Q-2024-07-01,3.83
2462 - Energetic Fitness Gym,Q-2024-07-01,3.75
2464 - Real Steel Fitness Center,Q-2024-07-01,3
"2465 - Cult Gym Kumaraswamy Layout, Yelachenahalli",Q-2024-07-01,3.64
2467 - Clan Fitness Club,Q-2024-07-01,3.7
2469 - Raptor Fitness (Addagutta),Q-2024-07-01,3.63
247 - Cult LB Nagar,Q-2024-07-01,3.89
2470 - Animal Gym (Ex Muscle Madness),Q-2024-07-01,3.58
2471 - Mad Hustle,Q-2024-07-01,3.47
2472 - Impackt Fitness (Gowlidoddy),Q-2024-07-01,3.53
2473 - Cult Gym Kokapet,Q-2024-07-01,3.75
2474 - Golds Gym - Vytilla,Q-2024-07-01,3.85
2475 - Cult Kokapet (Hybrid),Q-2024-07-01,3.84
"2483 - Cult Kumaraswamy Layout, Yelachenahalli",Q-2024-07-01,3.83
2485 - Muscletech Fitness - HMT Layout,Q-2024-07-01,3.5
2487 - Golden Fins - Babusaplaya,Q-2024-07-01,
2488 - Fitness Extreme International Inc - Varthuru,Q-2024-07-01,4
2490 - Fitness Extreme International Inc - Andheri West,Q-2024-07-01,
2497 - EMOM Fitness,Q-2024-07-01,3.69
"2498 - Cult Kanakapura Road, Raghuvanahalli",Q-2024-07-01,3.86
"2499 - Cult Hazipur, Sector 104, Noida",Q-2024-07-01,3.89
2503 - Cult Doddanekundi Swimming,Q-2024-07-01,3.51
2509 - Five The Fitness Hive (Kukatpally),Q-2024-07-01,3.63
251 - Cult SG Palya (Near Forum Koramangala),Q-2024-07-01,3.88
2511 - Cult Gym Lajpat Nagar,Q-2024-07-01,3.69
2512 - Cult Gym Defence Colony,Q-2024-07-01,3.5
2513 - Cult Defence Colony,Q-2024-07-01,3.85
2514 - Intense Fitness,Q-2024-07-01,3.63
2515 - Fitness Empire Unisex Gym Thiruvallur,Q-2024-07-01,
2516 - Idol Fitness,Q-2024-07-01,3.54
2517 - Get.Fit,Q-2024-07-01,3.44
2518 - Cult Gym Erragadda,Q-2024-07-01,3.48
2519 - cult Store Indiranagar,Q-2024-07-01,3.57
2520 - Cult Gym Kothapet,Q-2024-07-01,3.63
2521 - Cult Kothapet,Q-2024-07-01,3.86
2523 - Taarak Fit,Q-2024-07-01,3.59
2524 - E2 Fitness and wellness Elite Unisex Gymnasium - Perungalathur,Q-2024-07-01,2.41
2525 - Cult Tumkur,Q-2024-07-01,3.88
2530 - E2 Fitness and wellness Elite Unisex Gymnasium - Tambaram,Q-2024-07-01,4
2535 - Cult Vasant Kunj Swimming,Q-2024-07-01,3.73
2536 - cult Store HSR 19th Main,Q-2024-07-01,4
2541 - Pink Fitness - Ramapuram,Q-2024-07-01,
2553 - Body Sculptures Fitness Studio,Q-2024-07-01,
2555 - Cult Gym Sadashivnagar,Q-2024-07-01,3.7
2556 - Cult Sadashivnagar,Q-2024-07-01,3.85
2568 - Zest Fitness 27th Main,Q-2024-07-01,3.58
2574 - Cult Gym Gulmohar Colony,Q-2024-07-01,3.61
"2576 - HCG, Suchitra",Q-2024-07-01,
2577 - SR Indoor Swimming Pool - Tellapur,Q-2024-07-01,
2579 - Priortizing Fitness,Q-2024-07-01,3.55
2581 - Saiyans House of Fitness,Q-2024-07-01,3.88
2586 - My Tribe - Sports and Fitness,Q-2024-07-01,
2593 - Velocity Fitness Studio,Q-2024-07-01,3.72
2594 - Cult SLK,Q-2024-07-01,3.8
2595 - Cult Neo Gym BN Reddy Nagar,Q-2024-07-01,3.6
2597 - Cult Gym Sector 90,Q-2024-07-01,3.67
2598 - Cult Sector 90,Q-2024-07-01,3.9
260 - Cult Juhu,Q-2024-07-01,3.87
2600 - AFC GYM Sector 57,Q-2024-07-01,3
2601 - Joyfit Fitness Studio,Q-2024-07-01,
2602 - Cult  Gulmohar Colony,Q-2024-07-01,3.9
2603 - Sathvik Fitness Trendz Gym - Madhapur,Q-2024-07-01,3.5
2604 - Sathvik Fitness Trendz Gym - Borabanda,Q-2024-07-01,1
2605 - Muscle Headquarter,Q-2024-07-01,3.67
2606 - Urban Gymnasium Chembur,Q-2024-07-01,
"2608 - Cult Gym BTM 4th Stage, Vijaya Bank Layout",Q-2024-07-01,3.64
2609 - Cult BTM 4th Stage Vijaya Bank Layout,Q-2024-07-01,3.81
261 - Cult Malad,Q-2024-07-01,3.91
2612 - Cult Gym Wakad,Q-2024-07-01,3.62
2613 - Cult Wakad,Q-2024-07-01,3.8
"2614 - Cult Gym Avalahalli, Doddaballapur Road",Q-2024-07-01,3.58
2615 - Fitness First Platinum Juhu,Q-2024-07-01,3.78
2617 - Fitness First Platinum BKC,Q-2024-07-01,3
2618 - Fitness Axis Crossfit,Q-2024-07-01,
2621 - The Fitness Bar,Q-2024-07-01,3.43
2625 - Champions Fitness Centre,Q-2024-07-01,
2626 - The Body Planet 24/7,Q-2024-07-01,3.64
2627 - Hustle Health & Fitness Studio,Q-2024-07-01,3.75
2628 - Versatile Fitness,Q-2024-07-01,
2633 - Cult Gym Bandra (Hybrid),Q-2024-07-01,3.71
2634 - Cult Bandra,Q-2024-07-01,3.87
2641 - Cult Gym Silversprings Marathalli,Q-2024-07-01,3.7
"2643 - Cult Silver Springs Layout, Marathahalli",Q-2024-07-01,3.75
2644 - Vyaan Fitness Studio,Q-2024-07-01,3.74
2645 - Junkyard Fitness Community,Q-2024-07-01,
2646 - The K Fitness,Q-2024-07-01,3
2647 - ZE Fitness,Q-2024-07-01,4
2648 - Ozone GYM,Q-2024-07-01,3
"2649 - Cult Gym Rajajinagar, Dr Raj Kumar Rd",Q-2024-07-01,3.82
2650 - BKJ Fitness,Q-2024-07-01,
"2651 - Cult Rajajinagar, Dr Rajkumar Rd",Q-2024-07-01,3.84
2652 - Midtown Fitness Parel,Q-2024-07-01,
2653 - Fitniq Gym,Q-2024-07-01,3.88
2654 - Motiv8 Fitness,Q-2024-07-01,3.19
2655 - The Zone 360 Fitness,Q-2024-07-01,4
2656 - Maddz Fitness,Q-2024-07-01,3.86
2657 - MPower Gym,Q-2024-07-01,3.6
2658 - Physc Gym Chinchwad,Q-2024-07-01,3.5
2659 - Addict Fitness Studio - Atchutapuram,Q-2024-07-01,3.61
2660 - Cult Gym Botanical Garden Rd,Q-2024-07-01,3.73
2661 - Jaypee Greens,Q-2024-07-01,
2663 - Elevate Fitness Studio,Q-2024-07-01,3.59
2664 - LR Fitness,Q-2024-07-01,4
2665 - The Gym Club Sector 49,Q-2024-07-01,4
2666 - Golds Gym Sector 67,Q-2024-07-01,3.43
2671 - AMRAP Fitness (Sahakarnagar),Q-2024-07-01,3.82
2672 - Crunch Fitness (Hoodi),Q-2024-07-01,3.5
2673 - Fitranger Gym Kothrud,Q-2024-07-01,
2674 - Fitranger Gym Bavdhan,Q-2024-07-01,3.75
2675 - B2B Gym,Q-2024-07-01,4
2677 - Empire Fitness Club,Q-2024-07-01,4
2678 - TUF Fitness Studio,Q-2024-07-01,4
268 - Cult Velachery Chennai - Hybrid,Q-2024-07-01,3.92
2683 - Fitness First Hamilton House,Q-2024-07-01,4
2685 - Fitness First Mall of India,Q-2024-07-01,
2687 - GymX Fitness Redefined 2.0 (Electronic City),Q-2024-07-01,3.62
2688 - GymX Fitness Redefined 2.0 (Kasavanahalli),Q-2024-07-01,3.62
2696 - Veer's Gym Dabri Mor,Q-2024-07-01,
2697 - Veer's Gym Mohan Block,Q-2024-07-01,
2698 - Veer's Gym Indra Park,Q-2024-07-01,3.67
2699 - Thrive Gym Sec 23,Q-2024-07-01,
270 - Cult Kalyani Nagar old,Q-2024-07-01,3.9
2700 - Zero3 - The Fit Factory (CV Raman Nagar),Q-2024-07-01,3.56
2704 - Fitness Step,Q-2024-07-01,4
2707 - Veer's Gym Mohannagar,Q-2024-07-01,3.75
2710 - Cult Gym Tribe Indiranagar (Hybrid),Q-2024-07-01,3.79
2711 - Chivan Fitness,Q-2024-07-01,3.67
2714 - The Sweat Box Health Club,Q-2024-07-01,3
2716 - Royal Fitness Club Pune,Q-2024-07-01,
2717 - JD Fitness,Q-2024-07-01,
2719 - The Box N Burn Fitness House - Dombivali East,Q-2024-07-01,3
272 - Cult Nagavara - Manyata Tech Park,Q-2024-07-01,3.86
2721 - Machineless Workout Gym - Navi Mumbai,Q-2024-07-01,
2722 - Fit N Fab Prime,Q-2024-07-01,
2725 - Pro Maker Gym & Health Club,Q-2024-07-01,
2726 - Calfunc MG Road,Q-2024-07-01,3.5
2727 - Club Viva,Q-2024-07-01,3.5
2729 - Fit Bharat Gym & Spa,Q-2024-07-01,
"2730 - Cult Gym Basaveshwar Nagar, 4th Block",Q-2024-07-01,3.43
2732 - Near Fitness Studio And Gym,Q-2024-07-01,
2735 - Aesthetics Fitness,Q-2024-07-01,
2736 - S K Health Club,Q-2024-07-01,
2737 - Fitness Zone Gym,Q-2024-07-01,
2738 - Aim Fit (NRI Layout),Q-2024-07-01,3.35
2740 - Hypertrophy Gym,Q-2024-07-01,3.71
2741 - Slam Fitness - Washermanpet,Q-2024-07-01,3.96
2742 - Equinox Fitness,Q-2024-07-01,
2743 - Fitness Affair Gym & CrossFit Sector 45,Q-2024-07-01,
2744 - Elite Gym - Hastinapuram,Q-2024-07-01,
2746 - Okinawa Fitness,Q-2024-07-01,
2747 - Oracle Fitness,Q-2024-07-01,4
2748 - Fiziko Fitness Premium,Q-2024-07-01,3
2750 - O2 Health Studio - Besant Nagar,Q-2024-07-01,4
"2751 - Cult Basaveshwar Nagar, 4th Block",Q-2024-07-01,3.77
2756 - Strive Fitness - Madinaguda,Q-2024-07-01,
2757 - Fityard Fitness Academy,Q-2024-07-01,
2759 - Grow Your Muscle Gym,Q-2024-07-01,
2760 - URBAN GYMNATION- Sec 21,Q-2024-07-01,
2761 - URBAN GYMNATION Sec - 9,Q-2024-07-01,4
2762 - WTF Exclusive Gym Indirapuram,Q-2024-07-01,
2763 - WTF Exclusive Gym Sector 16 Noida,Q-2024-07-01,
2764 - Fitfusion Studio,Q-2024-07-01,
2765 - WTF Swear to Fit Fitness Club Sector 70 Noida,Q-2024-07-01,4
"2774 - Cult Avalahalli, Doddaballapur Road",Q-2024-07-01,3.73
2775 - Master Fitness Studio,Q-2024-07-01,3
2776 - Cult Miyapur Sunrise Swimming,Q-2024-07-01,3.87
2778 - Gold's Gym Sector 51 Noida,Q-2024-07-01,3.5
2779 - Gold's Gym Sector 104 Noida,Q-2024-07-01,2.67
278 - Cult Malviya Nagar,Q-2024-07-01,3.83
2781 - KK Fitness,Q-2024-07-01,
2782 - Metrocity Sports and Health Club - Mayur Colony,Q-2024-07-01,4
2783 - Urban Fit Club,Q-2024-07-01,4
2784 - Yuva77 fitness centre,Q-2024-07-01,
2785 - Royal Fitness Wagholi,Q-2024-07-01,4
2786 - New life fitness A1 Gym,Q-2024-07-01,
2787 - Fitness Heroes The Gym,Q-2024-07-01,4
2789 - The Fitness Box Gym By Umesh Chhabraa,Q-2024-07-01,
2790 - The Fitpro Gym (Only For Girls),Q-2024-07-01,4
2794 - Cult Kondapur Sunrise Swimming,Q-2024-07-01,3.81
2797 - FITXL Gym,Q-2024-07-01,
2800 - Fitness Warehouse,Q-2024-07-01,
2801 - Core.Fit,Q-2024-07-01,
2802 - Star Fitness Janakpuri,Q-2024-07-01,3
2804 - Cult Begur & Moments Fitness Hub 3.0,Q-2024-07-01,3.9
2808 - F7 Fitness by Prasad Konda (Risala Bazar),Q-2024-07-01,3
2811 - Fitness 99,Q-2024-07-01,4
2812 - Intense Rigour Club,Q-2024-07-01,
2817 - Wolf Fitness Gym,Q-2024-07-01,
2818 - FITZONE Gym & CrossFit,Q-2024-07-01,3.5
2819 - OLYMPIAN Gym By Techno Fit Fitness Centre,Q-2024-07-01,2
282 - Cult Saket,Q-2024-07-01,3.9
2821 - SEN Fitness - Anna Nagar,Q-2024-07-01,
2825 - Gold's Gym Salt Lake,Q-2024-07-01,4
2826 - My Fitness Pro Gym,Q-2024-07-01,4
2827 - Physique Elite Gym,Q-2024-07-01,
283 - Cult Dwarka Sector 12,Q-2024-07-01,3.91
2830 - Fitnastic Fitness Gym,Q-2024-07-01,
2831 - Dreamfitt gym,Q-2024-07-01,
2834 - Gold's Gym Newtown,Q-2024-07-01,1
2836 - YC'S Powerhouse Gym,Q-2024-07-01,3.71
2841 - Fluid Gym Tagore Garden,Q-2024-07-01,3
2842 - Fluid Gym Hari Nagar,Q-2024-07-01,
2843 - Fluid Gym Mansarover Garden,Q-2024-07-01,
2845 - Fiziko Fitness,Q-2024-07-01,3
2847 - Draphy Fitness Zone - Pallikaranai,Q-2024-07-01,1
2848 - Draphy Fitness Zone - Sembakkam,Q-2024-07-01,
2850 - Luxury Akhada Mansarovar Garden,Q-2024-07-01,4
2851 - Fit and Fab Fitness,Q-2024-07-01,
2852 - Lime Fitness Studio - Madipakkam,Q-2024-07-01,
2854 - Fitness Solutions Dehradun,Q-2024-07-01,
2856 - Doon Fitness Unisex Gym,Q-2024-07-01,
2857 - Fitness Hub Pimple Saudagar,Q-2024-07-01,
2860 - Orbit Fitness,Q-2024-07-01,
2861 - Voltt Fitness Studio,Q-2024-07-01,
2873 - Pump Nation Fitness Sector 14,Q-2024-07-01,4
2874 - Pump Nation Fitness Sector 46,Q-2024-07-01,3.6
2877 - Magnum Health Club Vishnu Garden,Q-2024-07-01,
2878 - Fit Zone,Q-2024-07-01,4
288 - Cult SR Nagar(Deprecated),Q-2024-07-01,3.92
2881 - I Fitness Camp,Q-2024-07-01,
2883 - Alpha Fitness,Q-2024-07-01,4
2884 - Force Fitness Gym,Q-2024-07-01,
2885 - Briofit Gym,Q-2024-07-01,
2888 - Fitness Fast Tolichowki,Q-2024-07-01,
2889 - Rev Social Fitness,Q-2024-07-01,3
289 - Cult Nizampet x Roads,Q-2024-07-01,3.9
2895 - Fit me Gym and Zumba,Q-2024-07-01,
290 - Cult Dilsukhnagar,Q-2024-07-01,3.88
2901 - Elevation Fitness Gym,Q-2024-07-01,
2905 - Muscle Trainer Gym,Q-2024-07-01,
291 - Cult Srinagar Colony,Q-2024-07-01,3.89
2912 - C5 Training Space Hinjewadi,Q-2024-07-01,
2914 - Power Fitness Studio,Q-2024-07-01,
2916 - Team Fibre,Q-2024-07-01,
292 - Cult Powai-Raheja Vihar,Q-2024-07-01,3.93
294 - Cult Prabhadevi,Q-2024-07-01,3.88
295 - Cult Kandivali West,Q-2024-07-01,3.88
304 - Cult Nallagandla,Q-2024-07-01,3.88
305 - Cult Kompally,Q-2024-07-01,3.9
307 - Cult Marathahalli ORR,Q-2024-07-01,3.88
31 - The Monkey Fitness,Q-2024-07-01,3.68
315 - Cult HSR 24th Main,Q-2024-07-01,3.83
316 - Cult Magarpatta City,Q-2024-07-01,3.87
318 - Cult Nagole,Q-2024-07-01,3.9
321 - Cult Habsiguda,Q-2024-07-01,3.9
33 - Supergym (Pai Layout),Q-2024-07-01,3.54
331 - Cult Wakad(deprecated),Q-2024-07-01,3.9
338 - Cult Sector 9 Panchkula,Q-2024-07-01,3.91
34 - Supergym (Thippasandra),Q-2024-07-01,3.55
346 - Cult Financial District,Q-2024-07-01,3.9
349 - Cult Elamkulam,Q-2024-07-01,3.93
35 - Supergym (Vignan Nagar),Q-2024-07-01,3.31
36 - Shred Fitness,Q-2024-07-01,3.51
361 - Cult HSR 14th Main,Q-2024-07-01,3.84
"362 - Cult Kanakapura Road, Doddakallasandra",Q-2024-07-01,3.9
37 - Pledge Fitness,Q-2024-07-01,3.72
370 - Cult Lokhandwala old,Q-2024-07-01,3.86
371 - Cult Andheri East,Q-2024-07-01,3.92
379 - Cult Sector 104 Noida ( Deprecated ),Q-2024-07-01,3.92
384 - Cult Siripuram,Q-2024-07-01,3.8
386 - Cult Madhu Milan Square,Q-2024-07-01,3.88
"391 - Cult MG Road, Mangalore",Q-2024-07-01,3.98
394 - Cult Race Course Rd,Q-2024-07-01,3.92
"396 - Cult Sushant Lok, Phase 1",Q-2024-07-01,3.91
42 - Platinum Fitness Club,Q-2024-07-01,3.47
43 - Yashmaxx 2.0,Q-2024-07-01,3.32
46 - Conquest Fitness,Q-2024-07-01,3.55
465 - Stallion Fitness (Kompally),Q-2024-07-01,3.67
467 - Thew Fitness (DLF Phase 1),Q-2024-07-01,3.68
468 - Studio Velocity,Q-2024-07-01,3.76
469 - Fitness Culture (Sultanpur),Q-2024-07-01,
47 - Millennium Fitness Club,Q-2024-07-01,3.71
470 - Fitmax,Q-2024-07-01,3.34
471 - Cult Gym Banashankari 2nd Stage,Q-2024-07-01,3.66
472 - Cult Circular Road,Q-2024-07-01,3.9
478 - An.Fit,Q-2024-07-01,3.59
483 - Aim Fit,Q-2024-07-01,3.49
486 - Body Zone Gym and Fitness Center,Q-2024-07-01,3.51
487 - Team Core,Q-2024-07-01,3.5
488 - FitLifez Gym and Spa,Q-2024-07-01,3.57
49 - Drona The Fitness Gurukul,Q-2024-07-01,3.55
490 - Cult Gym Indiranagar,Q-2024-07-01,3.61
491 - Quad the Fitness Hub,Q-2024-07-01,3.65
492 - Cult Gym Richmond Road,Q-2024-07-01,3.58
493 - Cult Anna Nagar,Q-2024-07-01,3.91
494 - Cult Nungambakkam,Q-2024-07-01,3.89
50 - Fast Fit Gym,Q-2024-07-01,3.54
502 - High Fitness Club,Q-2024-07-01,3.64
508 - The Iron Pumpers Gym,Q-2024-07-01,3.63
514 - MultiFit (Hennur),Q-2024-07-01,3.63
515 - Fitness Element (Ex MultiFit Grand Tamanna),Q-2024-07-01,3.61
517 - MultiFit (Kalyan Nagar),Q-2024-07-01,3.72
519 - MultiFit (Pimple Saudagar),Q-2024-07-01,3.76
520 - MultiFit (SUFC),Q-2024-07-01,3.56
524 - Turbo Fitness (Bandra),Q-2024-07-01,3.64
526 - Ares Gym,Q-2024-07-01,3.47
53 - I Lift Fitness,Q-2024-07-01,3.6
530 - Cult Adyar,Q-2024-07-01,3.94
534 - Be Fit,Q-2024-07-01,
536 - Afterburn Fitness Studio (Alwal),Q-2024-07-01,3.69
542 - Fit Gym (West Patel Nagar),Q-2024-07-01,3.11
544 - Alpha Fitness (ex. Taurus Fitness),Q-2024-07-01,3.49
546 - Bomiso Fitness,Q-2024-07-01,2
548 - Body Power,Q-2024-07-01,3.66
550 - Freedom Fitness,Q-2024-07-01,3.68
552 - Aesthetic B Fitness (ex. Stark Fitness),Q-2024-07-01,3.31
555 - F99 FIT,Q-2024-07-01,3.68
556 - Fitness 4 All,Q-2024-07-01,3.4
56 - FitLifez Gym and Spa,Q-2024-07-01,3.65
569 - Sehat World Green (Dwarka),Q-2024-07-01,3.72
574 - Cult Vidyaranyapura,Q-2024-07-01,3.86
576 - 9th Gear Fitness Club,Q-2024-07-01,3.75
577 - Fitness One Gym,Q-2024-07-01,3.43
579 - F99 Fit,Q-2024-07-01,3.2
582 - Foundry Active,Q-2024-07-01,3.42
584 - Fly Fit (New Friends Colony),Q-2024-07-01,3.61
587 - B3 Wellness Studio,Q-2024-07-01,3.54
588 - In The Pink Fitness Club,Q-2024-07-01,3.6
59 - IGNYT Gym,Q-2024-07-01,3.44
590 - Lifestyle Fitness Gym and Cardio (Kothapet),Q-2024-07-01,3.54
591 - Stallion Fitness (Kondapur),Q-2024-07-01,3.64
592 - Team Core,Q-2024-07-01,3.77
600 - Cult Pal Heights,Q-2024-07-01,3.89
603 - Cult Dharampeth,Q-2024-07-01,3.91
605 - Cult Race Course,Q-2024-07-01,3.96
"606 - Cult Gym RDC, Ghaziabad",Q-2024-07-01,3.45
607 - Cult Gym Bellandur,Q-2024-07-01,3.61
608 - Cult Gym HSR,Q-2024-07-01,3.63
61 - Body Zone Gym,Q-2024-07-01,3.56
613 - Cult Alwarpet,Q-2024-07-01,3.89
614 - Cult Gym Gomti Nagar,Q-2024-07-01,3.77
615 - Cult Gym Golf Course Rd,Q-2024-07-01,3.59
616 - Cult Golf Course Rd,Q-2024-07-01,3.82
617 - Cult Gomti Nagar,Q-2024-07-01,3.95
63 - Grapple Fitness,Q-2024-07-01,3.75
64 - Changeover Fitness Studio,Q-2024-07-01,3.5
670 - Elon Fitness,Q-2024-07-01,3.66
673 - Fitness Craze,Q-2024-07-01,3.73
674 - GymPoint The Fitness Studio,Q-2024-07-01,3.4
677 - Cult Gym Napier Town,Q-2024-07-01,3.76
678 - Cult Napier Town,Q-2024-07-01,3.9
68 - Tiger Gym,Q-2024-07-01,3.29
680 - Cult Gym Vijay Nagar,Q-2024-07-01,3.51
681 - Cult Vijay Nagar,Q-2024-07-01,3.78
685 - Cult Gym Pitampura,Q-2024-07-01,3.67
686 - Cult Gym BTM Layout,Q-2024-07-01,3.61
687 - Cult BTM Layout,Q-2024-07-01,3.87
69 - Universal Gym,Q-2024-07-01,3.6
690 - Gold's Gym (Kalyani Nagar),Q-2024-07-01,3.49
691 - Gold’s Gym Hadapsar,Q-2024-07-01,3.48
693 - Cult Mulund West,Q-2024-07-01,3.86
694 - Reshape Fitness,Q-2024-07-01,3.69
7 - cure.fit Bangalore,Q-2024-07-01,4
706 - Absolute Fitness Studio,Q-2024-07-01,3.62
708 - Cult Gym Kukatpally,Q-2024-07-01,3.59
"709 - Bomiso Fitness (Sector 50, Gurgaon)",Q-2024-07-01,3.72
715 - Stark Fitness Studio (Nizampet),Q-2024-07-01,3.54
720 - Gold's Gym (Lower Parel),Q-2024-07-01,3.76
721 - Gold's Gym (Yelahanka),Q-2024-07-01,3.78
722 - Gold's Gym (Malleshwaram),Q-2024-07-01,3.59
725 - Gold's Gym (BEL Road),Q-2024-07-01,3.48
726 - Gold's Gym (Janakpuri),Q-2024-07-01,3.57
727 - Shadow Fitness,Q-2024-07-01,
73 - Apple Fitness,Q-2024-07-01,3.52
730 - C3 Fit Klub,Q-2024-07-01,3.43
731 - Fit City,Q-2024-07-01,3.76
732 - Gold's Gym (Powai),Q-2024-07-01,3.74
733 - Gold's Gym (Kalyan Nagar),Q-2024-07-01,3.63
734 - Fit Gym (East Patel Nagar),Q-2024-07-01,3.21
735 - Cult Gym Malviya Nagar,Q-2024-07-01,3.43
740 - Gold's Gym Baner,Q-2024-07-01,3.58
741 - Gold's Gym (Whitefield),Q-2024-07-01,3.56
745 - Gold's Gym (Vijayanagar),Q-2024-07-01,3.54
746 - Muscle Mutant,Q-2024-07-01,3.64
753 - Clout Fitness (Whitefield),Q-2024-07-01,3.73
754 - GymPoint The Fitness Studio (Madhapur),Q-2024-07-01,3.63
759 - Gold's Gym (Kandivali East),Q-2024-07-01,
760 - Gold's Gym (Kandivali West),Q-2024-07-01,3.73
761 - Cult Greater Noida West,Q-2024-07-01,3.89
764 - Cult Gym Dwarka Sector 12,Q-2024-07-01,3.62
767 - VFitness,Q-2024-07-01,3.8
769 - Cult RDC Ghaziabad,Q-2024-07-01,3.89
77 - Speed Fitness,Q-2024-07-01,3.63
779 - Yashmaxx Fitness,Q-2024-07-01,3.74
780 - Big Box,Q-2024-07-01,3.52
781 - MS Fitness,Q-2024-07-01,3.76
782 - Prime Strength,Q-2024-07-01,3.78
789 - Cult Gym KR Puram,Q-2024-07-01,3.72
790 - Cult KR Puram,Q-2024-07-01,3.89
80 - Technolife Fitness Club,Q-2024-07-01,3.62
801 - Gold's Gym Belgaum,Q-2024-07-01,3.75
81 - Clout Fitness,Q-2024-07-01,
82 - Stark Fitness Studio,Q-2024-07-01,3.7
826 - Gold's Gym Moradabad,Q-2024-07-01,3.65
83 - Black Vigor (Gaur City),Q-2024-07-01,3.47
832 - Gold's Gym Tumkur,Q-2024-07-01,3.58
833 - Gold's Gym Hesaraghatta Main Road,Q-2024-07-01,3.52
834 - 1Life Fitness,Q-2024-07-01,3.64
836 - LMNT Fitness Club,Q-2024-07-01,3.6
837 - Gold's Gym Greater Kailash,Q-2024-07-01,3.37
839 - F7 Fitness by Prasad Konda (Bolarum),Q-2024-07-01,3.65
84 - Black Vigor,Q-2024-07-01,3.59
843 - Your Life Fitness Gym (Sector 61 Noida),Q-2024-07-01,3.64
85 - F Square Fitness,Q-2024-07-01,3.5
862 - Cult Goregaon West,Q-2024-07-01,3.91
863 - Cult Borivali West,Q-2024-07-01,3.91
867 - Sehat World (Sector -23),Q-2024-07-01,3.76
868 - Cult Gym Dharampeth,Q-2024-07-01,3.49
869 - Cult Gym Manikonda,Q-2024-07-01,3.66
"870 - Cult Gym Rajajinagar 12th Cross, Mahalaxmi Layout",Q-2024-07-01,3.57
871 - Cult Manikonda,Q-2024-07-01,3.9
"872 - Cult Rajajinagar 12th Cross, Mahalaxmi Layout",Q-2024-07-01,3.84
879 - Stallion Xtreme Fitness,Q-2024-07-01,3.41
88 - Stallion Fitness,Q-2024-07-01,3.66
89 - Meraki Fitness Studio,Q-2024-07-01,3.62
893 - Conquest Fitness (Kukatpally),Q-2024-07-01,3.65
902 - Stark Fitness Studio (Madhapur),Q-2024-07-01,3.54
903 - Muscle Maniac (ex.Stark Fitness Studio),Q-2024-07-01,3.49
908 - Cult Gym Harlur 1st Main,Q-2024-07-01,3.6
911 - Stallion Xtreme Fitness,Q-2024-07-01,3.57
914 - B3 Wellness Studio (Horamavu),Q-2024-07-01,3.61
916 - Play On Fitness (Sarjapur),Q-2024-07-01,3.58
917 - Royal Fitness (MCECHS Layout),Q-2024-07-01,3.58
918 - Cult Gym Chattarpur,Q-2024-07-01,3.48
929 - Cult Gym Kota,Q-2024-07-01,3.7
931 - Cult Gym HSR 24th Main,Q-2024-07-01,3.6
933 - Team Core,Q-2024-07-01,3.62
937 - Fitso Faridabad Manav Rachna,Q-2024-07-01,3.61
939 - Fitso Sector 43 EAS,Q-2024-07-01,3.73
"940 - Fitso Sector 51, Noida",Q-2024-07-01,3.6
"942 - Fitso Sector 70, Noida",Q-2024-07-01,3.7
944 - Fitso Palam Vihar Swiss Cottage,Q-2024-07-01,3.76
945 - Fitso Sector 51 JNS,Q-2024-07-01,3.63
946 - Fitso Madhapur Pearl,Q-2024-07-01,3.82
948 - Fitso Gachibowli Dolphin,Q-2024-07-01,3.66
95 - Fit Gym,Q-2024-07-01,
"950 - Cult Sector 43 Ambience, Multi Sports",Q-2024-07-01,3.64
952 - Fitso Dwarka DIS Edge,Q-2024-07-01,3.58
953 - Fitso Kondapur Playtime,Q-2024-07-01,3.73
954 - Fitso RK PURAM Swim Paradise,Q-2024-07-01,3.65
958 - Fitso JNS Synthetic Courts,Q-2024-07-01,3.6
96 - Motto Fitness,Q-2024-07-01,3.79
964 - Fitso Sector 55 Unicosmos,Q-2024-07-01,3.63
97 - Forth Fitness,Q-2024-07-01,3.44
973 - Fitso Whitefield Golden Fins,Q-2024-07-01,3.77
976 - Fitso JP Nagar The Sports Club,Q-2024-07-01,3.67
977 - Fitso Panathur PK Sports 2,Q-2024-07-01,3.75
978 - Fitso Panathur PK Sports 1,Q-2024-07-01,3.68
979 - Fitso Koramangala PK Sports,Q-2024-07-01,3.7
980 - Fitso Bannerghatta Rd Fiton,Q-2024-07-01,3.71
988 - BaddyZone HSR,Q-2024-07-01,3.63
997 - Fitso SVIS Dwarka,Q-2024-07-01,3.77
10 - Fuerza Koramangala,Q-2024-10-01,3.38
1001 - Fitso Bellandur Game Theory,Q-2024-10-01,3.57
1008 - Fitness Zone (Hafeezpet),Q-2024-10-01,3.72
101 - Play On Fitness,Q-2024-10-01,3.55
1012 - Fitness Freaks,Q-2024-10-01,3.52
1013 - GymX Prime (Whitefield),Q-2024-10-01,3.62
1014 - Cult Gym Marathahalli,Q-2024-10-01,3.68
1016 - Cloud 9 Fitness,Q-2024-10-01,3.55
1019 - Cult Gym Gachibowli,Q-2024-10-01,3.69
1020 - Gold's Gym Aundh,Q-2024-10-01,3.74
1021 - Gold's Gym Lower Parel,Q-2024-10-01,3.82
1023 - Cult Harlur 1st Main,Q-2024-10-01,3.83
1025 - Cult Kalyan Nagar 5th Block,Q-2024-10-01,3.88
1026 - Cult Gym Kalyan Nagar 5th Block,Q-2024-10-01,3.69
1027 - Cult Gym Janakpuri,Q-2024-10-01,3.59
103 - Mani's Core Fit,Q-2024-10-01,3.64
1030 - Cult Gym Siripuram,Q-2024-10-01,3.54
1031 - Cult Gym Prabhadevi,Q-2024-10-01,3.76
1032 - Cult Gym Panchkula Sector 9,Q-2024-10-01,3.72
1033 - Fitmax (Madhapur),Q-2024-10-01,3.34
1034 - Stark Fitness Studio (Bachupally),Q-2024-10-01,3.64
1035 - Glint Fitness Center,Q-2024-10-01,3.41
1036 - Stark Fitness Studio (Sainikpuri),Q-2024-10-01,3.67
1037 - Stark Fitness Studio,Q-2024-10-01,3.54
1038 - Cult Gym Uttarahalli,Q-2024-10-01,3.6
1039 - Cult Gym C Scheme,Q-2024-10-01,3.52
104 - Fitt Lounge,Q-2024-10-01,3.44
1040 - Muscle Junkie (Model Town),Q-2024-10-01,3.76
1041 - Fitso Hennur Agon Sports,Q-2024-10-01,3.57
1042 - Fitso Sector 116 Spuddy,Q-2024-10-01,3.6
1046 - Fitso Whitefield AH Sportstreet,Q-2024-10-01,3.62
1047 - Moments Fitness Hub 1.0,Q-2024-10-01,3.55
1049 - Gympoint The Fitness Studio,Q-2024-10-01,3.35
1050 - Cult Gym Miyapur X Roads,Q-2024-10-01,3.62
1051 - Supergym Prime (Varthur),Q-2024-10-01,3.64
1052 - Cult Uttarahalli,Q-2024-10-01,3.86
1053 - Cult Miyapur X Roads,Q-2024-10-01,3.87
"1054 - Black Vigor (Sector 49, Noida)",Q-2024-10-01,3.67
1055 - Cult Gym Fraser Road,Q-2024-10-01,3.56
1056 - Cult Gym Mahanagar,Q-2024-10-01,3.62
1057 - Cult Mahanagar,Q-2024-10-01,3.86
1059 - G8 Fitness,Q-2024-10-01,3.6
106 - F7 Fitness Exclusive,Q-2024-10-01,3.44
1060 - Cult Fraser Road,Q-2024-10-01,3.87
"1062 - Cult Gym Universal Trade Tower, Sohna Rd",Q-2024-10-01,3.67
"1063 - Cult Universal Trade Tower, Sohna Rd",Q-2024-10-01,3.93
1064 - Cult Gym OIC Lower Parel,Q-2024-10-01,3.67
1065 - Cult OIC Lower Parel,Q-2024-10-01,3.95
1068 - Cult Gym Eros Sector 49,Q-2024-10-01,3.77
1069 - Cult Gym Himayatnagar Main(Hyderguda),Q-2024-10-01,3.55
1070 - Cult Gym Madhapur,Q-2024-10-01,3.6
1071 - Cult Gym Indiranagar 6th Main,Q-2024-10-01,3.69
1072 - Cult Gym AECS-Brookfield,Q-2024-10-01,3.56
1073 - Cult Himayatnagar Main,Q-2024-10-01,3.85
1074 - Cult Indiranagar 6th Main,Q-2024-10-01,3.85
1075 - Cult Kota,Q-2024-10-01,3.77
1076 - Cult Gym Mahadevpura,Q-2024-10-01,3.51
1077 - Cult Neo Gym Hoodi,Q-2024-10-01,3.69
1078 - Cult Gym Kundalahalli,Q-2024-10-01,3.59
1079 - GymPoint The Fitness Studio (Malakpet),Q-2024-10-01,3.52
1081 - Pran Fitness,Q-2024-10-01,3.75
1082 - Benefit Arena,Q-2024-10-01,3.59
1083 - Foundry Active (Kaggadasapura),Q-2024-10-01,3.41
1084 - Prince Fitness,Q-2024-10-01,3.36
1085 - Youmania,Q-2024-10-01,3.74
1086 - Youmania,Q-2024-10-01,3.85
1087 - Aarna Fitness (Konanakunte),Q-2024-10-01,3.35
1088 - Brad Fitness,Q-2024-10-01,3.66
109 - Akhil Fitness World,Q-2024-10-01,3.62
1093 - I Lift Fitness (East Of Kailash),Q-2024-10-01,3.57
1094 - Club Fit,Q-2024-10-01,3.5
1095 - Fitness Turf (Kompally),Q-2024-10-01,3.72
1096 - Cult C Scheme,Q-2024-10-01,3.78
1098 - Cult Gym Akshaynagar,Q-2024-10-01,3.76
1099 - Cult Gym Habsiguda(Hybrid),Q-2024-10-01,3.64
11 - Fuerza HSR,Q-2024-10-01,3.56
1100 - Cult Gym Kondapur,Q-2024-10-01,3.66
1104 - Elite Fitness Club,Q-2024-10-01,3.75
1105 - MP Sports Arena,Q-2024-10-01,3.65
1106 - Fitso Silpa Park Badminton,Q-2024-10-01,3.75
1107 - Fitso Kondapur Playtime Sports,Q-2024-10-01,3.48
1108 - Cult Gym Varthur,Q-2024-10-01,3.71
1109 - Powerr Vibes Gym,Q-2024-10-01,3.69
"1113 - Fitso Sector 119, Noida",Q-2024-10-01,3.74
1115 - Cult AECS-Brookfield,Q-2024-10-01,3.86
1116 - Cult Gym Budigere Cross,Q-2024-10-01,3.71
1117 - Cult Budigere Cross,Q-2024-10-01,3.89
1118 - Cult Gym Sion,Q-2024-10-01,3.79
1119 - Cult Sion,Q-2024-10-01,3.89
1120 - Cult Gym Siliguri,Q-2024-10-01,3.9
1123 - Cult Varthur,Q-2024-10-01,3.85
1125 - Cult Siliguri,Q-2024-10-01,3.96
1126 - Gold's Gym Banashankari,Q-2024-10-01,3.64
1127 - Gold's Gym NIBM,Q-2024-10-01,3.71
1128 - B3 Wellness Studio (JP Nagar),Q-2024-10-01,3.51
1129 - Fitness First Platinum Crest Mukta,Q-2024-10-01,3.88
113 - Fitness Ministry,Q-2024-10-01,3.48
1130 - Cult Gym Paschim Vihar - Rohtak Rd,Q-2024-10-01,3.65
1131 - Cult Paschim Vihar - Rohtak Rd,Q-2024-10-01,3.82
1132 - Revive Fitness,Q-2024-10-01,3.55
1133 - Step Up Fitness (Vile Parle East),Q-2024-10-01,3.67
1136 - Fit Gym Reloaded,Q-2024-10-01,3.63
1137 - IGNYT Gym (Paschim Vihar),Q-2024-10-01,3.57
1138 - Cult Gym Nallagandla - Huda,Q-2024-10-01,3.56
1139 - Cult Nallagandla - Huda,Q-2024-10-01,3.89
"114 - Cult Thane, Ghodbunder Road",Q-2024-10-01,3.88
1140 - Cult Gym Panathur,Q-2024-10-01,3.6
1141 - Cult Panathur,Q-2024-10-01,3.84
1142 - Cult Gym Patia,Q-2024-10-01,3.8
1143 - Cult Patia,Q-2024-10-01,3.93
1144 - Cult Gym Bommanahalli,Q-2024-10-01,3.76
1145 - Cult Bommanahalli,Q-2024-10-01,3.91
1146 - Reveal Fitness,Q-2024-10-01,
1147 - HRX Gym JP Nagar,Q-2024-10-01,3.73
1148 - HRX Gym AS Rao Nagar,Q-2024-10-01,3.69
1149 - Cult Gym Nagarbhavi,Q-2024-10-01,3.62
115 - Cult Indiranagar,Q-2024-10-01,3.83
1150 - Cult Nagarbhavi,Q-2024-10-01,3.86
1151 - Fitso DPSG Palam Vihar,Q-2024-10-01,3.52
1152 - Fitso Thubarahalli MKR Sports Arena,Q-2024-10-01,3.64
1153 - Modest Gainz,Q-2024-10-01,3.65
1154 - Vogue Health Club,Q-2024-10-01,4
1156 - Fitso E-City Nova Sports,Q-2024-10-01,3.73
1157 - Cult Gym Vyapar Kendra,Q-2024-10-01,3.57
1158 - Cult Vyapar Kendra,Q-2024-10-01,3.88
1159 - HRX Gym Kothapet,Q-2024-10-01,3.49
116 - Cult JP Nagar,Q-2024-10-01,3.85
1162 - Fitso Mahadevapura Play Plus,Q-2024-10-01,3.66
1163 - Fitso Ramamurthy Nagar Sport Fit,Q-2024-10-01,3.63
1166 - Iron Fist (Moosapet),Q-2024-10-01,3.62
1167 - Millennium Fitness Club (Banjara Hills),Q-2024-10-01,3.54
1169 - Gold's Gym (Bandra),Q-2024-10-01,3.66
117 - Cult HSR 19th Main,Q-2024-10-01,3.86
1172 - Cult Gym Whitefield Main Rd,Q-2024-10-01,3.53
1173 - Reset Kormangla,Q-2024-10-01,4
1174 - Radisson Bengaluru City Center,Q-2024-10-01,
1176 - Cult Gym Kasavanahalli,Q-2024-10-01,3.6
1178 - Cult Gym Thanisandra,Q-2024-10-01,3.58
"1179 - Fitnest Prime, Prashant Vihar",Q-2024-10-01,3.67
118 - Cult Sarjapur,Q-2024-10-01,3.85
1180 - Cult Gym Gurgaon Sec-56,Q-2024-10-01,3.73
1182 - Burn And Build,Q-2024-10-01,3.57
1185 - Cult Thanisandra,Q-2024-10-01,3.79
1186 - Cult Kasavanahalli,Q-2024-10-01,3.86
1187 - Cult Gurgaon Sec-56,Q-2024-10-01,3.9
1189 - Vogue Health Club (JP Nagar),Q-2024-10-01,3.6
119 - Cult Bellandur,Q-2024-10-01,3.82
1191 - Cult Gym Neeladri Road ECity,Q-2024-10-01,3.66
1192 - Cult Neeladri Road ECity,Q-2024-10-01,3.81
1194 - New Supergym Prime (Hoodi),Q-2024-10-01,3.57
1195 - Speed Fitness (Bandlaguda),Q-2024-10-01,3.5
1196 - Raptor Fitness (Gachibowli),Q-2024-10-01,3.61
1199 - Nice And Easy Fitness Center,Q-2024-10-01,3.94
120 - Cult Koramangala 80ft Rd,Q-2024-10-01,3.83
1200 - Surge Fitness,Q-2024-10-01,3
1201 - Cult Gym Attapur,Q-2024-10-01,3.63
1202 - Cult Gym Company Bagh,Q-2024-10-01,3.63
1203 - Cult Attapur,Q-2024-10-01,3.93
1206 - Cult Company Bagh,Q-2024-10-01,3.77
1207 - Elgis Fitness Gym,Q-2024-10-01,3.62
1209 - SmartFlex Fitness,Q-2024-10-01,3.82
121 - Cult Tribe Indiranagar,Q-2024-10-01,3.83
1210 - Fitness Ace,Q-2024-10-01,3.86
1212 - JS Fitness Studio Gym,Q-2024-10-01,3.91
1213 - Ista Wellness and Fitness,Q-2024-10-01,4
1215 - I5 Fitness,Q-2024-10-01,3.84
1216 - Kube 9 Fitness,Q-2024-10-01,4
1218 - Rewind Fitness,Q-2024-10-01,4
1219 - Nava Concentric Fit - Ramamurthy Nagar (Previously Body Morph),Q-2024-10-01,2.5
1220 - All Time Fitness Sector 14,Q-2024-10-01,3.95
1221 - Plus Fitness 24*7 Mazgaon,Q-2024-10-01,2.33
1222 - Plus Fitness 24*7 Mumbai Central,Q-2024-10-01,3.5
1224 - Fitness Yard,Q-2024-10-01,4
1227 - Body Morph Gym - Krishnarajapura,Q-2024-10-01,3
1228 - Global Wings Fitness - Kalyan Nagar,Q-2024-10-01,
123 - Cult Whitefield,Q-2024-10-01,3.88
1236 - Muscular Aptitude,Q-2024-10-01,4
1239 - Squat Fit Gym,Q-2024-10-01,3
1240 - Midtown Fitness,Q-2024-10-01,
1241 - Reebok CrossFit,Q-2024-10-01,3.85
1243 - Iron Paradise Gym,Q-2024-10-01,
1244 - CrossFit Stride,Q-2024-10-01,
1245 - Active Gym,Q-2024-10-01,
1247 - GoNature Fitness Centre,Q-2024-10-01,
1248 - Mumbai Fitness Club,Q-2024-10-01,
125 - Cult Koramangala Bethany,Q-2024-10-01,3.06
1250 - Elixir Gym,Q-2024-10-01,
1253 - Jupito Fitness,Q-2024-10-01,3.76
1255 - Fitness Club Gym Studio,Q-2024-10-01,
1256 - OTwo Gym N Spa,Q-2024-10-01,3.93
1257 - Plej Fitness - Electronic City,Q-2024-10-01,
1261 - Intensity Fitness Center,Q-2024-10-01,4
1263 - All Time Fitness (Previously Aimfit Gym),Q-2024-10-01,3.64
1264 - Green Fitness Studio 24x7 - Electronic City,Q-2024-10-01,
1268 - Poundd Fitness,Q-2024-10-01,3.74
1269 - Gravitaz Fit Feels Great,Q-2024-10-01,3.48
1270 - Raw Fitness,Q-2024-10-01,4
1271 - Gravitaz,Q-2024-10-01,3.85
1272 - Ultrex Recreational Club,Q-2024-10-01,3.68
1273 - 300 Fitness,Q-2024-10-01,3.55
1274 - Component Fitness,Q-2024-10-01,3.78
1275 - Ramagya Sports Academy,Q-2024-10-01,3.82
1276 - S3 Fitness Zone,Q-2024-10-01,2.5
1278 - CrossFit The Fitness Garage,Q-2024-10-01,4
1279 - Body Beast Gym,Q-2024-10-01,3.9
1281 - Vasavi Womens Fitness Studio,Q-2024-10-01,3.5
1283 - Sai Dwaraka's SD Fitness,Q-2024-10-01,4
1284 - Hard Corp Gym,Q-2024-10-01,3.71
1285 - NewFit Yamuna Vihar,Q-2024-10-01,3.8
1287 - Fitness Factory Andheri,Q-2024-10-01,4
"129 - Cult Whitefield, Shantiniketan",Q-2024-10-01,3.85
1290 - Fighting Choice Sector 51,Q-2024-10-01,4
1291 - Moltom The Fitness Lounge,Q-2024-10-01,3.4
1292 - Vie Fit Lokhandwala,Q-2024-10-01,3.67
1293 - Fitness 9 Secunderabad,Q-2024-10-01,
1294 - V60 Fitness Center,Q-2024-10-01,
1298 - Your Fitness Marol,Q-2024-10-01,2.5
13 - GymX,Q-2024-10-01,3.37
1302 - Cross Hammer Fitness,Q-2024-10-01,4
1304 - The Krunch Fitness,Q-2024-10-01,
1306 - S Gym - Mehdipatnam,Q-2024-10-01,
1308 - GMR Fitzone Nizampet,Q-2024-10-01,
1309 - The Gym Health Planet Sector 30,Q-2024-10-01,3.82
1310 - Moments Fitness Hub 4.0,Q-2024-10-01,3.65
1311 - The Royal Fitness Club,Q-2024-10-01,3.53
1313 - Skale Fitness - Avadi,Q-2024-10-01,4
1314 - Aesthetics Fitness By ADS,Q-2024-10-01,3.94
1317 - Skale Fitness - Collector Nagar,Q-2024-10-01,4
1318 - Skale Fitness - Anna Nagar,Q-2024-10-01,3
1319 - Skale Fitness - Ambattur,Q-2024-10-01,4
"1320 - Cult Gym Fitnest Prime, Vasant Kunj",Q-2024-10-01,3.69
1321 - Skale Fitness - Alwarpet,Q-2024-10-01,
1323 - Fighting Choice Greater Noida,Q-2024-10-01,4
1324 - The Wellness Club Gym Janakpuri,Q-2024-10-01,
1325 - Skale Fitness - Nolambur,Q-2024-10-01,4
1327 - Anytime Fitness Lajpat Nagar,Q-2024-10-01,4
1328 - Skale Fitness - Perambur II,Q-2024-10-01,4
1329 - The Gym Health Planet Rohini,Q-2024-10-01,4
1331 - Muscle Makeup,Q-2024-10-01,3.64
1332 - Pink Fitness - Ganapathy,Q-2024-10-01,
1335 - Bodyline Gym Sector 49,Q-2024-10-01,
134 - Cult Mahadevapura,Q-2024-10-01,3.87
1347 - Physique First Gym And Spa,Q-2024-10-01,1
1348 - H Cube Gym Point,Q-2024-10-01,
1349 - Quantum Fitness,Q-2024-10-01,4
135 - Cult Malleshwaram,Q-2024-10-01,3.88
1350 - Pink Fitness - Vadavalli,Q-2024-10-01,3.17
1351 - Nitrro Refining Fitness,Q-2024-10-01,3.48
1354 - HYPE The Gym South City 1,Q-2024-10-01,3.5
1355 - Hustle Gym,Q-2024-10-01,3.03
1357 - Gold's Gym Bavdhan,Q-2024-10-01,
1358 - MD Fitness,Q-2024-10-01,
1359 - Fitness Battalion,Q-2024-10-01,
1360 - Body Mechanic Gym,Q-2024-10-01,4
1361 - Kuber Fitness club,Q-2024-10-01,4
1362 - Fitness & Conditioning Club,Q-2024-10-01,4
1363 - Maximus Your Fitness Zone,Q-2024-10-01,3.33
1364 - Mesomorph The Gym,Q-2024-10-01,3
1368 - Yogic Panacea Studio,Q-2024-10-01,
1369 - 10 Gym Dadar,Q-2024-10-01,3.23
1370 - ETG The Gym Nirman Vihar,Q-2024-10-01,3.99
1372 - Elite Edge Fitness,Q-2024-10-01,
1373 - Global Fitness Hub,Q-2024-10-01,4
1376 - The Wellness Club Express Paschim Vihar,Q-2024-10-01,
138 - Cult Jayanagar,Q-2024-10-01,3.87
1380 - Chisel Punjabi Bagh,Q-2024-10-01,3.94
1381 - Crossfit Yard,Q-2024-10-01,
1382 - Red Rocks Gym And Spa,Q-2024-10-01,3.82
1383 - Gold's Gym Wakad,Q-2024-10-01,3.98
139 - Cult Basaveshwar Nagar,Q-2024-10-01,3.87
1390 - The Wellness Club Gym Xpress Indirapuram,Q-2024-10-01,4
1391 - Gym City,Q-2024-10-01,3.67
1397 - Plus Fitness 24*7 South Bopal,Q-2024-10-01,
1398 - Plus Fitness 24*7 Science City,Q-2024-10-01,
1399 - Plus Fitness 24*7 Memnagar,Q-2024-10-01,4
1400 - Plus Fitness 24*7 Bodakdev,Q-2024-10-01,4
1401 - Hyatt Pune,Q-2024-10-01,4
1406 - Briofit,Q-2024-10-01,4
1424 - Shark Fitness (Secunderabad),Q-2024-10-01,3.61
1425 - Coreflex Pilates Studio,Q-2024-10-01,3.91
1429 - Workout Wonders WOW,Q-2024-10-01,4
"1430 - Cult Gym Thane, Ghodbunder Road",Q-2024-10-01,3.78
1433 - Shred And Tone Gym,Q-2024-10-01,4
1434 - 93 Cross Fitness Gym and Spa Sector 82,Q-2024-10-01,2
1438 - Core and More Fitness Studio,Q-2024-10-01,3.87
1439 - Fitt Lounge Gym (By Passerine-Anand Niketan Club),Q-2024-10-01,
144 - Cult Electronic City,Q-2024-10-01,3.87
1440 - Physio Active Pro Fitness Charni Road,Q-2024-10-01,3.5
1444 - Fitness Yard Indirapuram,Q-2024-10-01,4
1445 - Fitness Headquarter Vaishali,Q-2024-10-01,2
1446 - Bellissimo Fitness Studio,Q-2024-10-01,3.89
1447 - Fitness 1 Club Unisex Gym,Q-2024-10-01,3.33
1450 - 93 Cross Fitness Gym and Spa Sector 91,Q-2024-10-01,3.56
1451 - Gold's Gym (Breach Candy),Q-2024-10-01,3.88
1453 - Cult Gym Paschim Vihar - B Block,Q-2024-10-01,3.71
1454 - Cult Paschim Vihar - B Block,Q-2024-10-01,3.88
1456 - Forever Knight Fitness,Q-2024-10-01,4
1461 - Drona The Fitness Gurukul (Chandra Layout),Q-2024-10-01,3.67
1463 - Fitness Pro Elite,Q-2024-10-01,
1466 - Da Lyfstyle Fitness,Q-2024-10-01,3.86
1470 - Cult Gym Shaikpet,Q-2024-10-01,3.6
1471 - Cult Shaikpet,Q-2024-10-01,3.88
1472 - Cult Gym Hennur,Q-2024-10-01,3.66
"1473 - Cult Gym Thubarahalli, BEML Layout",Q-2024-10-01,3.72
1475 - Cult Hennur,Q-2024-10-01,3.87
"1476 - Cult Thubarahalli, BEML Layout",Q-2024-10-01,3.87
1480 - Global Fitness,Q-2024-10-01,3.89
1481 - Physique Complete Fitness Studio,Q-2024-10-01,4
1482 - AK Fitness,Q-2024-10-01,3.67
1484 - Amritam Yoga Foundation,Q-2024-10-01,3.83
"1486 - Gold's Gym (Kandivali East, Thakur Mall)",Q-2024-10-01,3.7
149 - Cult Hauz Khas,Q-2024-10-01,3.91
1493 - Fit Hardy Club,Q-2024-10-01,3.84
1495 - Dark Sweat Health Club,Q-2024-10-01,3
1496 - Battle Fit Gym (Sarvodaya Enclave),Q-2024-10-01,3.66
1497 - Cult Gym Kompally,Q-2024-10-01,3.81
1498 - Cult Gym Model Town,Q-2024-10-01,3.71
1499 - Cult Gym Dilsukhnagar,Q-2024-10-01,3.67
15 - GymX Marathahalli,Q-2024-10-01,3.44
1500 - Cult Gym Preet Vihar,Q-2024-10-01,3.68
1501 - Cult Gym Hoodi Main,Q-2024-10-01,3.7
"1502 - Cult Gym Whitefield, Shantiniketan",Q-2024-10-01,3.7
1503 - Cult Gym Koramangala 80 Ft Road,Q-2024-10-01,3.63
1505 - Fitness Cafe 365,Q-2024-10-01,4
1510 - Fitamaze Gym And Fitness Centre,Q-2024-10-01,3.5
1513 - AthaYog Living,Q-2024-10-01,
1515 - Cult Gym Gachibowli - Indira Nagar,Q-2024-10-01,3.61
1516 - Body Temple Gym,Q-2024-10-01,
1519 - SET Fitness,Q-2024-10-01,4
152 - Cult Banashankari,Q-2024-10-01,3.88
1521 - Fitnessize,Q-2024-10-01,3.63
1522 - Gym Beats Club,Q-2024-10-01,4
1523 - Skale Fitness - Chinmaya Nagar,Q-2024-10-01,3.67
1526 - HY Dance Studio,Q-2024-10-01,4
1529 - Muscletech Fitness,Q-2024-10-01,4
1531 - Raptor Fitness,Q-2024-10-01,3.54
1534 - Liger Fitness,Q-2024-10-01,
154 - Cult JP Nagar 7th Phase,Q-2024-10-01,3.8
1541 - Ovalnet Badminton Academy,Q-2024-10-01,4
1542 - Ninja Fitness,Q-2024-10-01,
1543 - Reforma Fitness Center,Q-2024-10-01,4
1544 - Fitness Legacy,Q-2024-10-01,3.93
1546 - Foundry Active (Kaggadasapura) - GX,Q-2024-10-01,3.76
1549 - Fit 360 Chintalkunta,Q-2024-10-01,
1551 - Fit 360 Nagole,Q-2024-10-01,
"1553 - Cult Gym Rajouri Garden, Z Block",Q-2024-10-01,3.6
"1554 - Cult Rajouri Garden, Z Block",Q-2024-10-01,3.89
1555 - S Gym - Bandlaguda,Q-2024-10-01,
1556 - Fitness Fast,Q-2024-10-01,
1558 - Fitness Fast Jubilee Hills,Q-2024-10-01,
1559 - Huggett Fitness,Q-2024-10-01,
156 - Cult Sahakar Nagar,Q-2024-10-01,3.88
1560 - The Core Fit Gym,Q-2024-10-01,3.4
1562 - Muscle Headquarter Krishana Nagar (OM Fitness Club),Q-2024-10-01,4
1566 - Studio 19,Q-2024-10-01,4
1567 - Muscle Buster,Q-2024-10-01,
1569 - Tap Out,Q-2024-10-01,4
157 - Cult Marathahalli,Q-2024-10-01,3.84
1573 - Zest Fitness Studio - Electronics City,Q-2024-10-01,3.5
1577 - Evolution Fitness Gym Dwarka,Q-2024-10-01,4
1579 - Revive 360 Degree,Q-2024-10-01,4
1584 - Lets Get Fit- Kalyan Nagar,Q-2024-10-01,
1585 - Lets Get Fit- Babusapalya,Q-2024-10-01,3.27
1586 - Volt Fitness Studio (Begumpet),Q-2024-10-01,3.5
