root_key,source_rows,normalized_source_url,asset_type,root_asset_id,root_asset_name,node_card_id,node_card_name,parent_card_id,recursion_depth,node_role,query_type,nested_card_ids,cte_names,query_file,metadata_file,evidence_status,csv_path,json_path,output_preview_html,lineage_preview_html,row_count,column_count,notes
question-75109,1,https://metabase.curefit.co/question/75109-memberships-by-each-business-line-end-of-each-month-including-all-packs?start_date=2025-09-01&end_date=2026-01-31,question,75109,Memberships by Each Business Line - End of Each Month - including all packs,75109,Memberships by Each Business Line - End of Each Month - including all packs,,0,root_question,native,,dates,queries/75109__memberships-by-each-business-line-end-of-each-month-including-all-packs.sql,metadata/75109__memberships-by-each-business-line-end-of-each-month-including-all-packs.json,query_sql|metadata_json|raw_csv|output_preview_html|lineage_preview_html,results/question-75109__75109__memberships-by-each-business-line-end-of-each-month-including-all-packs.csv,results/question-75109__75109__memberships-by-each-business-line-end-of-each-month-including-all-packs.json,previews/question-75109__75109__memberships-by-each-business-line-end-of-each-month-including-all-packs.html,previews/question-75109__75109__memberships-by-each-business-line-end-of-each-month-including-all-packs__lineage.html,94,3,
question-77280,2,https://metabase.curefit.co/question/77280-memberships-by-each-business-line-end-of-each-month-including-all-packs-city-level?start_date=2025-09-12&end_date=2026-03-12,question,77280,Memberships by Each Business Line - End of Each Month - including all packs -city level,77280,Memberships by Each Business Line - End of Each Month - including all packs -city level,,0,root_question,native,,dates,queries/77280__memberships-by-each-business-line-end-of-each-month-including-all-packs-city-level.sql,metadata/77280__memberships-by-each-business-line-end-of-each-month-including-all-packs-city-level.json,query_sql|metadata_json|raw_csv|output_preview_html|lineage_preview_html,results/question-77280__77280__memberships-by-each-business-line-end-of-each-month-including-all-packs-city-level.csv,results/question-77280__77280__memberships-by-each-business-line-end-of-each-month-including-all-packs-city-level.json,previews/question-77280__77280__memberships-by-each-business-line-end-of-each-month-including-all-packs-city-level.html,previews/question-77280__77280__memberships-by-each-business-line-end-of-each-month-including-all-packs-city-level__lineage.html,1002,4,
question-75114,3,https://metabase.curefit.co/question/75114-monthly-active-memberships-elite-pro-play-lux?Start_Date=2023-04-01&end_date=2025-12-31,question,75114,"Monthly active memberships ELITE, PRO, PLAY, LUX",75114,"Monthly active memberships ELITE, PRO, PLAY, LUX",,0,root_question,native,,activememberships|livememberships,queries/75114__monthly-active-memberships-elite-pro-play-lux.sql,metadata/75114__monthly-active-memberships-elite-pro-play-lux.json,query_sql|metadata_json|result_blocked,,,,,,,The read operation timed out
question-55566,4|21,https://metabase.curefit.co/question/55566-footfalls-grained?Start_Date=2023-01-01&End_Date=2024-11-12&grain=quarter,question,55566,#Footfalls - Grained,55566,#Footfalls - Grained,,0,root_question,native,,b,queries/55566__footfalls-grained.sql,metadata/55566__footfalls-grained.json,query_sql|metadata_json|raw_csv|output_preview_html|lineage_preview_html,results/question-55566__55566__footfalls-grained.csv,results/question-55566__55566__footfalls-grained.json,previews/question-55566__55566__footfalls-grained.html,previews/question-55566__55566__footfalls-grained__lineage.html,0,0,
question-75753,5|22,https://metabase.curefit.co/question/75753-at-home-footfalls?grain=month,question,75753,'At Home' footfalls,75753,'At Home' footfalls,,0,root_question,native,,,queries/75753__at-home-footfalls.sql,metadata/75753__at-home-footfalls.json,query_sql|metadata_json|result_blocked,,,,,,,The read operation timed out
question-47810,6,https://metabase.curefit.co/question/47810-which-of-these-below-mentioned-statements-best-describes-your-fitness-history,question,47810,Which of these below- mentioned statements best describes your fitness history.,47810,Which of these below- mentioned statements best describes your fitness history.,,0,root_question,native,,,queries/47810__which-of-these-below-mentioned-statements-best-describes-your-fitness-history.sql,metadata/47810__which-of-these-below-mentioned-statements-best-describes-your-fitness-history.json,query_sql|metadata_json|raw_csv|output_preview_html|lineage_preview_html,results/question-47810__47810__which-of-these-below-mentioned-statements-best-describes-your-fitness-history.csv,results/question-47810__47810__which-of-these-below-mentioned-statements-best-describes-your-fitness-history.json,previews/question-47810__47810__which-of-these-below-mentioned-statements-best-describes-your-fitness-history.html,previews/question-47810__47810__which-of-these-below-mentioned-statements-best-describes-your-fitness-history__lineage.html,14,2,
question-75630,7,https://metabase.curefit.co/question/75630-gender-split?ed=2023-03-31,question,75630,Gender Split,75630,Gender Split,,0,root_question,native,,b|birthday_b|gender_b,queries/75630__gender-split.sql,metadata/75630__gender-split.json,query_sql|metadata_json|result_blocked,,,,,,,The read operation timed out
question-83969,8,https://metabase.curefit.co/question/83969-12m-packs-sold-monthly-jun-2026?Start_Date=2023-04-01&End_Date=2026-03-31,question,83969,12M Packs Sold Monthly Jun 2026,83969,12M Packs Sold Monthly Jun 2026,,0,root_question,native,,original_pack_grain|period_rollup,queries/83969__12m-packs-sold-monthly-jun-2026.sql,metadata/83969__12m-packs-sold-monthly-jun-2026.json,query_sql|metadata_json|raw_csv,results/question-83969__83969__12m-packs-sold-monthly-jun-2026.csv,results/question-83969__83969__12m-packs-sold-monthly-jun-2026.json,,,,36,5,
question-75647,9,https://metabase.curefit.co/question/75647-same-center-vs-other-center?Last_date=2026-02-09,question,75647,Same center vs other center,75647,Same center vs other center,,0,root_question,native,,b,queries/75647__same-center-vs-other-center.sql,metadata/75647__same-center-vs-other-center.json,query_sql|metadata_json|raw_csv|output_preview_html|lineage_preview_html,results/question-75647__75647__same-center-vs-other-center.csv,results/question-75647__75647__same-center-vs-other-center.json,previews/question-75647__75647__same-center-vs-other-center.html,previews/question-75647__75647__same-center-vs-other-center__lineage.html,0,0,
question-75650,10,https://metabase.curefit.co/question/75650-same-city-vs-other-city-modified?Last_date=2026-02-09,question,75650,Same city vs other city - Modified,75650,Same city vs other city - Modified,,0,root_question,native,,b,queries/75650__same-city-vs-other-city-modified.sql,metadata/75650__same-city-vs-other-city-modified.json,query_sql|metadata_json|result_blocked,,,,,,,The read operation timed out
question-75654,11,https://metabase.curefit.co/question/75654-gx-formats?Last_date=2025-12-31,question,75654,GX formats,75654,GX formats,,0,root_question,native,,all_sessions_df|b|user_cl,queries/75654__gx-formats.sql,metadata/75654__gx-formats.json,query_sql|metadata_json|result_blocked,,,,,,,The read operation timed out
question-75628,12,https://metabase.curefit.co/question/75628-pauses-extensions?ed=2025-12-31,question,75628,Pauses Extensions,75628,Pauses Extensions,,0,root_question,native,,b|parent_child_map,queries/75628__pauses-extensions.sql,metadata/75628__pauses-extensions.json,query_sql|metadata_json|raw_csv|output_preview_html|lineage_preview_html,results/question-75628__75628__pauses-extensions.csv,results/question-75628__75628__pauses-extensions.json,previews/question-75628__75628__pauses-extensions.html,previews/question-75628__75628__pauses-extensions__lineage.html,4,2,
question-59428,13,https://metabase.curefit.co/question/59428-nps-by-product-new?city_name=&end_date=2026-02-09&activity_status=actual-active&business_line=&service_type=&ownership_type=&center_name=&start_date=2025-12-01&sub_service_type=&center_service_id=,question,59428,NPS by Product - New,59428,NPS by Product - New,,0,root_question,native,,combinations_b|individual_nps|nps_b|platform_nps,queries/59428__nps-by-product-new.sql,metadata/59428__nps-by-product-new.json,query_sql|metadata_json|raw_csv|output_preview_html|lineage_preview_html,results/question-59428__59428__nps-by-product-new.csv,results/question-59428__59428__nps-by-product-new.json,previews/question-59428__59428__nps-by-product-new.html,previews/question-59428__59428__nps-by-product-new__lineage.html,0,0,
dashboard-3324,14,https://metabase.curefit.co/dashboard/3324-pr-dashboard?business_line=&center_name=&center_service_id=&city_name=&ownership_type=&report_end_date=2025-12-31&report_start_date=2022-04-01&service_type=,dashboard,3324,PR DASHBOARD,56424,PR BY PRODUCT,,0,dashboard_card,native,,bt_data,queries/56424__pr-by-product.sql,metadata/56424__pr-by-product.json,query_sql|metadata_json|raw_csv|output_preview_html|lineage_preview_html,results/dashboard-3324__56424__pr-by-product.csv,results/dashboard-3324__56424__pr-by-product.json,previews/dashboard-3324__56424__pr-by-product.html,previews/dashboard-3324__56424__pr-by-product__lineage.html,0,0,
dashboard-3324,14,https://metabase.curefit.co/dashboard/3324-pr-dashboard?business_line=&center_name=&center_service_id=&city_name=&ownership_type=&report_end_date=2025-12-31&report_start_date=2022-04-01&service_type=,dashboard,3324,PR DASHBOARD,56862,PR BY CITY,,0,dashboard_card,native,,bt_data,queries/56862__pr-by-city.sql,metadata/56862__pr-by-city.json,query_sql|metadata_json|raw_csv|output_preview_html|lineage_preview_html,results/dashboard-3324__56862__pr-by-city.csv,results/dashboard-3324__56862__pr-by-city.json,previews/dashboard-3324__56862__pr-by-city.html,previews/dashboard-3324__56862__pr-by-city__lineage.html,0,0,
dashboard-3324,14,https://metabase.curefit.co/dashboard/3324-pr-dashboard?business_line=&center_name=&center_service_id=&city_name=&ownership_type=&report_end_date=2025-12-31&report_start_date=2022-04-01&service_type=,dashboard,3324,PR DASHBOARD,56863,PR BY OWNERSHIP TYPE,,0,dashboard_card,native,,bt_data,queries/56863__pr-by-ownership-type.sql,metadata/56863__pr-by-ownership-type.json,query_sql|metadata_json|raw_csv|output_preview_html|lineage_preview_html,results/dashboard-3324__56863__pr-by-ownership-type.csv,results/dashboard-3324__56863__pr-by-ownership-type.json,previews/dashboard-3324__56863__pr-by-ownership-type.html,previews/dashboard-3324__56863__pr-by-ownership-type__lineage.html,0,0,
dashboard-3324,14,https://metabase.curefit.co/dashboard/3324-pr-dashboard?business_line=&center_name=&center_service_id=&city_name=&ownership_type=&report_end_date=2025-12-31&report_start_date=2022-04-01&service_type=,dashboard,3324,PR DASHBOARD,56865,PR BY PRODUCT x CITY,,0,dashboard_card,native,,bt_data,queries/56865__pr-by-product-x-city.sql,metadata/56865__pr-by-product-x-city.json,query_sql|metadata_json|raw_csv|output_preview_html|lineage_preview_html,results/dashboard-3324__56865__pr-by-product-x-city.csv,results/dashboard-3324__56865__pr-by-product-x-city.json,previews/dashboard-3324__56865__pr-by-product-x-city.html,previews/dashboard-3324__56865__pr-by-product-x-city__lineage.html,0,0,
dashboard-3324,14,https://metabase.curefit.co/dashboard/3324-pr-dashboard?business_line=&center_name=&center_service_id=&city_name=&ownership_type=&report_end_date=2025-12-31&report_start_date=2022-04-01&service_type=,dashboard,3324,PR DASHBOARD,56866,PR BY PRODUCT x OWNERSHIP TYPE,,0,dashboard_card,native,,bt_data,queries/56866__pr-by-product-x-ownership-type.sql,metadata/56866__pr-by-product-x-ownership-type.json,query_sql|metadata_json|raw_csv|output_preview_html|lineage_preview_html,results/dashboard-3324__56866__pr-by-product-x-ownership-type.csv,results/dashboard-3324__56866__pr-by-product-x-ownership-type.json,previews/dashboard-3324__56866__pr-by-product-x-ownership-type.html,previews/dashboard-3324__56866__pr-by-product-x-ownership-type__lineage.html,0,0,
dashboard-3324,14,https://metabase.curefit.co/dashboard/3324-pr-dashboard?business_line=&center_name=&center_service_id=&city_name=&ownership_type=&report_end_date=2025-12-31&report_start_date=2022-04-01&service_type=,dashboard,3324,PR DASHBOARD,56867,PR BY PRODUCT x OWNERSHIP TYPE x CITY,,0,dashboard_card,native,,bt_data,queries/56867__pr-by-product-x-ownership-type-x-city.sql,metadata/56867__pr-by-product-x-ownership-type-x-city.json,query_sql|metadata_json|raw_csv|output_preview_html|lineage_preview_html,results/dashboard-3324__56867__pr-by-product-x-ownership-type-x-city.csv,results/dashboard-3324__56867__pr-by-product-x-ownership-type-x-city.json,previews/dashboard-3324__56867__pr-by-product-x-ownership-type-x-city.html,previews/dashboard-3324__56867__pr-by-product-x-ownership-type-x-city__lineage.html,0,0,
dashboard-3324,14,https://metabase.curefit.co/dashboard/3324-pr-dashboard?business_line=&center_name=&center_service_id=&city_name=&ownership_type=&report_end_date=2025-12-31&report_start_date=2022-04-01&service_type=,dashboard,3324,PR DASHBOARD,56868,PR BY CENTER,,0,dashboard_card,native,,bt_data,queries/56868__pr-by-center.sql,metadata/56868__pr-by-center.json,query_sql|metadata_json|raw_csv|output_preview_html|lineage_preview_html,results/dashboard-3324__56868__pr-by-center.csv,results/dashboard-3324__56868__pr-by-center.json,previews/dashboard-3324__56868__pr-by-center.html,previews/dashboard-3324__56868__pr-by-center__lineage.html,0,0,
dashboard-3324,14,https://metabase.curefit.co/dashboard/3324-pr-dashboard?business_line=&center_name=&center_service_id=&city_name=&ownership_type=&report_end_date=2025-12-31&report_start_date=2022-04-01&service_type=,dashboard,3324,PR DASHBOARD,56869,PR SERVICE TYPE WEEK TREND LINE,,0,dashboard_card,native,,bt_data|pivoted_data,queries/56869__pr-service-type-week-trend-line.sql,metadata/56869__pr-service-type-week-trend-line.json,query_sql|metadata_json|raw_csv|output_preview_html|lineage_preview_html,results/dashboard-3324__56869__pr-service-type-week-trend-line.csv,results/dashboard-3324__56869__pr-service-type-week-trend-line.json,previews/dashboard-3324__56869__pr-service-type-week-trend-line.html,previews/dashboard-3324__56869__pr-service-type-week-trend-line__lineage.html,0,0,
dashboard-3324,14,https://metabase.curefit.co/dashboard/3324-pr-dashboard?business_line=&center_name=&center_service_id=&city_name=&ownership_type=&report_end_date=2025-12-31&report_start_date=2022-04-01&service_type=,dashboard,3324,PR DASHBOARD,56872,RESPONSE FUNNEL,,0,dashboard_card,native,,response_data,queries/56872__response-funnel.sql,metadata/56872__response-funnel.json,query_sql|metadata_json|raw_csv|output_preview_html|lineage_preview_html,results/dashboard-3324__56872__response-funnel.csv,results/dashboard-3324__56872__response-funnel.json,previews/dashboard-3324__56872__response-funnel.html,previews/dashboard-3324__56872__response-funnel__lineage.html,0,0,
question-67337,15|17,https://metabase.curefit.co/question/67337-installs-by-type-source-duplicate?Time_Granularity=Month&From=2022-04-01&To=2025-12-31&City=&Campaign=&Value_Type=Users,question,67337,# Installs by type & source - Duplicate,67337,# Installs by type & source - Duplicate,,0,root_question,native,,,queries/67337__installs-by-type-source-duplicate.sql,metadata/67337__installs-by-type-source-duplicate.json,query_sql|metadata_json|raw_csv|output_preview_html|lineage_preview_html,results/question-67337__67337__installs-by-type-source-duplicate.csv,results/question-67337__67337__installs-by-type-source-duplicate.json,previews/question-67337__67337__installs-by-type-source-duplicate.html,previews/question-67337__67337__installs-by-type-source-duplicate__lineage.html,0,0,
question-75999,16|18,https://metabase.curefit.co/question/75999-page-ids-traffic?Start=2022-04-01&End=2025-12-31&Time_Granularity=Month,question,75999,Page Ids Traffic,75999,Page Ids Traffic,,0,root_question,native,,b,queries/75999__page-ids-traffic.sql,metadata/75999__page-ids-traffic.json,query_sql|metadata_json|result_blocked,,,,,,,The read operation timed out
question-30893,19|20,https://metabase.curefit.co/question/30893-cst-class-data?start=2026-03-01&workout=&cluster=&center_name=&city=&end=2026-03-12,question,30893,CST - Class data,30893,CST - Class data,,0,root_question,native,,b,queries/30893__cst-class-data.sql,metadata/30893__cst-class-data.json,query_sql|metadata_json|raw_csv|output_preview_html|lineage_preview_html,results/question-30893__30893__cst-class-data.csv,results/question-30893__30893__cst-class-data.json,previews/question-30893__30893__cst-class-data.html,previews/question-30893__30893__cst-class-data__lineage.html,0,0,
dashboard-4042,23|24,https://metabase.curefit.co/dashboard/4042-ipo-data?business_unit=&category=&end_date=&period=&start_date=,dashboard,4042,IPO Data,75736,Total Amount and Units,,0,dashboard_card,native,75683,,queries/75736__total-amount-and-units.sql,metadata/75736__total-amount-and-units.json,query_sql|metadata_json|result_blocked,,,,,,,HTTP Error 500: Internal Server Error
dashboard-4042,23|24,https://metabase.curefit.co/dashboard/4042-ipo-data?business_unit=&category=&end_date=&period=&start_date=,dashboard,4042,IPO Data,75683,Raw Data,75736,1,nested_card,native,,,queries/75683__raw-data.sql,metadata/75683__raw-data.json,query_sql|metadata_json,,,,,,,
dashboard-4042,23|24,https://metabase.curefit.co/dashboard/4042-ipo-data?business_unit=&category=&end_date=&period=&start_date=,dashboard,4042,IPO Data,75865,Business Unit Level Amount and Units,,0,dashboard_card,native,75683,,queries/75865__business-unit-level-amount-and-units.sql,metadata/75865__business-unit-level-amount-and-units.json,query_sql|metadata_json|result_blocked,,,,,,,HTTP Error 500: Internal Server Error
dashboard-4042,23|24,https://metabase.curefit.co/dashboard/4042-ipo-data?business_unit=&category=&end_date=&period=&start_date=,dashboard,4042,IPO Data,75868,Month_Category_itemcode Level Amount and Units,,0,dashboard_card,native,75683,,queries/75868__month-category-itemcode-level-amount-and-units.sql,metadata/75868__month-category-itemcode-level-amount-and-units.json,query_sql|metadata_json|result_blocked,,,,,,,HTTP Error 500: Internal Server Error
dashboard-4042,23|24,https://metabase.curefit.co/dashboard/4042-ipo-data?business_unit=&category=&end_date=&period=&start_date=,dashboard,4042,IPO Data,75869,Category_itemcode Level Amount and Units,,0,dashboard_card,native,75683,,queries/75869__category-itemcode-level-amount-and-units.sql,metadata/75869__category-itemcode-level-amount-and-units.json,query_sql|metadata_json|result_blocked,,,,,,,HTTP Error 500: Internal Server Error
dashboard-4042,23|24,https://metabase.curefit.co/dashboard/4042-ipo-data?business_unit=&category=&end_date=&period=&start_date=,dashboard,4042,IPO Data,75864,Month_Business Unit Level Amount and Units,,0,dashboard_card,native,75683,,queries/75864__month-business-unit-level-amount-and-units.sql,metadata/75864__month-business-unit-level-amount-and-units.json,query_sql|metadata_json|result_blocked,,,,,,,HTTP Error 500: Internal Server Error
dashboard-4042,23|24,https://metabase.curefit.co/dashboard/4042-ipo-data?business_unit=&category=&end_date=&period=&start_date=,dashboard,4042,IPO Data,75871,Unique Sku Code,,0,dashboard_card,native,75683,,queries/75871__unique-sku-code.sql,metadata/75871__unique-sku-code.json,query_sql|metadata_json|result_blocked,,,,,,,HTTP Error 500: Internal Server Error
dashboard-4042,23|24,https://metabase.curefit.co/dashboard/4042-ipo-data?business_unit=&category=&end_date=&period=&start_date=,dashboard,4042,IPO Data,75872,Raw Data - 2,,0,dashboard_card,native,75683,,queries/75872__raw-data-2.sql,metadata/75872__raw-data-2.json,query_sql|metadata_json|result_blocked,,,,,,,HTTP Error 500: Internal Server Error
dashboard-4042,23|24,https://metabase.curefit.co/dashboard/4042-ipo-data?business_unit=&category=&end_date=&period=&start_date=,dashboard,4042,IPO Data,75867,Financial Year Level Amount and Units,,0,dashboard_card,native,75683,,queries/75867__financial-year-level-amount-and-units.sql,metadata/75867__financial-year-level-amount-and-units.json,query_sql|metadata_json|result_blocked,,,,,,,HTTP Error 500: Internal Server Error
dashboard-4042,23|24,https://metabase.curefit.co/dashboard/4042-ipo-data?business_unit=&category=&end_date=&period=&start_date=,dashboard,4042,IPO Data,75860,Month_Category Level Amount and Units,,0,dashboard_card,native,75683,,queries/75860__month-category-level-amount-and-units.sql,metadata/75860__month-category-level-amount-and-units.json,query_sql|metadata_json|result_blocked,,,,,,,HTTP Error 500: Internal Server Error
dashboard-4042,23|24,https://metabase.curefit.co/dashboard/4042-ipo-data?business_unit=&category=&end_date=&period=&start_date=,dashboard,4042,IPO Data,75859,Month_Pincode Level  Units,,0,dashboard_card,native,75683,,queries/75859__month-pincode-level-units.sql,metadata/75859__month-pincode-level-units.json,query_sql|metadata_json|result_blocked,,,,,,,HTTP Error 500: Internal Server Error
dashboard-4042,23|24,https://metabase.curefit.co/dashboard/4042-ipo-data?business_unit=&category=&end_date=&period=&start_date=,dashboard,4042,IPO Data,75863,Month_Skucode Level  Units,,0,dashboard_card,native,75683,,queries/75863__month-skucode-level-units.sql,metadata/75863__month-skucode-level-units.json,query_sql|metadata_json|result_blocked,,,,,,,HTTP Error 500: Internal Server Error
dashboard-4042,23|24,https://metabase.curefit.co/dashboard/4042-ipo-data?business_unit=&category=&end_date=&period=&start_date=,dashboard,4042,IPO Data,75866,Quarter Level Amount and Units,,0,dashboard_card,native,75683,,queries/75866__quarter-level-amount-and-units.sql,metadata/75866__quarter-level-amount-and-units.json,query_sql|metadata_json|result_blocked,,,,,,,HTTP Error 500: Internal Server Error
dashboard-4042,23|24,https://metabase.curefit.co/dashboard/4042-ipo-data?business_unit=&category=&end_date=&period=&start_date=,dashboard,4042,IPO Data,75854,Month Level Amount and Units,,0,dashboard_card,native,75683,,queries/75854__month-level-amount-and-units.sql,metadata/75854__month-level-amount-and-units.json,query_sql|metadata_json|result_blocked,,,,,,,HTTP Error 500: Internal Server Error
dashboard-4042,23|24,https://metabase.curefit.co/dashboard/4042-ipo-data?business_unit=&category=&end_date=&period=&start_date=,dashboard,4042,IPO Data,75870,Unique Pincodes,,0,dashboard_card,native,75683,,queries/75870__unique-pincodes.sql,metadata/75870__unique-pincodes.json,query_sql|metadata_json|result_blocked,,,,,,,HTTP Error 500: Internal Server Error
dashboard-4042,23|24,https://metabase.curefit.co/dashboard/4042-ipo-data?business_unit=&category=&end_date=&period=&start_date=,dashboard,4042,IPO Data,75876,Financial Year Wise Summary,,0,dashboard_card,native,75683,,queries/75876__financial-year-wise-summary.sql,metadata/75876__financial-year-wise-summary.json,query_sql|metadata_json|result_blocked,,,,,,,HTTP Error 500: Internal Server Error
dashboard-4042,23|24,https://metabase.curefit.co/dashboard/4042-ipo-data?business_unit=&category=&end_date=&period=&start_date=,dashboard,4042,IPO Data,75881,New Launch SKU,,0,dashboard_card,native,75683,sku_launch_date,queries/75881__new-launch-sku.sql,metadata/75881__new-launch-sku.json,query_sql|metadata_json|result_blocked,,,,,,,HTTP Error 500: Internal Server Error
dashboard-4042,23|24,https://metabase.curefit.co/dashboard/4042-ipo-data?business_unit=&category=&end_date=&period=&start_date=,dashboard,4042,IPO Data,75894,New Launch Style Id,,0,dashboard_card,native,75683,sku_launch_date,queries/75894__new-launch-style-id.sql,metadata/75894__new-launch-style-id.json,query_sql|metadata_json|result_blocked,,,,,,,HTTP Error 500: Internal Server Error
dashboard-4042,23|24,https://metabase.curefit.co/dashboard/4042-ipo-data?business_unit=&category=&end_date=&period=&start_date=,dashboard,4042,IPO Data,75906,Financial Year Wise Summary -  Category Wise,,0,dashboard_card,native,75683,,queries/75906__financial-year-wise-summary-category-wise.sql,metadata/75906__financial-year-wise-summary-category-wise.json,query_sql|metadata_json|result_blocked,,,,,,,HTTP Error 500: Internal Server Error
dashboard-4042,23|24,https://metabase.curefit.co/dashboard/4042-ipo-data?business_unit=&category=&end_date=&period=&start_date=,dashboard,4042,IPO Data,75910,Month_Bill to Customer Name Level Amount and Units -,,0,dashboard_card,native,75683,,queries/75910__month-bill-to-customer-name-level-amount-and-units.sql,metadata/75910__month-bill-to-customer-name-level-amount-and-units.json,query_sql|metadata_json|result_blocked,,,,,,,HTTP Error 500: Internal Server Error
dashboard-4042,23|24,https://metabase.curefit.co/dashboard/4042-ipo-data?business_unit=&category=&end_date=&period=&start_date=,dashboard,4042,IPO Data,76602,Financial Year Wise Summary -  Category and Channel Wise,,0,dashboard_card,native,75683,,queries/76602__financial-year-wise-summary-category-and-channel-wise.sql,metadata/76602__financial-year-wise-summary-category-and-channel-wise.json,query_sql|metadata_json|result_blocked,,,,,,,HTTP Error 500: Internal Server Error
dashboard-4042,23|24,https://metabase.curefit.co/dashboard/4042-ipo-data?business_unit=&category=&end_date=&period=&start_date=,dashboard,4042,IPO Data,76604,Financial Year Wise Summary -  Channel Type Wise,,0,dashboard_card,native,75683,,queries/76604__financial-year-wise-summary-channel-type-wise.sql,metadata/76604__financial-year-wise-summary-channel-type-wise.json,query_sql|metadata_json|result_blocked,,,,,,,HTTP Error 500: Internal Server Error
dashboard-3604,25,https://metabase.curefit.co/dashboard/3604-cross-sell-dashboard?active_end_date=2026-01-31&active_start_date=2025-04-01&business_line=&category=Indoor+Equipment&category=Indoor_Equipment-Strength&cohort=&compare_with_current_date=1&compare_with_current_month=1&consider_active_time=1&consider_city=0&coupon_code=&current_month_active_vs_expired=&current_month_trend=1&date_filter=Month&date_of_month_end_date=&date_of_month_start_date=&first_membership_created_end_date=&first_membership_created_start_date=&is_freebie_order=1&is_fs_member=1&membership_created_end_date=&membership_created_start_date=&month_end_date=&month_start_date=&no_of_month=2&order_end_date=2026-01-31&order_start_date=2026-01-01&service_type=&source=&store_name=&tab=207-visualization&twelve_month_trend=1,dashboard,3604,Cross Sell Dashboard,63753,Cross-Sell VS D2C Trend – Last 12 Months,,0,dashboard_card,native,,final_data,queries/63753__cross-sell-vs-d2c-trend-last-12-months.sql,metadata/63753__cross-sell-vs-d2c-trend-last-12-months.json,query_sql|metadata_json|raw_csv|output_preview_html|lineage_preview_html,results/dashboard-3604__63753__cross-sell-vs-d2c-trend-last-12-months.csv,results/dashboard-3604__63753__cross-sell-vs-d2c-trend-last-12-months.json,previews/dashboard-3604__63753__cross-sell-vs-d2c-trend-last-12-months.html,previews/dashboard-3604__63753__cross-sell-vs-d2c-trend-last-12-months__lineage.html,0,0,
dashboard-3604,25,https://metabase.curefit.co/dashboard/3604-cross-sell-dashboard?active_end_date=2026-01-31&active_start_date=2025-04-01&business_line=&category=Indoor+Equipment&category=Indoor_Equipment-Strength&cohort=&compare_with_current_date=1&compare_with_current_month=1&consider_active_time=1&consider_city=0&coupon_code=&current_month_active_vs_expired=&current_month_trend=1&date_filter=Month&date_of_month_end_date=&date_of_month_start_date=&first_membership_created_end_date=&first_membership_created_start_date=&is_freebie_order=1&is_fs_member=1&membership_created_end_date=&membership_created_start_date=&month_end_date=&month_start_date=&no_of_month=2&order_end_date=2026-01-31&order_start_date=2026-01-01&service_type=&source=&store_name=&tab=207-visualization&twelve_month_trend=1,dashboard,3604,Cross Sell Dashboard,63791,New VS Repeat  No Of Orders  Summary,,0,dashboard_card,native,,,queries/63791__new-vs-repeat-no-of-orders-summary.sql,metadata/63791__new-vs-repeat-no-of-orders-summary.json,query_sql|metadata_json|raw_csv|output_preview_html|lineage_preview_html,results/dashboard-3604__63791__new-vs-repeat-no-of-orders-summary.csv,results/dashboard-3604__63791__new-vs-repeat-no-of-orders-summary.json,previews/dashboard-3604__63791__new-vs-repeat-no-of-orders-summary.html,previews/dashboard-3604__63791__new-vs-repeat-no-of-orders-summary__lineage.html,0,0,
dashboard-3604,25,https://metabase.curefit.co/dashboard/3604-cross-sell-dashboard?active_end_date=2026-01-31&active_start_date=2025-04-01&business_line=&category=Indoor+Equipment&category=Indoor_Equipment-Strength&cohort=&compare_with_current_date=1&compare_with_current_month=1&consider_active_time=1&consider_city=0&coupon_code=&current_month_active_vs_expired=&current_month_trend=1&date_filter=Month&date_of_month_end_date=&date_of_month_start_date=&first_membership_created_end_date=&first_membership_created_start_date=&is_freebie_order=1&is_fs_member=1&membership_created_end_date=&membership_created_start_date=&month_end_date=&month_start_date=&no_of_month=2&order_end_date=2026-01-31&order_start_date=2026-01-01&service_type=&source=&store_name=&tab=207-visualization&twelve_month_trend=1,dashboard,3604,Cross Sell Dashboard,63745,Category Wise Cross Sell VS D2C,,0,dashboard_card,native,,combined_data,queries/63745__category-wise-cross-sell-vs-d2c.sql,metadata/63745__category-wise-cross-sell-vs-d2c.json,query_sql|metadata_json|raw_csv|output_preview_html|lineage_preview_html,results/dashboard-3604__63745__category-wise-cross-sell-vs-d2c.csv,results/dashboard-3604__63745__category-wise-cross-sell-vs-d2c.json,previews/dashboard-3604__63745__category-wise-cross-sell-vs-d2c.html,previews/dashboard-3604__63745__category-wise-cross-sell-vs-d2c__lineage.html,0,0,
dashboard-3604,25,https://metabase.curefit.co/dashboard/3604-cross-sell-dashboard?active_end_date=2026-01-31&active_start_date=2025-04-01&business_line=&category=Indoor+Equipment&category=Indoor_Equipment-Strength&cohort=&compare_with_current_date=1&compare_with_current_month=1&consider_active_time=1&consider_city=0&coupon_code=&current_month_active_vs_expired=&current_month_trend=1&date_filter=Month&date_of_month_end_date=&date_of_month_start_date=&first_membership_created_end_date=&first_membership_created_start_date=&is_freebie_order=1&is_fs_member=1&membership_created_end_date=&membership_created_start_date=&month_end_date=&month_start_date=&no_of_month=2&order_end_date=2026-01-31&order_start_date=2026-01-01&service_type=&source=&store_name=&tab=207-visualization&twelve_month_trend=1,dashboard,3604,Cross Sell Dashboard,63726,Source Wise Cross Sales,,0,dashboard_card,native,,final_data,queries/63726__source-wise-cross-sales.sql,metadata/63726__source-wise-cross-sales.json,query_sql|metadata_json|raw_csv|output_preview_html|lineage_preview_html,results/dashboard-3604__63726__source-wise-cross-sales.csv,results/dashboard-3604__63726__source-wise-cross-sales.json,previews/dashboard-3604__63726__source-wise-cross-sales.html,previews/dashboard-3604__63726__source-wise-cross-sales__lineage.html,0,0,
dashboard-3604,25,https://metabase.curefit.co/dashboard/3604-cross-sell-dashboard?active_end_date=2026-01-31&active_start_date=2025-04-01&business_line=&category=Indoor+Equipment&category=Indoor_Equipment-Strength&cohort=&compare_with_current_date=1&compare_with_current_month=1&consider_active_time=1&consider_city=0&coupon_code=&current_month_active_vs_expired=&current_month_trend=1&date_filter=Month&date_of_month_end_date=&date_of_month_start_date=&first_membership_created_end_date=&first_membership_created_start_date=&is_freebie_order=1&is_fs_member=1&membership_created_end_date=&membership_created_start_date=&month_end_date=&month_start_date=&no_of_month=2&order_end_date=2026-01-31&order_start_date=2026-01-01&service_type=&source=&store_name=&tab=207-visualization&twelve_month_trend=1,dashboard,3604,Cross Sell Dashboard,63733,New VS Repeat GMV  Summary  – Last 12 Months,,0,dashboard_card,native,,,queries/63733__new-vs-repeat-gmv-summary-last-12-months.sql,metadata/63733__new-vs-repeat-gmv-summary-last-12-months.json,query_sql|metadata_json|raw_csv|output_preview_html|lineage_preview_html,results/dashboard-3604__63733__new-vs-repeat-gmv-summary-last-12-months.csv,results/dashboard-3604__63733__new-vs-repeat-gmv-summary-last-12-months.json,previews/dashboard-3604__63733__new-vs-repeat-gmv-summary-last-12-months.html,previews/dashboard-3604__63733__new-vs-repeat-gmv-summary-last-12-months__lineage.html,0,0,
dashboard-3604,25,https://metabase.curefit.co/dashboard/3604-cross-sell-dashboard?active_end_date=2026-01-31&active_start_date=2025-04-01&business_line=&category=Indoor+Equipment&category=Indoor_Equipment-Strength&cohort=&compare_with_current_date=1&compare_with_current_month=1&consider_active_time=1&consider_city=0&coupon_code=&current_month_active_vs_expired=&current_month_trend=1&date_filter=Month&date_of_month_end_date=&date_of_month_start_date=&first_membership_created_end_date=&first_membership_created_start_date=&is_freebie_order=1&is_fs_member=1&membership_created_end_date=&membership_created_start_date=&month_end_date=&month_start_date=&no_of_month=2&order_end_date=2026-01-31&order_start_date=2026-01-01&service_type=&source=&store_name=&tab=207-visualization&twelve_month_trend=1,dashboard,3604,Cross Sell Dashboard,63727,Service_Type  Wise Cross Sales,,0,dashboard_card,native,,final_data,queries/63727__service-type-wise-cross-sales.sql,metadata/63727__service-type-wise-cross-sales.json,query_sql|metadata_json|raw_csv|output_preview_html|lineage_preview_html,results/dashboard-3604__63727__service-type-wise-cross-sales.csv,results/dashboard-3604__63727__service-type-wise-cross-sales.json,previews/dashboard-3604__63727__service-type-wise-cross-sales.html,previews/dashboard-3604__63727__service-type-wise-cross-sales__lineage.html,0,0,
dashboard-3604,25,https://metabase.curefit.co/dashboard/3604-cross-sell-dashboard?active_end_date=2026-01-31&active_start_date=2025-04-01&business_line=&category=Indoor+Equipment&category=Indoor_Equipment-Strength&cohort=&compare_with_current_date=1&compare_with_current_month=1&consider_active_time=1&consider_city=0&coupon_code=&current_month_active_vs_expired=&current_month_trend=1&date_filter=Month&date_of_month_end_date=&date_of_month_start_date=&first_membership_created_end_date=&first_membership_created_start_date=&is_freebie_order=1&is_fs_member=1&membership_created_end_date=&membership_created_start_date=&month_end_date=&month_start_date=&no_of_month=2&order_end_date=2026-01-31&order_start_date=2026-01-01&service_type=&source=&store_name=&tab=207-visualization&twelve_month_trend=1,dashboard,3604,Cross Sell Dashboard,63738,Cohort  Wise Cross Sales,,0,dashboard_card,native,,final_data,queries/63738__cohort-wise-cross-sales.sql,metadata/63738__cohort-wise-cross-sales.json,query_sql|metadata_json|raw_csv|output_preview_html|lineage_preview_html,results/dashboard-3604__63738__cohort-wise-cross-sales.csv,results/dashboard-3604__63738__cohort-wise-cross-sales.json,previews/dashboard-3604__63738__cohort-wise-cross-sales.html,previews/dashboard-3604__63738__cohort-wise-cross-sales__lineage.html,0,0,
dashboard-3604,25,https://metabase.curefit.co/dashboard/3604-cross-sell-dashboard?active_end_date=2026-01-31&active_start_date=2025-04-01&business_line=&category=Indoor+Equipment&category=Indoor_Equipment-Strength&cohort=&compare_with_current_date=1&compare_with_current_month=1&consider_active_time=1&consider_city=0&coupon_code=&current_month_active_vs_expired=&current_month_trend=1&date_filter=Month&date_of_month_end_date=&date_of_month_start_date=&first_membership_created_end_date=&first_membership_created_start_date=&is_freebie_order=1&is_fs_member=1&membership_created_end_date=&membership_created_start_date=&month_end_date=&month_start_date=&no_of_month=2&order_end_date=2026-01-31&order_start_date=2026-01-01&service_type=&source=&store_name=&tab=207-visualization&twelve_month_trend=1,dashboard,3604,Cross Sell Dashboard,63786,Category Wise Cross Sales,,0,dashboard_card,native,,final_data,queries/63786__category-wise-cross-sales.sql,metadata/63786__category-wise-cross-sales.json,query_sql|metadata_json|raw_csv|output_preview_html|lineage_preview_html,results/dashboard-3604__63786__category-wise-cross-sales.csv,results/dashboard-3604__63786__category-wise-cross-sales.json,previews/dashboard-3604__63786__category-wise-cross-sales.html,previews/dashboard-3604__63786__category-wise-cross-sales__lineage.html,0,0,
dashboard-3604,25,https://metabase.curefit.co/dashboard/3604-cross-sell-dashboard?active_end_date=2026-01-31&active_start_date=2025-04-01&business_line=&category=Indoor+Equipment&category=Indoor_Equipment-Strength&cohort=&compare_with_current_date=1&compare_with_current_month=1&consider_active_time=1&consider_city=0&coupon_code=&current_month_active_vs_expired=&current_month_trend=1&date_filter=Month&date_of_month_end_date=&date_of_month_start_date=&first_membership_created_end_date=&first_membership_created_start_date=&is_freebie_order=1&is_fs_member=1&membership_created_end_date=&membership_created_start_date=&month_end_date=&month_start_date=&no_of_month=2&order_end_date=2026-01-31&order_start_date=2026-01-01&service_type=&source=&store_name=&tab=207-visualization&twelve_month_trend=1,dashboard,3604,Cross Sell Dashboard,63735,New VS Repeat GMV  Summary,,0,dashboard_card,native,,,queries/63735__new-vs-repeat-gmv-summary.sql,metadata/63735__new-vs-repeat-gmv-summary.json,query_sql|metadata_json|raw_csv|output_preview_html|lineage_preview_html,results/dashboard-3604__63735__new-vs-repeat-gmv-summary.csv,results/dashboard-3604__63735__new-vs-repeat-gmv-summary.json,previews/dashboard-3604__63735__new-vs-repeat-gmv-summary.html,previews/dashboard-3604__63735__new-vs-repeat-gmv-summary__lineage.html,0,0,
dashboard-3604,25,https://metabase.curefit.co/dashboard/3604-cross-sell-dashboard?active_end_date=2026-01-31&active_start_date=2025-04-01&business_line=&category=Indoor+Equipment&category=Indoor_Equipment-Strength&cohort=&compare_with_current_date=1&compare_with_current_month=1&consider_active_time=1&consider_city=0&coupon_code=&current_month_active_vs_expired=&current_month_trend=1&date_filter=Month&date_of_month_end_date=&date_of_month_start_date=&first_membership_created_end_date=&first_membership_created_start_date=&is_freebie_order=1&is_fs_member=1&membership_created_end_date=&membership_created_start_date=&month_end_date=&month_start_date=&no_of_month=2&order_end_date=2026-01-31&order_start_date=2026-01-01&service_type=&source=&store_name=&tab=207-visualization&twelve_month_trend=1,dashboard,3604,Cross Sell Dashboard,63760,New VS Repeat  No Of Orders  Summary  – Last 12 Months,,0,dashboard_card,native,,,queries/63760__new-vs-repeat-no-of-orders-summary-last-12-months.sql,metadata/63760__new-vs-repeat-no-of-orders-summary-last-12-months.json,query_sql|metadata_json|raw_csv|output_preview_html|lineage_preview_html,results/dashboard-3604__63760__new-vs-repeat-no-of-orders-summary-last-12-months.csv,results/dashboard-3604__63760__new-vs-repeat-no-of-orders-summary-last-12-months.json,previews/dashboard-3604__63760__new-vs-repeat-no-of-orders-summary-last-12-months.html,previews/dashboard-3604__63760__new-vs-repeat-no-of-orders-summary-last-12-months__lineage.html,0,0,
dashboard-3604,25,https://metabase.curefit.co/dashboard/3604-cross-sell-dashboard?active_end_date=2026-01-31&active_start_date=2025-04-01&business_line=&category=Indoor+Equipment&category=Indoor_Equipment-Strength&cohort=&compare_with_current_date=1&compare_with_current_month=1&consider_active_time=1&consider_city=0&coupon_code=&current_month_active_vs_expired=&current_month_trend=1&date_filter=Month&date_of_month_end_date=&date_of_month_start_date=&first_membership_created_end_date=&first_membership_created_start_date=&is_freebie_order=1&is_fs_member=1&membership_created_end_date=&membership_created_start_date=&month_end_date=&month_start_date=&no_of_month=2&order_end_date=2026-01-31&order_start_date=2026-01-01&service_type=&source=&store_name=&tab=207-visualization&twelve_month_trend=1,dashboard,3604,Cross Sell Dashboard,63763,Funnel Cross Sales,,0,dashboard_card,native,,atc_combined|checkout_combined|custom_atc|custom_checkout|custom_event_data|custom_home_page_view|custom_pdp_page_view|custom_plp_page_view|home_page_view_combined|order_data|pdp_page_view_combined|plp_page_view_combined|shopify_atc|shopify_checkout|shopify_event_data|shopify_home_page_view|shopify_pdp_page_view|shopify_plp_page_view|user_details,queries/63763__funnel-cross-sales.sql,metadata/63763__funnel-cross-sales.json,query_sql|metadata_json|result_blocked,,,,,,,The read operation timed out
dashboard-3604,25,https://metabase.curefit.co/dashboard/3604-cross-sell-dashboard?active_end_date=2026-01-31&active_start_date=2025-04-01&business_line=&category=Indoor+Equipment&category=Indoor_Equipment-Strength&cohort=&compare_with_current_date=1&compare_with_current_month=1&consider_active_time=1&consider_city=0&coupon_code=&current_month_active_vs_expired=&current_month_trend=1&date_filter=Month&date_of_month_end_date=&date_of_month_start_date=&first_membership_created_end_date=&first_membership_created_start_date=&is_freebie_order=1&is_fs_member=1&membership_created_end_date=&membership_created_start_date=&month_end_date=&month_start_date=&no_of_month=2&order_end_date=2026-01-31&order_start_date=2026-01-01&service_type=&source=&store_name=&tab=207-visualization&twelve_month_trend=1,dashboard,3604,Cross Sell Dashboard,63754,Cohort__Category Wise Cross Sales,,0,dashboard_card,native,,,queries/63754__cohort-category-wise-cross-sales.sql,metadata/63754__cohort-category-wise-cross-sales.json,query_sql|metadata_json|raw_csv|output_preview_html|lineage_preview_html,results/dashboard-3604__63754__cohort-category-wise-cross-sales.csv,results/dashboard-3604__63754__cohort-category-wise-cross-sales.json,previews/dashboard-3604__63754__cohort-category-wise-cross-sales.html,previews/dashboard-3604__63754__cohort-category-wise-cross-sales__lineage.html,0,0,
dashboard-3604,25,https://metabase.curefit.co/dashboard/3604-cross-sell-dashboard?active_end_date=2026-01-31&active_start_date=2025-04-01&business_line=&category=Indoor+Equipment&category=Indoor_Equipment-Strength&cohort=&compare_with_current_date=1&compare_with_current_month=1&consider_active_time=1&consider_city=0&coupon_code=&current_month_active_vs_expired=&current_month_trend=1&date_filter=Month&date_of_month_end_date=&date_of_month_start_date=&first_membership_created_end_date=&first_membership_created_start_date=&is_freebie_order=1&is_fs_member=1&membership_created_end_date=&membership_created_start_date=&month_end_date=&month_start_date=&no_of_month=2&order_end_date=2026-01-31&order_start_date=2026-01-01&service_type=&source=&store_name=&tab=207-visualization&twelve_month_trend=1,dashboard,3604,Cross Sell Dashboard,63734,Source_Cohort_Category Wise Cross Sell,,0,dashboard_card,native,,,queries/63734__source-cohort-category-wise-cross-sell.sql,metadata/63734__source-cohort-category-wise-cross-sell.json,query_sql|metadata_json|raw_csv|output_preview_html|lineage_preview_html,results/dashboard-3604__63734__source-cohort-category-wise-cross-sell.csv,results/dashboard-3604__63734__source-cohort-category-wise-cross-sell.json,previews/dashboard-3604__63734__source-cohort-category-wise-cross-sell.html,previews/dashboard-3604__63734__source-cohort-category-wise-cross-sell__lineage.html,0,0,
dashboard-3604,25,https://metabase.curefit.co/dashboard/3604-cross-sell-dashboard?active_end_date=2026-01-31&active_start_date=2025-04-01&business_line=&category=Indoor+Equipment&category=Indoor_Equipment-Strength&cohort=&compare_with_current_date=1&compare_with_current_month=1&consider_active_time=1&consider_city=0&coupon_code=&current_month_active_vs_expired=&current_month_trend=1&date_filter=Month&date_of_month_end_date=&date_of_month_start_date=&first_membership_created_end_date=&first_membership_created_start_date=&is_freebie_order=1&is_fs_member=1&membership_created_end_date=&membership_created_start_date=&month_end_date=&month_start_date=&no_of_month=2&order_end_date=2026-01-31&order_start_date=2026-01-01&service_type=&source=&store_name=&tab=207-visualization&twelve_month_trend=1,dashboard,3604,Cross Sell Dashboard,63767,Top Performing Products In Each Category,,0,dashboard_card,native,,grouped_data|overall_gmv|ranked_data,queries/63767__top-performing-products-in-each-category.sql,metadata/63767__top-performing-products-in-each-category.json,query_sql|metadata_json|raw_csv|output_preview_html|lineage_preview_html,results/dashboard-3604__63767__top-performing-products-in-each-category.csv,results/dashboard-3604__63767__top-performing-products-in-each-category.json,previews/dashboard-3604__63767__top-performing-products-in-each-category.html,previews/dashboard-3604__63767__top-performing-products-in-each-category__lineage.html,0,0,
dashboard-3604,25,https://metabase.curefit.co/dashboard/3604-cross-sell-dashboard?active_end_date=2026-01-31&active_start_date=2025-04-01&business_line=&category=Indoor+Equipment&category=Indoor_Equipment-Strength&cohort=&compare_with_current_date=1&compare_with_current_month=1&consider_active_time=1&consider_city=0&coupon_code=&current_month_active_vs_expired=&current_month_trend=1&date_filter=Month&date_of_month_end_date=&date_of_month_start_date=&first_membership_created_end_date=&first_membership_created_start_date=&is_freebie_order=1&is_fs_member=1&membership_created_end_date=&membership_created_start_date=&month_end_date=&month_start_date=&no_of_month=2&order_end_date=2026-01-31&order_start_date=2026-01-01&service_type=&source=&store_name=&tab=207-visualization&twelve_month_trend=1,dashboard,3604,Cross Sell Dashboard,63781,City Wise Cross Sell,,0,dashboard_card,native,,,queries/63781__city-wise-cross-sell.sql,metadata/63781__city-wise-cross-sell.json,query_sql|metadata_json|raw_csv|output_preview_html|lineage_preview_html,results/dashboard-3604__63781__city-wise-cross-sell.csv,results/dashboard-3604__63781__city-wise-cross-sell.json,previews/dashboard-3604__63781__city-wise-cross-sell.html,previews/dashboard-3604__63781__city-wise-cross-sell__lineage.html,839,2,
dashboard-3604,25,https://metabase.curefit.co/dashboard/3604-cross-sell-dashboard?active_end_date=2026-01-31&active_start_date=2025-04-01&business_line=&category=Indoor+Equipment&category=Indoor_Equipment-Strength&cohort=&compare_with_current_date=1&compare_with_current_month=1&consider_active_time=1&consider_city=0&coupon_code=&current_month_active_vs_expired=&current_month_trend=1&date_filter=Month&date_of_month_end_date=&date_of_month_start_date=&first_membership_created_end_date=&first_membership_created_start_date=&is_freebie_order=1&is_fs_member=1&membership_created_end_date=&membership_created_start_date=&month_end_date=&month_start_date=&no_of_month=2&order_end_date=2026-01-31&order_start_date=2026-01-01&service_type=&source=&store_name=&tab=207-visualization&twelve_month_trend=1,dashboard,3604,Cross Sell Dashboard,63761,Gender_Age Wise Cross Sell,,0,dashboard_card,native,,age_calculated,queries/63761__gender-age-wise-cross-sell.sql,metadata/63761__gender-age-wise-cross-sell.json,query_sql|metadata_json|raw_csv|output_preview_html|lineage_preview_html,results/dashboard-3604__63761__gender-age-wise-cross-sell.csv,results/dashboard-3604__63761__gender-age-wise-cross-sell.json,previews/dashboard-3604__63761__gender-age-wise-cross-sell.html,previews/dashboard-3604__63761__gender-age-wise-cross-sell__lineage.html,27,4,
dashboard-3604,25,https://metabase.curefit.co/dashboard/3604-cross-sell-dashboard?active_end_date=2026-01-31&active_start_date=2025-04-01&business_line=&category=Indoor+Equipment&category=Indoor_Equipment-Strength&cohort=&compare_with_current_date=1&compare_with_current_month=1&consider_active_time=1&consider_city=0&coupon_code=&current_month_active_vs_expired=&current_month_trend=1&date_filter=Month&date_of_month_end_date=&date_of_month_start_date=&first_membership_created_end_date=&first_membership_created_start_date=&is_freebie_order=1&is_fs_member=1&membership_created_end_date=&membership_created_start_date=&month_end_date=&month_start_date=&no_of_month=2&order_end_date=2026-01-31&order_start_date=2026-01-01&service_type=&source=&store_name=&tab=207-visualization&twelve_month_trend=1,dashboard,3604,Cross Sell Dashboard,63729,State Wise Cross Sell,,0,dashboard_card,native,,,queries/63729__state-wise-cross-sell.sql,metadata/63729__state-wise-cross-sell.json,query_sql|metadata_json|raw_csv|output_preview_html|lineage_preview_html,results/dashboard-3604__63729__state-wise-cross-sell.csv,results/dashboard-3604__63729__state-wise-cross-sell.json,previews/dashboard-3604__63729__state-wise-cross-sell.html,previews/dashboard-3604__63729__state-wise-cross-sell__lineage.html,40,2,
dashboard-3604,25,https://metabase.curefit.co/dashboard/3604-cross-sell-dashboard?active_end_date=2026-01-31&active_start_date=2025-04-01&business_line=&category=Indoor+Equipment&category=Indoor_Equipment-Strength&cohort=&compare_with_current_date=1&compare_with_current_month=1&consider_active_time=1&consider_city=0&coupon_code=&current_month_active_vs_expired=&current_month_trend=1&date_filter=Month&date_of_month_end_date=&date_of_month_start_date=&first_membership_created_end_date=&first_membership_created_start_date=&is_freebie_order=1&is_fs_member=1&membership_created_end_date=&membership_created_start_date=&month_end_date=&month_start_date=&no_of_month=2&order_end_date=2026-01-31&order_start_date=2026-01-01&service_type=&source=&store_name=&tab=207-visualization&twelve_month_trend=1,dashboard,3604,Cross Sell Dashboard,63780,Day_Cohort_Category Wise Cross Sales,,0,dashboard_card,native,,,queries/63780__day-cohort-category-wise-cross-sales.sql,metadata/63780__day-cohort-category-wise-cross-sales.json,query_sql|metadata_json|raw_csv|output_preview_html|lineage_preview_html,results/dashboard-3604__63780__day-cohort-category-wise-cross-sales.csv,results/dashboard-3604__63780__day-cohort-category-wise-cross-sales.json,previews/dashboard-3604__63780__day-cohort-category-wise-cross-sales.html,previews/dashboard-3604__63780__day-cohort-category-wise-cross-sales__lineage.html,0,0,
dashboard-3604,25,https://metabase.curefit.co/dashboard/3604-cross-sell-dashboard?active_end_date=2026-01-31&active_start_date=2025-04-01&business_line=&category=Indoor+Equipment&category=Indoor_Equipment-Strength&cohort=&compare_with_current_date=1&compare_with_current_month=1&consider_active_time=1&consider_city=0&coupon_code=&current_month_active_vs_expired=&current_month_trend=1&date_filter=Month&date_of_month_end_date=&date_of_month_start_date=&first_membership_created_end_date=&first_membership_created_start_date=&is_freebie_order=1&is_fs_member=1&membership_created_end_date=&membership_created_start_date=&month_end_date=&month_start_date=&no_of_month=2&order_end_date=2026-01-31&order_start_date=2026-01-01&service_type=&source=&store_name=&tab=207-visualization&twelve_month_trend=1,dashboard,3604,Cross Sell Dashboard,63759,Top Performing Products In Each Category Date Wise,,0,dashboard_card,native,,grouped_data|overall_gmv|ranked_data,queries/63759__top-performing-products-in-each-category-date-wise.sql,metadata/63759__top-performing-products-in-each-category-date-wise.json,query_sql|metadata_json|raw_csv|output_preview_html|lineage_preview_html,results/dashboard-3604__63759__top-performing-products-in-each-category-date-wise.csv,results/dashboard-3604__63759__top-performing-products-in-each-category-date-wise.json,previews/dashboard-3604__63759__top-performing-products-in-each-category-date-wise.html,previews/dashboard-3604__63759__top-performing-products-in-each-category-date-wise__lineage.html,0,0,
dashboard-3604,25,https://metabase.curefit.co/dashboard/3604-cross-sell-dashboard?active_end_date=2026-01-31&active_start_date=2025-04-01&business_line=&category=Indoor+Equipment&category=Indoor_Equipment-Strength&cohort=&compare_with_current_date=1&compare_with_current_month=1&consider_active_time=1&consider_city=0&coupon_code=&current_month_active_vs_expired=&current_month_trend=1&date_filter=Month&date_of_month_end_date=&date_of_month_start_date=&first_membership_created_end_date=&first_membership_created_start_date=&is_freebie_order=1&is_fs_member=1&membership_created_end_date=&membership_created_start_date=&month_end_date=&month_start_date=&no_of_month=2&order_end_date=2026-01-31&order_start_date=2026-01-01&service_type=&source=&store_name=&tab=207-visualization&twelve_month_trend=1,dashboard,3604,Cross Sell Dashboard,63748,Cohort__Service_Type_Category Wise Cross Sales,,0,dashboard_card,native,,,queries/63748__cohort-service-type-category-wise-cross-sales.sql,metadata/63748__cohort-service-type-category-wise-cross-sales.json,query_sql|metadata_json|raw_csv|output_preview_html|lineage_preview_html,results/dashboard-3604__63748__cohort-service-type-category-wise-cross-sales.csv,results/dashboard-3604__63748__cohort-service-type-category-wise-cross-sales.json,previews/dashboard-3604__63748__cohort-service-type-category-wise-cross-sales.html,previews/dashboard-3604__63748__cohort-service-type-category-wise-cross-sales__lineage.html,0,0,
dashboard-3604,25,https://metabase.curefit.co/dashboard/3604-cross-sell-dashboard?active_end_date=2026-01-31&active_start_date=2025-04-01&business_line=&category=Indoor+Equipment&category=Indoor_Equipment-Strength&cohort=&compare_with_current_date=1&compare_with_current_month=1&consider_active_time=1&consider_city=0&coupon_code=&current_month_active_vs_expired=&current_month_trend=1&date_filter=Month&date_of_month_end_date=&date_of_month_start_date=&first_membership_created_end_date=&first_membership_created_start_date=&is_freebie_order=1&is_fs_member=1&membership_created_end_date=&membership_created_start_date=&month_end_date=&month_start_date=&no_of_month=2&order_end_date=2026-01-31&order_start_date=2026-01-01&service_type=&source=&store_name=&tab=207-visualization&twelve_month_trend=1,dashboard,3604,Cross Sell Dashboard,63750,Cohort_Service_Type  Wise Cross Sales,,0,dashboard_card,native,,,queries/63750__cohort-service-type-wise-cross-sales.sql,metadata/63750__cohort-service-type-wise-cross-sales.json,query_sql|metadata_json|raw_csv|output_preview_html|lineage_preview_html,results/dashboard-3604__63750__cohort-service-type-wise-cross-sales.csv,results/dashboard-3604__63750__cohort-service-type-wise-cross-sales.json,previews/dashboard-3604__63750__cohort-service-type-wise-cross-sales.html,previews/dashboard-3604__63750__cohort-service-type-wise-cross-sales__lineage.html,0,0,
dashboard-3604,25,https://metabase.curefit.co/dashboard/3604-cross-sell-dashboard?active_end_date=2026-01-31&active_start_date=2025-04-01&business_line=&category=Indoor+Equipment&category=Indoor_Equipment-Strength&cohort=&compare_with_current_date=1&compare_with_current_month=1&consider_active_time=1&consider_city=0&coupon_code=&current_month_active_vs_expired=&current_month_trend=1&date_filter=Month&date_of_month_end_date=&date_of_month_start_date=&first_membership_created_end_date=&first_membership_created_start_date=&is_freebie_order=1&is_fs_member=1&membership_created_end_date=&membership_created_start_date=&month_end_date=&month_start_date=&no_of_month=2&order_end_date=2026-01-31&order_start_date=2026-01-01&service_type=&source=&store_name=&tab=207-visualization&twelve_month_trend=1,dashboard,3604,Cross Sell Dashboard,63731,Service_Type_Category  Wise Cross Sell,,0,dashboard_card,native,,,queries/63731__service-type-category-wise-cross-sell.sql,metadata/63731__service-type-category-wise-cross-sell.json,query_sql|metadata_json|raw_csv|output_preview_html|lineage_preview_html,results/dashboard-3604__63731__service-type-category-wise-cross-sell.csv,results/dashboard-3604__63731__service-type-category-wise-cross-sell.json,previews/dashboard-3604__63731__service-type-category-wise-cross-sell.html,previews/dashboard-3604__63731__service-type-category-wise-cross-sell__lineage.html,0,0,
dashboard-3604,25,https://metabase.curefit.co/dashboard/3604-cross-sell-dashboard?active_end_date=2026-01-31&active_start_date=2025-04-01&business_line=&category=Indoor+Equipment&category=Indoor_Equipment-Strength&cohort=&compare_with_current_date=1&compare_with_current_month=1&consider_active_time=1&consider_city=0&coupon_code=&current_month_active_vs_expired=&current_month_trend=1&date_filter=Month&date_of_month_end_date=&date_of_month_start_date=&first_membership_created_end_date=&first_membership_created_start_date=&is_freebie_order=1&is_fs_member=1&membership_created_end_date=&membership_created_start_date=&month_end_date=&month_start_date=&no_of_month=2&order_end_date=2026-01-31&order_start_date=2026-01-01&service_type=&source=&store_name=&tab=207-visualization&twelve_month_trend=1,dashboard,3604,Cross Sell Dashboard,63746,Gender_Age_Category Wise Cross Sell,,0,dashboard_card,native,,age_calculated,queries/63746__gender-age-category-wise-cross-sell.sql,metadata/63746__gender-age-category-wise-cross-sell.json,query_sql|metadata_json|raw_csv|output_preview_html|lineage_preview_html,results/dashboard-3604__63746__gender-age-category-wise-cross-sell.csv,results/dashboard-3604__63746__gender-age-category-wise-cross-sell.json,previews/dashboard-3604__63746__gender-age-category-wise-cross-sell.html,previews/dashboard-3604__63746__gender-age-category-wise-cross-sell__lineage.html,32,5,
dashboard-3604,25,https://metabase.curefit.co/dashboard/3604-cross-sell-dashboard?active_end_date=2026-01-31&active_start_date=2025-04-01&business_line=&category=Indoor+Equipment&category=Indoor_Equipment-Strength&cohort=&compare_with_current_date=1&compare_with_current_month=1&consider_active_time=1&consider_city=0&coupon_code=&current_month_active_vs_expired=&current_month_trend=1&date_filter=Month&date_of_month_end_date=&date_of_month_start_date=&first_membership_created_end_date=&first_membership_created_start_date=&is_freebie_order=1&is_fs_member=1&membership_created_end_date=&membership_created_start_date=&month_end_date=&month_start_date=&no_of_month=2&order_end_date=2026-01-31&order_start_date=2026-01-01&service_type=&source=&store_name=&tab=207-visualization&twelve_month_trend=1,dashboard,3604,Cross Sell Dashboard,63788,Age_Category Wise Cross Sell,,0,dashboard_card,native,,age_calculated,queries/63788__age-category-wise-cross-sell.sql,metadata/63788__age-category-wise-cross-sell.json,query_sql|metadata_json|raw_csv|output_preview_html|lineage_preview_html,results/dashboard-3604__63788__age-category-wise-cross-sell.csv,results/dashboard-3604__63788__age-category-wise-cross-sell.json,previews/dashboard-3604__63788__age-category-wise-cross-sell.html,previews/dashboard-3604__63788__age-category-wise-cross-sell__lineage.html,13,4,
dashboard-3604,25,https://metabase.curefit.co/dashboard/3604-cross-sell-dashboard?active_end_date=2026-01-31&active_start_date=2025-04-01&business_line=&category=Indoor+Equipment&category=Indoor_Equipment-Strength&cohort=&compare_with_current_date=1&compare_with_current_month=1&consider_active_time=1&consider_city=0&coupon_code=&current_month_active_vs_expired=&current_month_trend=1&date_filter=Month&date_of_month_end_date=&date_of_month_start_date=&first_membership_created_end_date=&first_membership_created_start_date=&is_freebie_order=1&is_fs_member=1&membership_created_end_date=&membership_created_start_date=&month_end_date=&month_start_date=&no_of_month=2&order_end_date=2026-01-31&order_start_date=2026-01-01&service_type=&source=&store_name=&tab=207-visualization&twelve_month_trend=1,dashboard,3604,Cross Sell Dashboard,63774,Gender_Category Wise Cross Sell,,0,dashboard_card,native,,,queries/63774__gender-category-wise-cross-sell.sql,metadata/63774__gender-category-wise-cross-sell.json,query_sql|metadata_json|raw_csv|output_preview_html|lineage_preview_html,results/dashboard-3604__63774__gender-category-wise-cross-sell.csv,results/dashboard-3604__63774__gender-category-wise-cross-sell.json,previews/dashboard-3604__63774__gender-category-wise-cross-sell.html,previews/dashboard-3604__63774__gender-category-wise-cross-sell__lineage.html,7,4,
dashboard-3604,25,https://metabase.curefit.co/dashboard/3604-cross-sell-dashboard?active_end_date=2026-01-31&active_start_date=2025-04-01&business_line=&category=Indoor+Equipment&category=Indoor_Equipment-Strength&cohort=&compare_with_current_date=1&compare_with_current_month=1&consider_active_time=1&consider_city=0&coupon_code=&current_month_active_vs_expired=&current_month_trend=1&date_filter=Month&date_of_month_end_date=&date_of_month_start_date=&first_membership_created_end_date=&first_membership_created_start_date=&is_freebie_order=1&is_fs_member=1&membership_created_end_date=&membership_created_start_date=&month_end_date=&month_start_date=&no_of_month=2&order_end_date=2026-01-31&order_start_date=2026-01-01&service_type=&source=&store_name=&tab=207-visualization&twelve_month_trend=1,dashboard,3604,Cross Sell Dashboard,63795,Quarter Wise Cross Sell User Count,,0,dashboard_card,native,,order_detail|user_count_details|user_details,queries/63795__quarter-wise-cross-sell-user-count.sql,metadata/63795__quarter-wise-cross-sell-user-count.json,query_sql|metadata_json|raw_csv|output_preview_html|lineage_preview_html,results/dashboard-3604__63795__quarter-wise-cross-sell-user-count.csv,results/dashboard-3604__63795__quarter-wise-cross-sell-user-count.json,previews/dashboard-3604__63795__quarter-wise-cross-sell-user-count.html,previews/dashboard-3604__63795__quarter-wise-cross-sell-user-count__lineage.html,31,2,
dashboard-3604,25,https://metabase.curefit.co/dashboard/3604-cross-sell-dashboard?active_end_date=2026-01-31&active_start_date=2025-04-01&business_line=&category=Indoor+Equipment&category=Indoor_Equipment-Strength&cohort=&compare_with_current_date=1&compare_with_current_month=1&consider_active_time=1&consider_city=0&coupon_code=&current_month_active_vs_expired=&current_month_trend=1&date_filter=Month&date_of_month_end_date=&date_of_month_start_date=&first_membership_created_end_date=&first_membership_created_start_date=&is_freebie_order=1&is_fs_member=1&membership_created_end_date=&membership_created_start_date=&month_end_date=&month_start_date=&no_of_month=2&order_end_date=2026-01-31&order_start_date=2026-01-01&service_type=&source=&store_name=&tab=207-visualization&twelve_month_trend=1,dashboard,3604,Cross Sell Dashboard,64443,Current Month Day Wise Cross Sell VS D2C,,0,dashboard_card,native,,final_data,queries/64443__current-month-day-wise-cross-sell-vs-d2c.sql,metadata/64443__current-month-day-wise-cross-sell-vs-d2c.json,query_sql|metadata_json|raw_csv|output_preview_html|lineage_preview_html,results/dashboard-3604__64443__current-month-day-wise-cross-sell-vs-d2c.csv,results/dashboard-3604__64443__current-month-day-wise-cross-sell-vs-d2c.json,previews/dashboard-3604__64443__current-month-day-wise-cross-sell-vs-d2c.html,previews/dashboard-3604__64443__current-month-day-wise-cross-sell-vs-d2c__lineage.html,0,0,
dashboard-3604,25,https://metabase.curefit.co/dashboard/3604-cross-sell-dashboard?active_end_date=2026-01-31&active_start_date=2025-04-01&business_line=&category=Indoor+Equipment&category=Indoor_Equipment-Strength&cohort=&compare_with_current_date=1&compare_with_current_month=1&consider_active_time=1&consider_city=0&coupon_code=&current_month_active_vs_expired=&current_month_trend=1&date_filter=Month&date_of_month_end_date=&date_of_month_start_date=&first_membership_created_end_date=&first_membership_created_start_date=&is_freebie_order=1&is_fs_member=1&membership_created_end_date=&membership_created_start_date=&month_end_date=&month_start_date=&no_of_month=2&order_end_date=2026-01-31&order_start_date=2026-01-01&service_type=&source=&store_name=&tab=207-visualization&twelve_month_trend=1,dashboard,3604,Cross Sell Dashboard,65195,EBO - Cross Sell VS D2C,,0,dashboard_card,native,,,queries/65195__ebo-cross-sell-vs-d2c.sql,metadata/65195__ebo-cross-sell-vs-d2c.json,query_sql|metadata_json|raw_csv|output_preview_html|lineage_preview_html,results/dashboard-3604__65195__ebo-cross-sell-vs-d2c.csv,results/dashboard-3604__65195__ebo-cross-sell-vs-d2c.json,previews/dashboard-3604__65195__ebo-cross-sell-vs-d2c.html,previews/dashboard-3604__65195__ebo-cross-sell-vs-d2c__lineage.html,0,0,
dashboard-3604,25,https://metabase.curefit.co/dashboard/3604-cross-sell-dashboard?active_end_date=2026-01-31&active_start_date=2025-04-01&business_line=&category=Indoor+Equipment&category=Indoor_Equipment-Strength&cohort=&compare_with_current_date=1&compare_with_current_month=1&consider_active_time=1&consider_city=0&coupon_code=&current_month_active_vs_expired=&current_month_trend=1&date_filter=Month&date_of_month_end_date=&date_of_month_start_date=&first_membership_created_end_date=&first_membership_created_start_date=&is_freebie_order=1&is_fs_member=1&membership_created_end_date=&membership_created_start_date=&month_end_date=&month_start_date=&no_of_month=2&order_end_date=2026-01-31&order_start_date=2026-01-01&service_type=&source=&store_name=&tab=207-visualization&twelve_month_trend=1,dashboard,3604,Cross Sell Dashboard,65159,EBO Cross Sell - Majority Service Wise,,0,dashboard_card,native,,,queries/65159__ebo-cross-sell-majority-service-wise.sql,metadata/65159__ebo-cross-sell-majority-service-wise.json,query_sql|metadata_json|raw_csv|output_preview_html|lineage_preview_html,results/dashboard-3604__65159__ebo-cross-sell-majority-service-wise.csv,results/dashboard-3604__65159__ebo-cross-sell-majority-service-wise.json,previews/dashboard-3604__65159__ebo-cross-sell-majority-service-wise.html,previews/dashboard-3604__65159__ebo-cross-sell-majority-service-wise__lineage.html,0,0,
dashboard-3604,25,https://metabase.curefit.co/dashboard/3604-cross-sell-dashboard?active_end_date=2026-01-31&active_start_date=2025-04-01&business_line=&category=Indoor+Equipment&category=Indoor_Equipment-Strength&cohort=&compare_with_current_date=1&compare_with_current_month=1&consider_active_time=1&consider_city=0&coupon_code=&current_month_active_vs_expired=&current_month_trend=1&date_filter=Month&date_of_month_end_date=&date_of_month_start_date=&first_membership_created_end_date=&first_membership_created_start_date=&is_freebie_order=1&is_fs_member=1&membership_created_end_date=&membership_created_start_date=&month_end_date=&month_start_date=&no_of_month=2&order_end_date=2026-01-31&order_start_date=2026-01-01&service_type=&source=&store_name=&tab=207-visualization&twelve_month_trend=1,dashboard,3604,Cross Sell Dashboard,65138,EBO Cross Sell - Cohort Wise,,0,dashboard_card,native,,,queries/65138__ebo-cross-sell-cohort-wise.sql,metadata/65138__ebo-cross-sell-cohort-wise.json,query_sql|metadata_json|raw_csv|output_preview_html|lineage_preview_html,results/dashboard-3604__65138__ebo-cross-sell-cohort-wise.csv,results/dashboard-3604__65138__ebo-cross-sell-cohort-wise.json,previews/dashboard-3604__65138__ebo-cross-sell-cohort-wise.html,previews/dashboard-3604__65138__ebo-cross-sell-cohort-wise__lineage.html,0,0,
dashboard-3604,25,https://metabase.curefit.co/dashboard/3604-cross-sell-dashboard?active_end_date=2026-01-31&active_start_date=2025-04-01&business_line=&category=Indoor+Equipment&category=Indoor_Equipment-Strength&cohort=&compare_with_current_date=1&compare_with_current_month=1&consider_active_time=1&consider_city=0&coupon_code=&current_month_active_vs_expired=&current_month_trend=1&date_filter=Month&date_of_month_end_date=&date_of_month_start_date=&first_membership_created_end_date=&first_membership_created_start_date=&is_freebie_order=1&is_fs_member=1&membership_created_end_date=&membership_created_start_date=&month_end_date=&month_start_date=&no_of_month=2&order_end_date=2026-01-31&order_start_date=2026-01-01&service_type=&source=&store_name=&tab=207-visualization&twelve_month_trend=1,dashboard,3604,Cross Sell Dashboard,64117,EBO Cross Sell - Month_Store Wise,,0,dashboard_card,native,,,queries/64117__ebo-cross-sell-month-store-wise.sql,metadata/64117__ebo-cross-sell-month-store-wise.json,query_sql|metadata_json|raw_csv|output_preview_html|lineage_preview_html,results/dashboard-3604__64117__ebo-cross-sell-month-store-wise.csv,results/dashboard-3604__64117__ebo-cross-sell-month-store-wise.json,previews/dashboard-3604__64117__ebo-cross-sell-month-store-wise.html,previews/dashboard-3604__64117__ebo-cross-sell-month-store-wise__lineage.html,0,0,
dashboard-3604,25,https://metabase.curefit.co/dashboard/3604-cross-sell-dashboard?active_end_date=2026-01-31&active_start_date=2025-04-01&business_line=&category=Indoor+Equipment&category=Indoor_Equipment-Strength&cohort=&compare_with_current_date=1&compare_with_current_month=1&consider_active_time=1&consider_city=0&coupon_code=&current_month_active_vs_expired=&current_month_trend=1&date_filter=Month&date_of_month_end_date=&date_of_month_start_date=&first_membership_created_end_date=&first_membership_created_start_date=&is_freebie_order=1&is_fs_member=1&membership_created_end_date=&membership_created_start_date=&month_end_date=&month_start_date=&no_of_month=2&order_end_date=2026-01-31&order_start_date=2026-01-01&service_type=&source=&store_name=&tab=207-visualization&twelve_month_trend=1,dashboard,3604,Cross Sell Dashboard,65196,EBO - Category Wise Cross Sell VS D2C,,0,dashboard_card,native,,combined_data,queries/65196__ebo-category-wise-cross-sell-vs-d2c.sql,metadata/65196__ebo-category-wise-cross-sell-vs-d2c.json,query_sql|metadata_json|raw_csv|output_preview_html|lineage_preview_html,results/dashboard-3604__65196__ebo-category-wise-cross-sell-vs-d2c.csv,results/dashboard-3604__65196__ebo-category-wise-cross-sell-vs-d2c.json,previews/dashboard-3604__65196__ebo-category-wise-cross-sell-vs-d2c.html,previews/dashboard-3604__65196__ebo-category-wise-cross-sell-vs-d2c__lineage.html,0,0,
dashboard-3604,25,https://metabase.curefit.co/dashboard/3604-cross-sell-dashboard?active_end_date=2026-01-31&active_start_date=2025-04-01&business_line=&category=Indoor+Equipment&category=Indoor_Equipment-Strength&cohort=&compare_with_current_date=1&compare_with_current_month=1&consider_active_time=1&consider_city=0&coupon_code=&current_month_active_vs_expired=&current_month_trend=1&date_filter=Month&date_of_month_end_date=&date_of_month_start_date=&first_membership_created_end_date=&first_membership_created_start_date=&is_freebie_order=1&is_fs_member=1&membership_created_end_date=&membership_created_start_date=&month_end_date=&month_start_date=&no_of_month=2&order_end_date=2026-01-31&order_start_date=2026-01-01&service_type=&source=&store_name=&tab=207-visualization&twelve_month_trend=1,dashboard,3604,Cross Sell Dashboard,65198,EBO Cross Sell - Category Wise,,0,dashboard_card,native,,,queries/65198__ebo-cross-sell-category-wise.sql,metadata/65198__ebo-cross-sell-category-wise.json,query_sql|metadata_json|raw_csv|output_preview_html|lineage_preview_html,results/dashboard-3604__65198__ebo-cross-sell-category-wise.csv,results/dashboard-3604__65198__ebo-cross-sell-category-wise.json,previews/dashboard-3604__65198__ebo-cross-sell-category-wise.html,previews/dashboard-3604__65198__ebo-cross-sell-category-wise__lineage.html,0,0,
dashboard-3604,25,https://metabase.curefit.co/dashboard/3604-cross-sell-dashboard?active_end_date=2026-01-31&active_start_date=2025-04-01&business_line=&category=Indoor+Equipment&category=Indoor_Equipment-Strength&cohort=&compare_with_current_date=1&compare_with_current_month=1&consider_active_time=1&consider_city=0&coupon_code=&current_month_active_vs_expired=&current_month_trend=1&date_filter=Month&date_of_month_end_date=&date_of_month_start_date=&first_membership_created_end_date=&first_membership_created_start_date=&is_freebie_order=1&is_fs_member=1&membership_created_end_date=&membership_created_start_date=&month_end_date=&month_start_date=&no_of_month=2&order_end_date=2026-01-31&order_start_date=2026-01-01&service_type=&source=&store_name=&tab=207-visualization&twelve_month_trend=1,dashboard,3604,Cross Sell Dashboard,65123,EBO Cross Sell - Store_Category Wise,,0,dashboard_card,native,,,queries/65123__ebo-cross-sell-store-category-wise.sql,metadata/65123__ebo-cross-sell-store-category-wise.json,query_sql|metadata_json|raw_csv|output_preview_html|lineage_preview_html,results/dashboard-3604__65123__ebo-cross-sell-store-category-wise.csv,results/dashboard-3604__65123__ebo-cross-sell-store-category-wise.json,previews/dashboard-3604__65123__ebo-cross-sell-store-category-wise.html,previews/dashboard-3604__65123__ebo-cross-sell-store-category-wise__lineage.html,0,0,
dashboard-3604,25,https://metabase.curefit.co/dashboard/3604-cross-sell-dashboard?active_end_date=2026-01-31&active_start_date=2025-04-01&business_line=&category=Indoor+Equipment&category=Indoor_Equipment-Strength&cohort=&compare_with_current_date=1&compare_with_current_month=1&consider_active_time=1&consider_city=0&coupon_code=&current_month_active_vs_expired=&current_month_trend=1&date_filter=Month&date_of_month_end_date=&date_of_month_start_date=&first_membership_created_end_date=&first_membership_created_start_date=&is_freebie_order=1&is_fs_member=1&membership_created_end_date=&membership_created_start_date=&month_end_date=&month_start_date=&no_of_month=2&order_end_date=2026-01-31&order_start_date=2026-01-01&service_type=&source=&store_name=&tab=207-visualization&twelve_month_trend=1,dashboard,3604,Cross Sell Dashboard,65124,EBO Cross Sell - Store Wise,,0,dashboard_card,native,,,queries/65124__ebo-cross-sell-store-wise.sql,metadata/65124__ebo-cross-sell-store-wise.json,query_sql|metadata_json|raw_csv|output_preview_html|lineage_preview_html,results/dashboard-3604__65124__ebo-cross-sell-store-wise.csv,results/dashboard-3604__65124__ebo-cross-sell-store-wise.json,previews/dashboard-3604__65124__ebo-cross-sell-store-wise.html,previews/dashboard-3604__65124__ebo-cross-sell-store-wise__lineage.html,0,0,
dashboard-3604,25,https://metabase.curefit.co/dashboard/3604-cross-sell-dashboard?active_end_date=2026-01-31&active_start_date=2025-04-01&business_line=&category=Indoor+Equipment&category=Indoor_Equipment-Strength&cohort=&compare_with_current_date=1&compare_with_current_month=1&consider_active_time=1&consider_city=0&coupon_code=&current_month_active_vs_expired=&current_month_trend=1&date_filter=Month&date_of_month_end_date=&date_of_month_start_date=&first_membership_created_end_date=&first_membership_created_start_date=&is_freebie_order=1&is_fs_member=1&membership_created_end_date=&membership_created_start_date=&month_end_date=&month_start_date=&no_of_month=2&order_end_date=2026-01-31&order_start_date=2026-01-01&service_type=&source=&store_name=&tab=207-visualization&twelve_month_trend=1,dashboard,3604,Cross Sell Dashboard,65122,EBO Cross Sell - Month_Store_Category Wise,,0,dashboard_card,native,,,queries/65122__ebo-cross-sell-month-store-category-wise.sql,metadata/65122__ebo-cross-sell-month-store-category-wise.json,query_sql|metadata_json|raw_csv|output_preview_html|lineage_preview_html,results/dashboard-3604__65122__ebo-cross-sell-month-store-category-wise.csv,results/dashboard-3604__65122__ebo-cross-sell-month-store-category-wise.json,previews/dashboard-3604__65122__ebo-cross-sell-month-store-category-wise.html,previews/dashboard-3604__65122__ebo-cross-sell-month-store-category-wise__lineage.html,0,0,
dashboard-3604,25,https://metabase.curefit.co/dashboard/3604-cross-sell-dashboard?active_end_date=2026-01-31&active_start_date=2025-04-01&business_line=&category=Indoor+Equipment&category=Indoor_Equipment-Strength&cohort=&compare_with_current_date=1&compare_with_current_month=1&consider_active_time=1&consider_city=0&coupon_code=&current_month_active_vs_expired=&current_month_trend=1&date_filter=Month&date_of_month_end_date=&date_of_month_start_date=&first_membership_created_end_date=&first_membership_created_start_date=&is_freebie_order=1&is_fs_member=1&membership_created_end_date=&membership_created_start_date=&month_end_date=&month_start_date=&no_of_month=2&order_end_date=2026-01-31&order_start_date=2026-01-01&service_type=&source=&store_name=&tab=207-visualization&twelve_month_trend=1,dashboard,3604,Cross Sell Dashboard,65202,EBO - Cross-Sell Trend – Last 12 Months,,0,dashboard_card,native,,,queries/65202__ebo-cross-sell-trend-last-12-months.sql,metadata/65202__ebo-cross-sell-trend-last-12-months.json,query_sql|metadata_json|raw_csv|output_preview_html|lineage_preview_html,results/dashboard-3604__65202__ebo-cross-sell-trend-last-12-months.csv,results/dashboard-3604__65202__ebo-cross-sell-trend-last-12-months.json,previews/dashboard-3604__65202__ebo-cross-sell-trend-last-12-months.html,previews/dashboard-3604__65202__ebo-cross-sell-trend-last-12-months__lineage.html,0,0,
dashboard-3604,25,https://metabase.curefit.co/dashboard/3604-cross-sell-dashboard?active_end_date=2026-01-31&active_start_date=2025-04-01&business_line=&category=Indoor+Equipment&category=Indoor_Equipment-Strength&cohort=&compare_with_current_date=1&compare_with_current_month=1&consider_active_time=1&consider_city=0&coupon_code=&current_month_active_vs_expired=&current_month_trend=1&date_filter=Month&date_of_month_end_date=&date_of_month_start_date=&first_membership_created_end_date=&first_membership_created_start_date=&is_freebie_order=1&is_fs_member=1&membership_created_end_date=&membership_created_start_date=&month_end_date=&month_start_date=&no_of_month=2&order_end_date=2026-01-31&order_start_date=2026-01-01&service_type=&source=&store_name=&tab=207-visualization&twelve_month_trend=1,dashboard,3604,Cross Sell Dashboard,65204,Cross Sell VS D2C,,0,dashboard_card,native,,,queries/65204__cross-sell-vs-d2c.sql,metadata/65204__cross-sell-vs-d2c.json,query_sql|metadata_json|raw_csv|output_preview_html|lineage_preview_html,results/dashboard-3604__65204__cross-sell-vs-d2c.csv,results/dashboard-3604__65204__cross-sell-vs-d2c.json,previews/dashboard-3604__65204__cross-sell-vs-d2c.html,previews/dashboard-3604__65204__cross-sell-vs-d2c__lineage.html,0,0,
dashboard-3604,25,https://metabase.curefit.co/dashboard/3604-cross-sell-dashboard?active_end_date=2026-01-31&active_start_date=2025-04-01&business_line=&category=Indoor+Equipment&category=Indoor_Equipment-Strength&cohort=&compare_with_current_date=1&compare_with_current_month=1&consider_active_time=1&consider_city=0&coupon_code=&current_month_active_vs_expired=&current_month_trend=1&date_filter=Month&date_of_month_end_date=&date_of_month_start_date=&first_membership_created_end_date=&first_membership_created_start_date=&is_freebie_order=1&is_fs_member=1&membership_created_end_date=&membership_created_start_date=&month_end_date=&month_start_date=&no_of_month=2&order_end_date=2026-01-31&order_start_date=2026-01-01&service_type=&source=&store_name=&tab=207-visualization&twelve_month_trend=1,dashboard,3604,Cross Sell Dashboard,66102,Source Wise Cross Sell VS D2C,,0,dashboard_card,native,,combined_data,queries/66102__source-wise-cross-sell-vs-d2c.sql,metadata/66102__source-wise-cross-sell-vs-d2c.json,query_sql|metadata_json|raw_csv|output_preview_html|lineage_preview_html,results/dashboard-3604__66102__source-wise-cross-sell-vs-d2c.csv,results/dashboard-3604__66102__source-wise-cross-sell-vs-d2c.json,previews/dashboard-3604__66102__source-wise-cross-sell-vs-d2c.html,previews/dashboard-3604__66102__source-wise-cross-sell-vs-d2c__lineage.html,0,0,
dashboard-3604,25,https://metabase.curefit.co/dashboard/3604-cross-sell-dashboard?active_end_date=2026-01-31&active_start_date=2025-04-01&business_line=&category=Indoor+Equipment&category=Indoor_Equipment-Strength&cohort=&compare_with_current_date=1&compare_with_current_month=1&consider_active_time=1&consider_city=0&coupon_code=&current_month_active_vs_expired=&current_month_trend=1&date_filter=Month&date_of_month_end_date=&date_of_month_start_date=&first_membership_created_end_date=&first_membership_created_start_date=&is_freebie_order=1&is_fs_member=1&membership_created_end_date=&membership_created_start_date=&month_end_date=&month_start_date=&no_of_month=2&order_end_date=2026-01-31&order_start_date=2026-01-01&service_type=&source=&store_name=&tab=207-visualization&twelve_month_trend=1,dashboard,3604,Cross Sell Dashboard,66114,Active VS Expired GMV  Summary,,0,dashboard_card,native,,,queries/66114__active-vs-expired-gmv-summary.sql,metadata/66114__active-vs-expired-gmv-summary.json,query_sql|metadata_json|raw_csv|output_preview_html|lineage_preview_html,results/dashboard-3604__66114__active-vs-expired-gmv-summary.csv,results/dashboard-3604__66114__active-vs-expired-gmv-summary.json,previews/dashboard-3604__66114__active-vs-expired-gmv-summary.html,previews/dashboard-3604__66114__active-vs-expired-gmv-summary__lineage.html,0,0,
dashboard-3604,25,https://metabase.curefit.co/dashboard/3604-cross-sell-dashboard?active_end_date=2026-01-31&active_start_date=2025-04-01&business_line=&category=Indoor+Equipment&category=Indoor_Equipment-Strength&cohort=&compare_with_current_date=1&compare_with_current_month=1&consider_active_time=1&consider_city=0&coupon_code=&current_month_active_vs_expired=&current_month_trend=1&date_filter=Month&date_of_month_end_date=&date_of_month_start_date=&first_membership_created_end_date=&first_membership_created_start_date=&is_freebie_order=1&is_fs_member=1&membership_created_end_date=&membership_created_start_date=&month_end_date=&month_start_date=&no_of_month=2&order_end_date=2026-01-31&order_start_date=2026-01-01&service_type=&source=&store_name=&tab=207-visualization&twelve_month_trend=1,dashboard,3604,Cross Sell Dashboard,66134,Active VS Expired GMV  Summary  – Last 12 Months,,0,dashboard_card,native,,,queries/66134__active-vs-expired-gmv-summary-last-12-months.sql,metadata/66134__active-vs-expired-gmv-summary-last-12-months.json,query_sql|metadata_json|raw_csv|output_preview_html|lineage_preview_html,results/dashboard-3604__66134__active-vs-expired-gmv-summary-last-12-months.csv,results/dashboard-3604__66134__active-vs-expired-gmv-summary-last-12-months.json,previews/dashboard-3604__66134__active-vs-expired-gmv-summary-last-12-months.html,previews/dashboard-3604__66134__active-vs-expired-gmv-summary-last-12-months__lineage.html,0,0,
dashboard-3604,25,https://metabase.curefit.co/dashboard/3604-cross-sell-dashboard?active_end_date=2026-01-31&active_start_date=2025-04-01&business_line=&category=Indoor+Equipment&category=Indoor_Equipment-Strength&cohort=&compare_with_current_date=1&compare_with_current_month=1&consider_active_time=1&consider_city=0&coupon_code=&current_month_active_vs_expired=&current_month_trend=1&date_filter=Month&date_of_month_end_date=&date_of_month_start_date=&first_membership_created_end_date=&first_membership_created_start_date=&is_freebie_order=1&is_fs_member=1&membership_created_end_date=&membership_created_start_date=&month_end_date=&month_start_date=&no_of_month=2&order_end_date=2026-01-31&order_start_date=2026-01-01&service_type=&source=&store_name=&tab=207-visualization&twelve_month_trend=1,dashboard,3604,Cross Sell Dashboard,65637,EBO -  Cross Sell Market Size,,0,dashboard_card,native,,attributed_users|booking_fact|center_dim|combined_user|cross_sell_orders|cross_sell_user_gmv|ebo_store|filtered_booking_fact|filtered_centers|fs_cohort_active|fs_cohort_expired|fs_cohorts|membership_dim|non_attributes_users,queries/65637__ebo-cross-sell-market-size.sql,metadata/65637__ebo-cross-sell-market-size.json,query_sql|metadata_json|result_blocked,,,,,,,The read operation timed out
dashboard-3604,25,https://metabase.curefit.co/dashboard/3604-cross-sell-dashboard?active_end_date=2026-01-31&active_start_date=2025-04-01&business_line=&category=Indoor+Equipment&category=Indoor_Equipment-Strength&cohort=&compare_with_current_date=1&compare_with_current_month=1&consider_active_time=1&consider_city=0&coupon_code=&current_month_active_vs_expired=&current_month_trend=1&date_filter=Month&date_of_month_end_date=&date_of_month_start_date=&first_membership_created_end_date=&first_membership_created_start_date=&is_freebie_order=1&is_fs_member=1&membership_created_end_date=&membership_created_start_date=&month_end_date=&month_start_date=&no_of_month=2&order_end_date=2026-01-31&order_start_date=2026-01-01&service_type=&source=&store_name=&tab=207-visualization&twelve_month_trend=1,dashboard,3604,Cross Sell Dashboard,63751,Age Wise Cross Sell,,0,dashboard_card,native,,age_calculated|final_data,queries/63751__age-wise-cross-sell.sql,metadata/63751__age-wise-cross-sell.json,query_sql|metadata_json|raw_csv|output_preview_html|lineage_preview_html,results/dashboard-3604__63751__age-wise-cross-sell.csv,results/dashboard-3604__63751__age-wise-cross-sell.json,previews/dashboard-3604__63751__age-wise-cross-sell.html,previews/dashboard-3604__63751__age-wise-cross-sell__lineage.html,0,0,
dashboard-3604,25,https://metabase.curefit.co/dashboard/3604-cross-sell-dashboard?active_end_date=2026-01-31&active_start_date=2025-04-01&business_line=&category=Indoor+Equipment&category=Indoor_Equipment-Strength&cohort=&compare_with_current_date=1&compare_with_current_month=1&consider_active_time=1&consider_city=0&coupon_code=&current_month_active_vs_expired=&current_month_trend=1&date_filter=Month&date_of_month_end_date=&date_of_month_start_date=&first_membership_created_end_date=&first_membership_created_start_date=&is_freebie_order=1&is_fs_member=1&membership_created_end_date=&membership_created_start_date=&month_end_date=&month_start_date=&no_of_month=2&order_end_date=2026-01-31&order_start_date=2026-01-01&service_type=&source=&store_name=&tab=207-visualization&twelve_month_trend=1,dashboard,3604,Cross Sell Dashboard,63743,Gender Wise Cross Sell,,0,dashboard_card,native,,final_data,queries/63743__gender-wise-cross-sell.sql,metadata/63743__gender-wise-cross-sell.json,query_sql|metadata_json|raw_csv|output_preview_html|lineage_preview_html,results/dashboard-3604__63743__gender-wise-cross-sell.csv,results/dashboard-3604__63743__gender-wise-cross-sell.json,previews/dashboard-3604__63743__gender-wise-cross-sell.html,previews/dashboard-3604__63743__gender-wise-cross-sell__lineage.html,0,0,
dashboard-3604,25,https://metabase.curefit.co/dashboard/3604-cross-sell-dashboard?active_end_date=2026-01-31&active_start_date=2025-04-01&business_line=&category=Indoor+Equipment&category=Indoor_Equipment-Strength&cohort=&compare_with_current_date=1&compare_with_current_month=1&consider_active_time=1&consider_city=0&coupon_code=&current_month_active_vs_expired=&current_month_trend=1&date_filter=Month&date_of_month_end_date=&date_of_month_start_date=&first_membership_created_end_date=&first_membership_created_start_date=&is_freebie_order=1&is_fs_member=1&membership_created_end_date=&membership_created_start_date=&month_end_date=&month_start_date=&no_of_month=2&order_end_date=2026-01-31&order_start_date=2026-01-01&service_type=&source=&store_name=&tab=207-visualization&twelve_month_trend=1,dashboard,3604,Cross Sell Dashboard,68056,Article Type wise comparison,,0,dashboard_card,native,,cross_sell_orders,queries/68056__article-type-wise-comparison.sql,metadata/68056__article-type-wise-comparison.json,query_sql|metadata_json|raw_csv|output_preview_html|lineage_preview_html,results/dashboard-3604__68056__article-type-wise-comparison.csv,results/dashboard-3604__68056__article-type-wise-comparison.json,previews/dashboard-3604__68056__article-type-wise-comparison.html,previews/dashboard-3604__68056__article-type-wise-comparison__lineage.html,0,0,
dashboard-3604,25,https://metabase.curefit.co/dashboard/3604-cross-sell-dashboard?active_end_date=2026-01-31&active_start_date=2025-04-01&business_line=&category=Indoor+Equipment&category=Indoor_Equipment-Strength&cohort=&compare_with_current_date=1&compare_with_current_month=1&consider_active_time=1&consider_city=0&coupon_code=&current_month_active_vs_expired=&current_month_trend=1&date_filter=Month&date_of_month_end_date=&date_of_month_start_date=&first_membership_created_end_date=&first_membership_created_start_date=&is_freebie_order=1&is_fs_member=1&membership_created_end_date=&membership_created_start_date=&month_end_date=&month_start_date=&no_of_month=2&order_end_date=2026-01-31&order_start_date=2026-01-01&service_type=&source=&store_name=&tab=207-visualization&twelve_month_trend=1,dashboard,3604,Cross Sell Dashboard,68058,Majority Service Type wise comparison,,0,dashboard_card,native,,cross_sell_orders,queries/68058__majority-service-type-wise-comparison.sql,metadata/68058__majority-service-type-wise-comparison.json,query_sql|metadata_json|raw_csv|output_preview_html|lineage_preview_html,results/dashboard-3604__68058__majority-service-type-wise-comparison.csv,results/dashboard-3604__68058__majority-service-type-wise-comparison.json,previews/dashboard-3604__68058__majority-service-type-wise-comparison.html,previews/dashboard-3604__68058__majority-service-type-wise-comparison__lineage.html,0,0,
dashboard-3604,25,https://metabase.curefit.co/dashboard/3604-cross-sell-dashboard?active_end_date=2026-01-31&active_start_date=2025-04-01&business_line=&category=Indoor+Equipment&category=Indoor_Equipment-Strength&cohort=&compare_with_current_date=1&compare_with_current_month=1&consider_active_time=1&consider_city=0&coupon_code=&current_month_active_vs_expired=&current_month_trend=1&date_filter=Month&date_of_month_end_date=&date_of_month_start_date=&first_membership_created_end_date=&first_membership_created_start_date=&is_freebie_order=1&is_fs_member=1&membership_created_end_date=&membership_created_start_date=&month_end_date=&month_start_date=&no_of_month=2&order_end_date=2026-01-31&order_start_date=2026-01-01&service_type=&source=&store_name=&tab=207-visualization&twelve_month_trend=1,dashboard,3604,Cross Sell Dashboard,68061,Month Wise Membership Purchase Count,,0,dashboard_card,native,,fs_cohorts,queries/68061__month-wise-membership-purchase-count.sql,metadata/68061__month-wise-membership-purchase-count.json,query_sql|metadata_json|raw_csv|output_preview_html|lineage_preview_html,results/dashboard-3604__68061__month-wise-membership-purchase-count.csv,results/dashboard-3604__68061__month-wise-membership-purchase-count.json,previews/dashboard-3604__68061__month-wise-membership-purchase-count.html,previews/dashboard-3604__68061__month-wise-membership-purchase-count__lineage.html,0,0,
dashboard-3604,25,https://metabase.curefit.co/dashboard/3604-cross-sell-dashboard?active_end_date=2026-01-31&active_start_date=2025-04-01&business_line=&category=Indoor+Equipment&category=Indoor_Equipment-Strength&cohort=&compare_with_current_date=1&compare_with_current_month=1&consider_active_time=1&consider_city=0&coupon_code=&current_month_active_vs_expired=&current_month_trend=1&date_filter=Month&date_of_month_end_date=&date_of_month_start_date=&first_membership_created_end_date=&first_membership_created_start_date=&is_freebie_order=1&is_fs_member=1&membership_created_end_date=&membership_created_start_date=&month_end_date=&month_start_date=&no_of_month=2&order_end_date=2026-01-31&order_start_date=2026-01-01&service_type=&source=&store_name=&tab=207-visualization&twelve_month_trend=1,dashboard,3604,Cross Sell Dashboard,68051,Source wise comparison,,0,dashboard_card,native,,cross_sell_orders,queries/68051__source-wise-comparison.sql,metadata/68051__source-wise-comparison.json,query_sql|metadata_json|raw_csv|output_preview_html|lineage_preview_html,results/dashboard-3604__68051__source-wise-comparison.csv,results/dashboard-3604__68051__source-wise-comparison.json,previews/dashboard-3604__68051__source-wise-comparison.html,previews/dashboard-3604__68051__source-wise-comparison__lineage.html,0,0,
dashboard-3604,25,https://metabase.curefit.co/dashboard/3604-cross-sell-dashboard?active_end_date=2026-01-31&active_start_date=2025-04-01&business_line=&category=Indoor+Equipment&category=Indoor_Equipment-Strength&cohort=&compare_with_current_date=1&compare_with_current_month=1&consider_active_time=1&consider_city=0&coupon_code=&current_month_active_vs_expired=&current_month_trend=1&date_filter=Month&date_of_month_end_date=&date_of_month_start_date=&first_membership_created_end_date=&first_membership_created_start_date=&is_freebie_order=1&is_fs_member=1&membership_created_end_date=&membership_created_start_date=&month_end_date=&month_start_date=&no_of_month=2&order_end_date=2026-01-31&order_start_date=2026-01-01&service_type=&source=&store_name=&tab=207-visualization&twelve_month_trend=1,dashboard,3604,Cross Sell Dashboard,68066,Membership Purchase Cohort Wise Count,,0,dashboard_card,native,,fs_cohorts,queries/68066__membership-purchase-cohort-wise-count.sql,metadata/68066__membership-purchase-cohort-wise-count.json,query_sql|metadata_json|raw_csv|output_preview_html|lineage_preview_html,results/dashboard-3604__68066__membership-purchase-cohort-wise-count.csv,results/dashboard-3604__68066__membership-purchase-cohort-wise-count.json,previews/dashboard-3604__68066__membership-purchase-cohort-wise-count.html,previews/dashboard-3604__68066__membership-purchase-cohort-wise-count__lineage.html,0,0,
dashboard-3604,25,https://metabase.curefit.co/dashboard/3604-cross-sell-dashboard?active_end_date=2026-01-31&active_start_date=2025-04-01&business_line=&category=Indoor+Equipment&category=Indoor_Equipment-Strength&cohort=&compare_with_current_date=1&compare_with_current_month=1&consider_active_time=1&consider_city=0&coupon_code=&current_month_active_vs_expired=&current_month_trend=1&date_filter=Month&date_of_month_end_date=&date_of_month_start_date=&first_membership_created_end_date=&first_membership_created_start_date=&is_freebie_order=1&is_fs_member=1&membership_created_end_date=&membership_created_start_date=&month_end_date=&month_start_date=&no_of_month=2&order_end_date=2026-01-31&order_start_date=2026-01-01&service_type=&source=&store_name=&tab=207-visualization&twelve_month_trend=1,dashboard,3604,Cross Sell Dashboard,68050,Platform wise comparison,,0,dashboard_card,native,,cross_sell_orders,queries/68050__platform-wise-comparison.sql,metadata/68050__platform-wise-comparison.json,query_sql|metadata_json|raw_csv|output_preview_html|lineage_preview_html,results/dashboard-3604__68050__platform-wise-comparison.csv,results/dashboard-3604__68050__platform-wise-comparison.json,previews/dashboard-3604__68050__platform-wise-comparison.html,previews/dashboard-3604__68050__platform-wise-comparison__lineage.html,0,0,
dashboard-3604,25,https://metabase.curefit.co/dashboard/3604-cross-sell-dashboard?active_end_date=2026-01-31&active_start_date=2025-04-01&business_line=&category=Indoor+Equipment&category=Indoor_Equipment-Strength&cohort=&compare_with_current_date=1&compare_with_current_month=1&consider_active_time=1&consider_city=0&coupon_code=&current_month_active_vs_expired=&current_month_trend=1&date_filter=Month&date_of_month_end_date=&date_of_month_start_date=&first_membership_created_end_date=&first_membership_created_start_date=&is_freebie_order=1&is_fs_member=1&membership_created_end_date=&membership_created_start_date=&month_end_date=&month_start_date=&no_of_month=2&order_end_date=2026-01-31&order_start_date=2026-01-01&service_type=&source=&store_name=&tab=207-visualization&twelve_month_trend=1,dashboard,3604,Cross Sell Dashboard,68052,Category wise comparison,,0,dashboard_card,native,,cross_sell_orders,queries/68052__category-wise-comparison.sql,metadata/68052__category-wise-comparison.json,query_sql|metadata_json|raw_csv|output_preview_html|lineage_preview_html,results/dashboard-3604__68052__category-wise-comparison.csv,results/dashboard-3604__68052__category-wise-comparison.json,previews/dashboard-3604__68052__category-wise-comparison.html,previews/dashboard-3604__68052__category-wise-comparison__lineage.html,0,0,
dashboard-3604,25,https://metabase.curefit.co/dashboard/3604-cross-sell-dashboard?active_end_date=2026-01-31&active_start_date=2025-04-01&business_line=&category=Indoor+Equipment&category=Indoor_Equipment-Strength&cohort=&compare_with_current_date=1&compare_with_current_month=1&consider_active_time=1&consider_city=0&coupon_code=&current_month_active_vs_expired=&current_month_trend=1&date_filter=Month&date_of_month_end_date=&date_of_month_start_date=&first_membership_created_end_date=&first_membership_created_start_date=&is_freebie_order=1&is_fs_member=1&membership_created_end_date=&membership_created_start_date=&month_end_date=&month_start_date=&no_of_month=2&order_end_date=2026-01-31&order_start_date=2026-01-01&service_type=&source=&store_name=&tab=207-visualization&twelve_month_trend=1,dashboard,3604,Cross Sell Dashboard,68059,Month Wise Revenue Comparison,,0,dashboard_card,native,,cross_sell_orders,queries/68059__month-wise-revenue-comparison.sql,metadata/68059__month-wise-revenue-comparison.json,query_sql|metadata_json|raw_csv|output_preview_html|lineage_preview_html,results/dashboard-3604__68059__month-wise-revenue-comparison.csv,results/dashboard-3604__68059__month-wise-revenue-comparison.json,previews/dashboard-3604__68059__month-wise-revenue-comparison.html,previews/dashboard-3604__68059__month-wise-revenue-comparison__lineage.html,0,0,
dashboard-3604,25,https://metabase.curefit.co/dashboard/3604-cross-sell-dashboard?active_end_date=2026-01-31&active_start_date=2025-04-01&business_line=&category=Indoor+Equipment&category=Indoor_Equipment-Strength&cohort=&compare_with_current_date=1&compare_with_current_month=1&consider_active_time=1&consider_city=0&coupon_code=&current_month_active_vs_expired=&current_month_trend=1&date_filter=Month&date_of_month_end_date=&date_of_month_start_date=&first_membership_created_end_date=&first_membership_created_start_date=&is_freebie_order=1&is_fs_member=1&membership_created_end_date=&membership_created_start_date=&month_end_date=&month_start_date=&no_of_month=2&order_end_date=2026-01-31&order_start_date=2026-01-01&service_type=&source=&store_name=&tab=207-visualization&twelve_month_trend=1,dashboard,3604,Cross Sell Dashboard,68064,First Membership Purchase Count,,0,dashboard_card,native,,fs_cohorts,queries/68064__first-membership-purchase-count.sql,metadata/68064__first-membership-purchase-count.json,query_sql|metadata_json|raw_csv|output_preview_html|lineage_preview_html,results/dashboard-3604__68064__first-membership-purchase-count.csv,results/dashboard-3604__68064__first-membership-purchase-count.json,previews/dashboard-3604__68064__first-membership-purchase-count.html,previews/dashboard-3604__68064__first-membership-purchase-count__lineage.html,0,0,
dashboard-3604,25,https://metabase.curefit.co/dashboard/3604-cross-sell-dashboard?active_end_date=2026-01-31&active_start_date=2025-04-01&business_line=&category=Indoor+Equipment&category=Indoor_Equipment-Strength&cohort=&compare_with_current_date=1&compare_with_current_month=1&consider_active_time=1&consider_city=0&coupon_code=&current_month_active_vs_expired=&current_month_trend=1&date_filter=Month&date_of_month_end_date=&date_of_month_start_date=&first_membership_created_end_date=&first_membership_created_start_date=&is_freebie_order=1&is_fs_member=1&membership_created_end_date=&membership_created_start_date=&month_end_date=&month_start_date=&no_of_month=2&order_end_date=2026-01-31&order_start_date=2026-01-01&service_type=&source=&store_name=&tab=207-visualization&twelve_month_trend=1,dashboard,3604,Cross Sell Dashboard,68065,First Membership Purchase Cohort Wise Count,,0,dashboard_card,native,,fs_cohorts,queries/68065__first-membership-purchase-cohort-wise-count.sql,metadata/68065__first-membership-purchase-cohort-wise-count.json,query_sql|metadata_json|raw_csv|output_preview_html|lineage_preview_html,results/dashboard-3604__68065__first-membership-purchase-cohort-wise-count.csv,results/dashboard-3604__68065__first-membership-purchase-cohort-wise-count.json,previews/dashboard-3604__68065__first-membership-purchase-cohort-wise-count.html,previews/dashboard-3604__68065__first-membership-purchase-cohort-wise-count__lineage.html,0,0,
dashboard-3604,25,https://metabase.curefit.co/dashboard/3604-cross-sell-dashboard?active_end_date=2026-01-31&active_start_date=2025-04-01&business_line=&category=Indoor+Equipment&category=Indoor_Equipment-Strength&cohort=&compare_with_current_date=1&compare_with_current_month=1&consider_active_time=1&consider_city=0&coupon_code=&current_month_active_vs_expired=&current_month_trend=1&date_filter=Month&date_of_month_end_date=&date_of_month_start_date=&first_membership_created_end_date=&first_membership_created_start_date=&is_freebie_order=1&is_fs_member=1&membership_created_end_date=&membership_created_start_date=&month_end_date=&month_start_date=&no_of_month=2&order_end_date=2026-01-31&order_start_date=2026-01-01&service_type=&source=&store_name=&tab=207-visualization&twelve_month_trend=1,dashboard,3604,Cross Sell Dashboard,68048,Cohort wise comparison,,0,dashboard_card,native,,cross_sell_orders,queries/68048__cohort-wise-comparison.sql,metadata/68048__cohort-wise-comparison.json,query_sql|metadata_json|raw_csv|output_preview_html|lineage_preview_html,results/dashboard-3604__68048__cohort-wise-comparison.csv,results/dashboard-3604__68048__cohort-wise-comparison.json,previews/dashboard-3604__68048__cohort-wise-comparison.html,previews/dashboard-3604__68048__cohort-wise-comparison__lineage.html,0,0,
dashboard-3604,25,https://metabase.curefit.co/dashboard/3604-cross-sell-dashboard?active_end_date=2026-01-31&active_start_date=2025-04-01&business_line=&category=Indoor+Equipment&category=Indoor_Equipment-Strength&cohort=&compare_with_current_date=1&compare_with_current_month=1&consider_active_time=1&consider_city=0&coupon_code=&current_month_active_vs_expired=&current_month_trend=1&date_filter=Month&date_of_month_end_date=&date_of_month_start_date=&first_membership_created_end_date=&first_membership_created_start_date=&is_freebie_order=1&is_fs_member=1&membership_created_end_date=&membership_created_start_date=&month_end_date=&month_start_date=&no_of_month=2&order_end_date=2026-01-31&order_start_date=2026-01-01&service_type=&source=&store_name=&tab=207-visualization&twelve_month_trend=1,dashboard,3604,Cross Sell Dashboard,70058,User Count FS VS D2C With Filters,,0,dashboard_card,native,,active_pack|booking_fact|center_dim|city_filtered|cross_sell_orders|current_month_data|dev_users|user_city_mapped|user_details,queries/70058__user-count-fs-vs-d2c-with-filters.sql,metadata/70058__user-count-fs-vs-d2c-with-filters.json,query_sql|metadata_json|result_blocked,,,,,,,HTTP Error 500: Internal Server Error
dashboard-3604,25,https://metabase.curefit.co/dashboard/3604-cross-sell-dashboard?active_end_date=2026-01-31&active_start_date=2025-04-01&business_line=&category=Indoor+Equipment&category=Indoor_Equipment-Strength&cohort=&compare_with_current_date=1&compare_with_current_month=1&consider_active_time=1&consider_city=0&coupon_code=&current_month_active_vs_expired=&current_month_trend=1&date_filter=Month&date_of_month_end_date=&date_of_month_start_date=&first_membership_created_end_date=&first_membership_created_start_date=&is_freebie_order=1&is_fs_member=1&membership_created_end_date=&membership_created_start_date=&month_end_date=&month_start_date=&no_of_month=2&order_end_date=2026-01-31&order_start_date=2026-01-01&service_type=&source=&store_name=&tab=207-visualization&twelve_month_trend=1,dashboard,3604,Cross Sell Dashboard,70149,EBO - Store Wise Cross Sell VS D2C,,0,dashboard_card,native,,combined_data,queries/70149__ebo-store-wise-cross-sell-vs-d2c.sql,metadata/70149__ebo-store-wise-cross-sell-vs-d2c.json,query_sql|metadata_json|raw_csv|output_preview_html|lineage_preview_html,results/dashboard-3604__70149__ebo-store-wise-cross-sell-vs-d2c.csv,results/dashboard-3604__70149__ebo-store-wise-cross-sell-vs-d2c.json,previews/dashboard-3604__70149__ebo-store-wise-cross-sell-vs-d2c.html,previews/dashboard-3604__70149__ebo-store-wise-cross-sell-vs-d2c__lineage.html,0,0,
dashboard-3604,25,https://metabase.curefit.co/dashboard/3604-cross-sell-dashboard?active_end_date=2026-01-31&active_start_date=2025-04-01&business_line=&category=Indoor+Equipment&category=Indoor_Equipment-Strength&cohort=&compare_with_current_date=1&compare_with_current_month=1&consider_active_time=1&consider_city=0&coupon_code=&current_month_active_vs_expired=&current_month_trend=1&date_filter=Month&date_of_month_end_date=&date_of_month_start_date=&first_membership_created_end_date=&first_membership_created_start_date=&is_freebie_order=1&is_fs_member=1&membership_created_end_date=&membership_created_start_date=&month_end_date=&month_start_date=&no_of_month=2&order_end_date=2026-01-31&order_start_date=2026-01-01&service_type=&source=&store_name=&tab=207-visualization&twelve_month_trend=1,dashboard,3604,Cross Sell Dashboard,71753,No of users who used coupons,,0,dashboard_card,native,,,queries/71753__no-of-users-who-used-coupons.sql,metadata/71753__no-of-users-who-used-coupons.json,query_sql|metadata_json|result_blocked,,,,,,,HTTP Error 500: Internal Server Error
dashboard-3604,25,https://metabase.curefit.co/dashboard/3604-cross-sell-dashboard?active_end_date=2026-01-31&active_start_date=2025-04-01&business_line=&category=Indoor+Equipment&category=Indoor_Equipment-Strength&cohort=&compare_with_current_date=1&compare_with_current_month=1&consider_active_time=1&consider_city=0&coupon_code=&current_month_active_vs_expired=&current_month_trend=1&date_filter=Month&date_of_month_end_date=&date_of_month_start_date=&first_membership_created_end_date=&first_membership_created_start_date=&is_freebie_order=1&is_fs_member=1&membership_created_end_date=&membership_created_start_date=&month_end_date=&month_start_date=&no_of_month=2&order_end_date=2026-01-31&order_start_date=2026-01-01&service_type=&source=&store_name=&tab=207-visualization&twelve_month_trend=1,dashboard,3604,Cross Sell Dashboard,72319,No Of People Who Have Purchased Before Coupons,,0,dashboard_card,native,,freebie_data|freebie_user_date|order_data_freebie_users,queries/72319__no-of-people-who-have-purchased-before-coupons.sql,metadata/72319__no-of-people-who-have-purchased-before-coupons.json,query_sql|metadata_json|result_blocked,,,,,,,HTTP Error 500: Internal Server Error
dashboard-3604,25,https://metabase.curefit.co/dashboard/3604-cross-sell-dashboard?active_end_date=2026-01-31&active_start_date=2025-04-01&business_line=&category=Indoor+Equipment&category=Indoor_Equipment-Strength&cohort=&compare_with_current_date=1&compare_with_current_month=1&consider_active_time=1&consider_city=0&coupon_code=&current_month_active_vs_expired=&current_month_trend=1&date_filter=Month&date_of_month_end_date=&date_of_month_start_date=&first_membership_created_end_date=&first_membership_created_start_date=&is_freebie_order=1&is_fs_member=1&membership_created_end_date=&membership_created_start_date=&month_end_date=&month_start_date=&no_of_month=2&order_end_date=2026-01-31&order_start_date=2026-01-01&service_type=&source=&store_name=&tab=207-visualization&twelve_month_trend=1,dashboard,3604,Cross Sell Dashboard,72323,No Of People Who Have Purchased another Item With Coupon,,0,dashboard_card,native,,final_summary|freebie_data|freebie_user_date|order_data_freebie_users,queries/72323__no-of-people-who-have-purchased-another-item-with-coupon.sql,metadata/72323__no-of-people-who-have-purchased-another-item-with-coupon.json,query_sql|metadata_json|result_blocked,,,,,,,HTTP Error 500: Internal Server Error
dashboard-3604,25,https://metabase.curefit.co/dashboard/3604-cross-sell-dashboard?active_end_date=2026-01-31&active_start_date=2025-04-01&business_line=&category=Indoor+Equipment&category=Indoor_Equipment-Strength&cohort=&compare_with_current_date=1&compare_with_current_month=1&consider_active_time=1&consider_city=0&coupon_code=&current_month_active_vs_expired=&current_month_trend=1&date_filter=Month&date_of_month_end_date=&date_of_month_start_date=&first_membership_created_end_date=&first_membership_created_start_date=&is_freebie_order=1&is_fs_member=1&membership_created_end_date=&membership_created_start_date=&month_end_date=&month_start_date=&no_of_month=2&order_end_date=2026-01-31&order_start_date=2026-01-01&service_type=&source=&store_name=&tab=207-visualization&twelve_month_trend=1,dashboard,3604,Cross Sell Dashboard,72382,Repeat Purchase Category User Count,,0,dashboard_card,native,,freebie_data|freebie_user_category|freebie_user_date|order_data_freebie_users,queries/72382__repeat-purchase-category-user-count.sql,metadata/72382__repeat-purchase-category-user-count.json,query_sql|metadata_json|result_blocked,,,,,,,HTTP Error 500: Internal Server Error
dashboard-3604,25,https://metabase.curefit.co/dashboard/3604-cross-sell-dashboard?active_end_date=2026-01-31&active_start_date=2025-04-01&business_line=&category=Indoor+Equipment&category=Indoor_Equipment-Strength&cohort=&compare_with_current_date=1&compare_with_current_month=1&consider_active_time=1&consider_city=0&coupon_code=&current_month_active_vs_expired=&current_month_trend=1&date_filter=Month&date_of_month_end_date=&date_of_month_start_date=&first_membership_created_end_date=&first_membership_created_start_date=&is_freebie_order=1&is_fs_member=1&membership_created_end_date=&membership_created_start_date=&month_end_date=&month_start_date=&no_of_month=2&order_end_date=2026-01-31&order_start_date=2026-01-01&service_type=&source=&store_name=&tab=207-visualization&twelve_month_trend=1,dashboard,3604,Cross Sell Dashboard,72328,Coupon Article Type Wise User Count,,0,dashboard_card,native,,,queries/72328__coupon-article-type-wise-user-count.sql,metadata/72328__coupon-article-type-wise-user-count.json,query_sql|metadata_json|result_blocked,,,,,,,HTTP Error 500: Internal Server Error
dashboard-3604,25,https://metabase.curefit.co/dashboard/3604-cross-sell-dashboard?active_end_date=2026-01-31&active_start_date=2025-04-01&business_line=&category=Indoor+Equipment&category=Indoor_Equipment-Strength&cohort=&compare_with_current_date=1&compare_with_current_month=1&consider_active_time=1&consider_city=0&coupon_code=&current_month_active_vs_expired=&current_month_trend=1&date_filter=Month&date_of_month_end_date=&date_of_month_start_date=&first_membership_created_end_date=&first_membership_created_start_date=&is_freebie_order=1&is_fs_member=1&membership_created_end_date=&membership_created_start_date=&month_end_date=&month_start_date=&no_of_month=2&order_end_date=2026-01-31&order_start_date=2026-01-01&service_type=&source=&store_name=&tab=207-visualization&twelve_month_trend=1,dashboard,3604,Cross Sell Dashboard,72383,Coupon Article_Type Repeat Purchase_Category User Count With Average Values,,0,dashboard_card,native,,freebie_data|freebie_user_category|freebie_user_date|order_data_freebie_users,queries/72383__coupon-article-type-repeat-purchase-category-user-count-with-average-values.sql,metadata/72383__coupon-article-type-repeat-purchase-category-user-count-with-average-values.json,query_sql|metadata_json|result_blocked,,,,,,,HTTP Error 500: Internal Server Error
dashboard-3604,25,https://metabase.curefit.co/dashboard/3604-cross-sell-dashboard?active_end_date=2026-01-31&active_start_date=2025-04-01&business_line=&category=Indoor+Equipment&category=Indoor_Equipment-Strength&cohort=&compare_with_current_date=1&compare_with_current_month=1&consider_active_time=1&consider_city=0&coupon_code=&current_month_active_vs_expired=&current_month_trend=1&date_filter=Month&date_of_month_end_date=&date_of_month_start_date=&first_membership_created_end_date=&first_membership_created_start_date=&is_freebie_order=1&is_fs_member=1&membership_created_end_date=&membership_created_start_date=&month_end_date=&month_start_date=&no_of_month=2&order_end_date=2026-01-31&order_start_date=2026-01-01&service_type=&source=&store_name=&tab=207-visualization&twelve_month_trend=1,dashboard,3604,Cross Sell Dashboard,72384,Coupon Article_Type Repeat Category  Month Wise User Count,,0,dashboard_card,native,,freebie_data|freebie_user_category|freebie_user_date|order_data_freebie_users,queries/72384__coupon-article-type-repeat-category-month-wise-user-count.sql,metadata/72384__coupon-article-type-repeat-category-month-wise-user-count.json,query_sql|metadata_json|result_blocked,,,,,,,HTTP Error 500: Internal Server Error
dashboard-3604,25,https://metabase.curefit.co/dashboard/3604-cross-sell-dashboard?active_end_date=2026-01-31&active_start_date=2025-04-01&business_line=&category=Indoor+Equipment&category=Indoor_Equipment-Strength&cohort=&compare_with_current_date=1&compare_with_current_month=1&consider_active_time=1&consider_city=0&coupon_code=&current_month_active_vs_expired=&current_month_trend=1&date_filter=Month&date_of_month_end_date=&date_of_month_start_date=&first_membership_created_end_date=&first_membership_created_start_date=&is_freebie_order=1&is_fs_member=1&membership_created_end_date=&membership_created_start_date=&month_end_date=&month_start_date=&no_of_month=2&order_end_date=2026-01-31&order_start_date=2026-01-01&service_type=&source=&store_name=&tab=207-visualization&twelve_month_trend=1,dashboard,3604,Cross Sell Dashboard,71754,Repeat Count,,0,dashboard_card,native,,freebie_data|freebie_user_date|order_data_freebie_users,queries/71754__repeat-count.sql,metadata/71754__repeat-count.json,query_sql|metadata_json|result_blocked,,,,,,,HTTP Error 500: Internal Server Error
dashboard-3604,25,https://metabase.curefit.co/dashboard/3604-cross-sell-dashboard?active_end_date=2026-01-31&active_start_date=2025-04-01&business_line=&category=Indoor+Equipment&category=Indoor_Equipment-Strength&cohort=&compare_with_current_date=1&compare_with_current_month=1&consider_active_time=1&consider_city=0&coupon_code=&current_month_active_vs_expired=&current_month_trend=1&date_filter=Month&date_of_month_end_date=&date_of_month_start_date=&first_membership_created_end_date=&first_membership_created_start_date=&is_freebie_order=1&is_fs_member=1&membership_created_end_date=&membership_created_start_date=&month_end_date=&month_start_date=&no_of_month=2&order_end_date=2026-01-31&order_start_date=2026-01-01&service_type=&source=&store_name=&tab=207-visualization&twelve_month_trend=1,dashboard,3604,Cross Sell Dashboard,72385,Coupon Repeat Funnel,,0,dashboard_card,native,,atc_combined|checkout_combined|custom_atc|custom_checkout|custom_event_data|custom_home_page_view|custom_pdp_page_view|custom_plp_page_view|freebie_data|freebie_user_date|home_page_view_combined|order_data_freebie_users|pdp_page_view_combined|plp_page_view_combined|shopify_atc|shopify_checkout|shopify_event_data|shopify_home_page_view|shopify_pdp_page_view|shopify_plp_page_view,queries/72385__coupon-repeat-funnel.sql,metadata/72385__coupon-repeat-funnel.json,query_sql|metadata_json|result_blocked,,,,,,,HTTP Error 500: Internal Server Error
