source_row,normalized_source_url,asset_type,root_key,root_asset_id,root_asset_name,node_card_id,node_card_name,parent_card_id,recursion_depth,dependency_type,schema_name,object_name,normalized_object,derived_lineage_status,upstream_core_objects,evidence_status,notes,unresolved_reason
1,https://metabase.curefit.co/question/75109-memberships-by-each-business-line-end-of-each-month-including-all-packs?start_date=2025-09-01&end_date=2026-01-31,question,question-75109,75109,Memberships by Each Business Line - End of Each Month - including all packs,75109,Memberships by Each Business Line - End of Each Month - including all packs,,0,table,dwh_curefit,dim_date,dwh_curefit.dim_date,source_table,dwh_curefit.dim_date,query_sql|metadata_json|raw_csv|output_preview_html|lineage_preview_html,,
1,https://metabase.curefit.co/question/75109-memberships-by-each-business-line-end-of-each-month-including-all-packs?start_date=2025-09-01&end_date=2026-01-31,question,question-75109,75109,Memberships by Each Business Line - End of Each Month - including all packs,75109,Memberships by Each Business Line - End of Each Month - including all packs,,0,cte,,dates,dates,unresolved,,query_sql|metadata_json|raw_csv|output_preview_html|lineage_preview_html,,Relation not found in local dbt manifest.
1,https://metabase.curefit.co/question/75109-memberships-by-each-business-line-end-of-each-month-including-all-packs?start_date=2025-09-01&end_date=2026-01-31,question,question-75109,75109,Memberships by Each Business Line - End of Each Month - including all packs,75109,Memberships by Each Business Line - End of Each Month - including all packs,,0,table,dwh_fitness_mart,membership_dim,dwh_fitness_mart.membership_dim,source_table,dwh_fitness_mart.membership_dim,query_sql|metadata_json|raw_csv|output_preview_html|lineage_preview_html,,
2,https://metabase.curefit.co/question/77280-memberships-by-each-business-line-end-of-each-month-including-all-packs-city-level?start_date=2025-09-12&end_date=2026-03-12,question,question-77280,77280,Memberships by Each Business Line - End of Each Month - including all packs -city level,77280,Memberships by Each Business Line - End of Each Month - including all packs -city level,,0,table,dwh_curefit,dim_date,dwh_curefit.dim_date,source_table,dwh_curefit.dim_date,query_sql|metadata_json|raw_csv|output_preview_html|lineage_preview_html,,
2,https://metabase.curefit.co/question/77280-memberships-by-each-business-line-end-of-each-month-including-all-packs-city-level?start_date=2025-09-12&end_date=2026-03-12,question,question-77280,77280,Memberships by Each Business Line - End of Each Month - including all packs -city level,77280,Memberships by Each Business Line - End of Each Month - including all packs -city level,,0,cte,,dates,dates,unresolved,,query_sql|metadata_json|raw_csv|output_preview_html|lineage_preview_html,,Relation not found in local dbt manifest.
2,https://metabase.curefit.co/question/77280-memberships-by-each-business-line-end-of-each-month-including-all-packs-city-level?start_date=2025-09-12&end_date=2026-03-12,question,question-77280,77280,Memberships by Each Business Line - End of Each Month - including all packs -city level,77280,Memberships by Each Business Line - End of Each Month - including all packs -city level,,0,table,dwh_fitness_mart,membership_dim,dwh_fitness_mart.membership_dim,source_table,dwh_fitness_mart.membership_dim,query_sql|metadata_json|raw_csv|output_preview_html|lineage_preview_html,,
2,https://metabase.curefit.co/question/77280-memberships-by-each-business-line-end-of-each-month-including-all-packs-city-level?start_date=2025-09-12&end_date=2026-03-12,question,question-77280,77280,Memberships by Each Business Line - End of Each Month - including all packs -city level,77280,Memberships by Each Business Line - End of Each Month - including all packs -city level,,0,table,dwh_fitness_mart,center_dim,dwh_fitness_mart.center_dim,source_table,dwh_fitness_mart.center_dim,query_sql|metadata_json|raw_csv|output_preview_html|lineage_preview_html,,
3,https://metabase.curefit.co/question/75114-monthly-active-memberships-elite-pro-play-lux?Start_Date=2023-04-01&end_date=2025-12-31,question,question-75114,75114,"Monthly active memberships ELITE, PRO, PLAY, LUX",75114,"Monthly active memberships ELITE, PRO, PLAY, LUX",,0,table,dwh_curefit,dim_date,dwh_curefit.dim_date,source_table,dwh_curefit.dim_date,query_sql|metadata_json|result_blocked,,
3,https://metabase.curefit.co/question/75114-monthly-active-memberships-elite-pro-play-lux?Start_Date=2023-04-01&end_date=2025-12-31,question,question-75114,75114,"Monthly active memberships ELITE, PRO, PLAY, LUX",75114,"Monthly active memberships ELITE, PRO, PLAY, LUX",,0,table,dwh_fitness_mart,membership_dim,dwh_fitness_mart.membership_dim,source_table,dwh_fitness_mart.membership_dim,query_sql|metadata_json|result_blocked,,
3,https://metabase.curefit.co/question/75114-monthly-active-memberships-elite-pro-play-lux?Start_Date=2023-04-01&end_date=2025-12-31,question,question-75114,75114,"Monthly active memberships ELITE, PRO, PLAY, LUX",75114,"Monthly active memberships ELITE, PRO, PLAY, LUX",,0,cte,,liveMemberships,liveMemberships,unresolved,,query_sql|metadata_json|result_blocked,,Relation not found in local dbt manifest.
3,https://metabase.curefit.co/question/75114-monthly-active-memberships-elite-pro-play-lux?Start_Date=2023-04-01&end_date=2025-12-31,question,question-75114,75114,"Monthly active memberships ELITE, PRO, PLAY, LUX",75114,"Monthly active memberships ELITE, PRO, PLAY, LUX",,0,cte,,activeMemberships,activeMemberships,unresolved,,query_sql|metadata_json|result_blocked,,Relation not found in local dbt manifest.
4|21,https://metabase.curefit.co/question/55566-footfalls-grained?Start_Date=2023-01-01&End_Date=2024-11-12&grain=quarter,question,question-55566,55566,#Footfalls - Grained,55566,#Footfalls - Grained,,0,table,dwh_fitness_mart,membership_dim,dwh_fitness_mart.membership_dim,source_table,dwh_fitness_mart.membership_dim,query_sql|metadata_json|raw_csv|output_preview_html|lineage_preview_html,,
4|21,https://metabase.curefit.co/question/55566-footfalls-grained?Start_Date=2023-01-01&End_Date=2024-11-12&grain=quarter,question,question-55566,55566,#Footfalls - Grained,55566,#Footfalls - Grained,,0,table,dwh_fitness_mart,center_dim,dwh_fitness_mart.center_dim,source_table,dwh_fitness_mart.center_dim,query_sql|metadata_json|raw_csv|output_preview_html|lineage_preview_html,,
4|21,https://metabase.curefit.co/question/55566-footfalls-grained?Start_Date=2023-01-01&End_Date=2024-11-12&grain=quarter,question,question-55566,55566,#Footfalls - Grained,55566,#Footfalls - Grained,,0,table,dwh_fitness_mart,booking_fact,dwh_fitness_mart.booking_fact,source_table,dwh_fitness_mart.booking_fact,query_sql|metadata_json|raw_csv|output_preview_html|lineage_preview_html,,
4|21,https://metabase.curefit.co/question/55566-footfalls-grained?Start_Date=2023-01-01&End_Date=2024-11-12&grain=quarter,question,question-55566,55566,#Footfalls - Grained,55566,#Footfalls - Grained,,0,table,,base,base,unresolved,,query_sql|metadata_json|raw_csv|output_preview_html|lineage_preview_html,,Relation not found in local dbt manifest.
5|22,https://metabase.curefit.co/question/75753-at-home-footfalls?grain=month,question,question-75753,75753,'At Home' footfalls,75753,'At Home' footfalls,,0,table,dwh_fitness_mart,membership_dim,dwh_fitness_mart.membership_dim,source_table,dwh_fitness_mart.membership_dim,query_sql|metadata_json|result_blocked,,
5|22,https://metabase.curefit.co/question/75753-at-home-footfalls?grain=month,question,question-75753,75753,'At Home' footfalls,75753,'At Home' footfalls,,0,table,dwh_live,live_bookings,dwh_live.live_bookings,source_table,dwh_live.live_bookings,query_sql|metadata_json|result_blocked,,
6,https://metabase.curefit.co/question/47810-which-of-these-below-mentioned-statements-best-describes-your-fitness-history,question,question-47810,47810,Which of these below- mentioned statements best describes your fitness history.,47810,Which of these below- mentioned statements best describes your fitness history.,,0,table,pk_curefitprod_cfdb,npsresponses,pk_curefitprod_cfdb.npsresponses,source_table,pk_curefitprod_cfdb.npsresponses,query_sql|metadata_json|raw_csv|output_preview_html|lineage_preview_html,,
7,https://metabase.curefit.co/question/75630-gender-split?ed=2023-03-31,question,question-75630,75630,Gender Split,75630,Gender Split,,0,table,dwh_fitness_mart,membership_dim,dwh_fitness_mart.membership_dim,source_table,dwh_fitness_mart.membership_dim,query_sql|metadata_json|result_blocked,,
7,https://metabase.curefit.co/question/75630-gender-split?ed=2023-03-31,question,question-75630,75630,Gender Split,75630,Gender Split,,0,table,pk_curefitprod_cfdb,npsresponses,pk_curefitprod_cfdb.npsresponses,source_table,pk_curefitprod_cfdb.npsresponses,query_sql|metadata_json|result_blocked,,
7,https://metabase.curefit.co/question/75630-gender-split?ed=2023-03-31,question,question-75630,75630,Gender Split,75630,Gender Split,,0,table,pk_cfuserservice_cultapp,User,pk_cfuserservice_cultapp.User,source_table,pk_cfuserservice_cultapp.user,query_sql|metadata_json|result_blocked,,
7,https://metabase.curefit.co/question/75630-gender-split?ed=2023-03-31,question,question-75630,75630,Gender Split,75630,Gender Split,,0,table,pk_cfprodplatforms_rashi,User_Attribute,pk_cfprodplatforms_rashi.User_Attribute,unresolved,,query_sql|metadata_json|result_blocked,,Relation not found in local dbt manifest.
7,https://metabase.curefit.co/question/75630-gender-split?ed=2023-03-31,question,question-75630,75630,Gender Split,75630,Gender Split,,0,table,,user_age,user_age,unresolved,,query_sql|metadata_json|result_blocked,,Relation not found in local dbt manifest.
7,https://metabase.curefit.co/question/75630-gender-split?ed=2023-03-31,question,question-75630,75630,Gender Split,75630,Gender Split,,0,table,,rashi_age,rashi_age,unresolved,,query_sql|metadata_json|result_blocked,,Relation not found in local dbt manifest.
7,https://metabase.curefit.co/question/75630-gender-split?ed=2023-03-31,question,question-75630,75630,Gender Split,75630,Gender Split,,0,table,,age_onboarding,age_onboarding,unresolved,,query_sql|metadata_json|result_blocked,,Relation not found in local dbt manifest.
7,https://metabase.curefit.co/question/75630-gender-split?ed=2023-03-31,question,question-75630,75630,Gender Split,75630,Gender Split,,0,table,,birthday_base,birthday_base,unresolved,,query_sql|metadata_json|result_blocked,,Relation not found in local dbt manifest.
7,https://metabase.curefit.co/question/75630-gender-split?ed=2023-03-31,question,question-75630,75630,Gender Split,75630,Gender Split,,0,table,,BASE,BASE,unresolved,,query_sql|metadata_json|result_blocked,,Relation not found in local dbt manifest.
7,https://metabase.curefit.co/question/75630-gender-split?ed=2023-03-31,question,question-75630,75630,Gender Split,75630,Gender Split,,0,table,,GENDER_BASE,GENDER_BASE,unresolved,,query_sql|metadata_json|result_blocked,,Relation not found in local dbt manifest.
8,https://metabase.curefit.co/question/83969-12m-packs-sold-monthly-jun-2026?Start_Date=2023-04-01&End_Date=2026-03-31,question,question-83969,83969,12M Packs Sold Monthly Jun 2026,83969,12M Packs Sold Monthly Jun 2026,,0,table,dwh_fitness_mart,center_dim,dwh_fitness_mart.center_dim,source_table,dwh_fitness_mart.center_dim,query_sql|metadata_json|raw_csv,,
8,https://metabase.curefit.co/question/83969-12m-packs-sold-monthly-jun-2026?Start_Date=2023-04-01&End_Date=2026-03-31,question,question-83969,83969,12M Packs Sold Monthly Jun 2026,83969,12M Packs Sold Monthly Jun 2026,,0,table,dwh_fitness_mart,membership_dim,dwh_fitness_mart.membership_dim,source_table,dwh_fitness_mart.membership_dim,query_sql|metadata_json|raw_csv,,
8,https://metabase.curefit.co/question/83969-12m-packs-sold-monthly-jun-2026?Start_Date=2023-04-01&End_Date=2026-03-31,question,question-83969,83969,12M Packs Sold Monthly Jun 2026,83969,12M Packs Sold Monthly Jun 2026,,0,table,dwh_fitness_mart,orders_fact,dwh_fitness_mart.orders_fact,derived_model,dwh_fitness_mart.orders_fact,query_sql|metadata_json|raw_csv,,
8,https://metabase.curefit.co/question/83969-12m-packs-sold-monthly-jun-2026?Start_Date=2023-04-01&End_Date=2026-03-31,question,question-83969,83969,12M Packs Sold Monthly Jun 2026,83969,12M Packs Sold Monthly Jun 2026,,0,table,pk_curefitplatforms_membershipdb,memberships,pk_curefitplatforms_membershipdb.memberships,source_table,pk_curefitplatforms_membershipdb.memberships,query_sql|metadata_json|raw_csv,,Used for corrected transferred/upgraded pack date-source logic.
9,https://metabase.curefit.co/question/75647-same-center-vs-other-center?Last_date=2026-02-09,question,question-75647,75647,Same center vs other center,75647,Same center vs other center,,0,table,dwh_fitness_mart,membership_dim,dwh_fitness_mart.membership_dim,source_table,dwh_fitness_mart.membership_dim,query_sql|metadata_json|raw_csv|output_preview_html|lineage_preview_html,,
9,https://metabase.curefit.co/question/75647-same-center-vs-other-center?Last_date=2026-02-09,question,question-75647,75647,Same center vs other center,75647,Same center vs other center,,0,table,dwh_fitness_mart,center_dim,dwh_fitness_mart.center_dim,source_table,dwh_fitness_mart.center_dim,query_sql|metadata_json|raw_csv|output_preview_html|lineage_preview_html,,
9,https://metabase.curefit.co/question/75647-same-center-vs-other-center?Last_date=2026-02-09,question,question-75647,75647,Same center vs other center,75647,Same center vs other center,,0,table,,base,base,unresolved,,query_sql|metadata_json|raw_csv|output_preview_html|lineage_preview_html,,Relation not found in local dbt manifest.
9,https://metabase.curefit.co/question/75647-same-center-vs-other-center?Last_date=2026-02-09,question,question-75647,75647,Same center vs other center,75647,Same center vs other center,,0,table,dwh_fitness_mart,booking_fact,dwh_fitness_mart.booking_fact,source_table,dwh_fitness_mart.booking_fact,query_sql|metadata_json|raw_csv|output_preview_html|lineage_preview_html,,
10,https://metabase.curefit.co/question/75650-same-city-vs-other-city-modified?Last_date=2026-02-09,question,question-75650,75650,Same city vs other city - Modified,75650,Same city vs other city - Modified,,0,table,dwh_fitness_mart,membership_dim,dwh_fitness_mart.membership_dim,source_table,dwh_fitness_mart.membership_dim,query_sql|metadata_json|result_blocked,,
10,https://metabase.curefit.co/question/75650-same-city-vs-other-city-modified?Last_date=2026-02-09,question,question-75650,75650,Same city vs other city - Modified,75650,Same city vs other city - Modified,,0,table,dwh_fitness_mart,center_dim,dwh_fitness_mart.center_dim,source_table,dwh_fitness_mart.center_dim,query_sql|metadata_json|result_blocked,,
10,https://metabase.curefit.co/question/75650-same-city-vs-other-city-modified?Last_date=2026-02-09,question,question-75650,75650,Same city vs other city - Modified,75650,Same city vs other city - Modified,,0,table,,base,base,unresolved,,query_sql|metadata_json|result_blocked,,Relation not found in local dbt manifest.
10,https://metabase.curefit.co/question/75650-same-city-vs-other-city-modified?Last_date=2026-02-09,question,question-75650,75650,Same city vs other city - Modified,75650,Same city vs other city - Modified,,0,table,dwh_fitness_mart,booking_fact,dwh_fitness_mart.booking_fact,source_table,dwh_fitness_mart.booking_fact,query_sql|metadata_json|result_blocked,,
11,https://metabase.curefit.co/question/75654-gx-formats?Last_date=2025-12-31,question,question-75654,75654,GX formats,75654,GX formats,,0,table,dwh_fitness_mart,membership_dim,dwh_fitness_mart.membership_dim,source_table,dwh_fitness_mart.membership_dim,query_sql|metadata_json|result_blocked,,
11,https://metabase.curefit.co/question/75654-gx-formats?Last_date=2025-12-31,question,question-75654,75654,GX formats,75654,GX formats,,0,table,dwh_fitness_mart,center_dim,dwh_fitness_mart.center_dim,source_table,dwh_fitness_mart.center_dim,query_sql|metadata_json|result_blocked,,
11,https://metabase.curefit.co/question/75654-gx-formats?Last_date=2025-12-31,question,question-75654,75654,GX formats,75654,GX formats,,0,table,,base,base,unresolved,,query_sql|metadata_json|result_blocked,,Relation not found in local dbt manifest.
11,https://metabase.curefit.co/question/75654-gx-formats?Last_date=2025-12-31,question,question-75654,75654,GX formats,75654,GX formats,,0,table,dwh_fitness_mart,booking_fact,dwh_fitness_mart.booking_fact,source_table,dwh_fitness_mart.booking_fact,query_sql|metadata_json|result_blocked,,
11,https://metabase.curefit.co/question/75654-gx-formats?Last_date=2025-12-31,question,question-75654,75654,GX formats,75654,GX formats,,0,table,dwh_fitness_mart,workout_dim,dwh_fitness_mart.workout_dim,derived_model,pk_cultprod_cultapp.cultemployee|pk_cultprod_cultapp.workout,query_sql|metadata_json|result_blocked,,
11,https://metabase.curefit.co/question/75654-gx-formats?Last_date=2025-12-31,question,question-75654,75654,GX formats,75654,GX formats,,0,table,dwh_fitness_mart,employee_dim,dwh_fitness_mart.employee_dim,derived_model,pk_cultprod_cultapp.center|pk_cultprod_cultapp.cultemployee|pk_cultprod_cultapp.employeehomecentermapping|pk_curefitplatforms_identitydb.identity|pk_curefitplatforms_watchmen.membership|pk_hrms_neo_cult.designation|pk_hrms_neo_cult.employee|pk_hrms_neo_cult.exit_details|pk_hrms_neo_cult.job_details,query_sql|metadata_json|result_blocked,,
11,https://metabase.curefit.co/question/75654-gx-formats?Last_date=2025-12-31,question,question-75654,75654,GX formats,75654,GX formats,,0,cte,,all_sessions_df,all_sessions_df,unresolved,,query_sql|metadata_json|result_blocked,,Relation not found in local dbt manifest.
11,https://metabase.curefit.co/question/75654-gx-formats?Last_date=2025-12-31,question,question-75654,75654,GX formats,75654,GX formats,,0,table,,User_classes,User_classes,unresolved,,query_sql|metadata_json|result_blocked,,Relation not found in local dbt manifest.
12,https://metabase.curefit.co/question/75628-pauses-extensions?ed=2025-12-31,question,question-75628,75628,Pauses Extensions,75628,Pauses Extensions,,0,table,dwh_fitness_mart,membership_dim,dwh_fitness_mart.membership_dim,source_table,dwh_fitness_mart.membership_dim,query_sql|metadata_json|raw_csv|output_preview_html|lineage_preview_html,,
12,https://metabase.curefit.co/question/75628-pauses-extensions?ed=2025-12-31,question,question-75628,75628,Pauses Extensions,75628,Pauses Extensions,,0,table,pk_curefitplatforms_membershipdb,memberships,pk_curefitplatforms_membershipdb.memberships,source_table,pk_curefitplatforms_membershipdb.memberships,query_sql|metadata_json|raw_csv|output_preview_html|lineage_preview_html,,
12,https://metabase.curefit.co/question/75628-pauses-extensions?ed=2025-12-31,question,question-75628,75628,Pauses Extensions,75628,Pauses Extensions,,0,table,dwh_fitness_mart,orders_fact,dwh_fitness_mart.orders_fact,derived_model,pk_cultprod_cultapp.address|pk_cultprod_cultapp.booking|pk_cultprod_cultapp.center|pk_cultprod_cultapp.city|pk_cultprod_cultapp.cultclass|pk_cultprod_cultapp.membership|pk_cultprod_cultapp.preregistrationoffer|pk_curefitplatforms_membershipdb.memberships|pk_curefitprod_center_service.center|pk_curefitprod_center_service.center_sku|pk_curefitprod_center_service.sku|pk_curefitprod_gymfit.addresses|pk_curefitprod_gymfit.centers|pk_curefitprod_gymfit.sellers|pk_oms_analytics.payment_success|pk_prod_curefit_prod.offers|pk_prod_curefit_prod.orders|pk_prod_curefit_prod.orders_offersinfo|pk_prod_curefit_prod.orders_payments|pk_prod_curefit_prod.orders_payments_onuspayments|pk_prod_curefit_prod.orders_payments_refunds|pk_prod_curefit_prod.orders_products|pk_prod_curefit_prod.orders_productsnapshots|pk_prod_curefit_prod.orders_productsnapshots_option_offersinfo|pk_prod_curefit_prod.orders_statushistory|pk_prod_curefit_prod.referrals|pk_prod_curefit_prod.referrals_refereerewards|pk_prod_curefit_prod.referrals_statushistory|pk_walletprod_wallet_prod.wallet_refund,query_sql|metadata_json|raw_csv|output_preview_html|lineage_preview_html,,
12,https://metabase.curefit.co/question/75628-pauses-extensions?ed=2025-12-31,question,question-75628,75628,Pauses Extensions,75628,Pauses Extensions,,0,table,,base,base,unresolved,,query_sql|metadata_json|raw_csv|output_preview_html|lineage_preview_html,,Relation not found in local dbt manifest.
12,https://metabase.curefit.co/question/75628-pauses-extensions?ed=2025-12-31,question,question-75628,75628,Pauses Extensions,75628,Pauses Extensions,,0,table,dwh_fitness_bi,pause_and_extension_fact,dwh_fitness_bi.pause_and_extension_fact,unresolved,,query_sql|metadata_json|raw_csv|output_preview_html|lineage_preview_html,,Relation not found in local dbt manifest.
12,https://metabase.curefit.co/question/75628-pauses-extensions?ed=2025-12-31,question,question-75628,75628,Pauses Extensions,75628,Pauses Extensions,,0,cte,,parent_child_map,parent_child_map,unresolved,,query_sql|metadata_json|raw_csv|output_preview_html|lineage_preview_html,,Relation not found in local dbt manifest.
13,https://metabase.curefit.co/question/59428-nps-by-product-new?city_name=&end_date=2026-02-09&activity_status=actual-active&business_line=&service_type=&ownership_type=&center_name=&start_date=2025-12-01&sub_service_type=&center_service_id=,question,question-59428,59428,NPS by Product - New,59428,NPS by Product - New,,0,table,dwh_fitness_metrics,nps_responses_base,dwh_fitness_metrics.nps_responses_base,unresolved,,query_sql|metadata_json|raw_csv|output_preview_html|lineage_preview_html,,Relation not found in local dbt manifest.
13,https://metabase.curefit.co/question/59428-nps-by-product-new?city_name=&end_date=2026-02-09&activity_status=actual-active&business_line=&service_type=&ownership_type=&center_name=&start_date=2025-12-01&sub_service_type=&center_service_id=,question,question-59428,59428,NPS by Product - New,59428,NPS by Product - New,,0,table,dwh_fitness_mart,center_dim,dwh_fitness_mart.center_dim,source_table,dwh_fitness_mart.center_dim,query_sql|metadata_json|raw_csv|output_preview_html|lineage_preview_html,,
13,https://metabase.curefit.co/question/59428-nps-by-product-new?city_name=&end_date=2026-02-09&activity_status=actual-active&business_line=&service_type=&ownership_type=&center_name=&start_date=2025-12-01&sub_service_type=&center_service_id=,question,question-59428,59428,NPS by Product - New,59428,NPS by Product - New,,0,table,dwh_fitness_metrics,footfall_by_service_type,dwh_fitness_metrics.footfall_by_service_type,unresolved,,query_sql|metadata_json|raw_csv|output_preview_html|lineage_preview_html,,Relation not found in local dbt manifest.
13,https://metabase.curefit.co/question/59428-nps-by-product-new?city_name=&end_date=2026-02-09&activity_status=actual-active&business_line=&service_type=&ownership_type=&center_name=&start_date=2025-12-01&sub_service_type=&center_service_id=,question,question-59428,59428,NPS by Product - New,59428,NPS by Product - New,,0,table,,nps_base,nps_base,unresolved,,query_sql|metadata_json|raw_csv|output_preview_html|lineage_preview_html,,Relation not found in local dbt manifest.
13,https://metabase.curefit.co/question/59428-nps-by-product-new?city_name=&end_date=2026-02-09&activity_status=actual-active&business_line=&service_type=&ownership_type=&center_name=&start_date=2025-12-01&sub_service_type=&center_service_id=,question,question-59428,59428,NPS by Product - New,59428,NPS by Product - New,,0,table,,combinations_base,combinations_base,unresolved,,query_sql|metadata_json|raw_csv|output_preview_html|lineage_preview_html,,Relation not found in local dbt manifest.
13,https://metabase.curefit.co/question/59428-nps-by-product-new?city_name=&end_date=2026-02-09&activity_status=actual-active&business_line=&service_type=&ownership_type=&center_name=&start_date=2025-12-01&sub_service_type=&center_service_id=,question,question-59428,59428,NPS by Product - New,59428,NPS by Product - New,,0,cte,,platform_nps,platform_nps,unresolved,,query_sql|metadata_json|raw_csv|output_preview_html|lineage_preview_html,,Relation not found in local dbt manifest.
13,https://metabase.curefit.co/question/59428-nps-by-product-new?city_name=&end_date=2026-02-09&activity_status=actual-active&business_line=&service_type=&ownership_type=&center_name=&start_date=2025-12-01&sub_service_type=&center_service_id=,question,question-59428,59428,NPS by Product - New,59428,NPS by Product - New,,0,cte,,individual_nps,individual_nps,unresolved,,query_sql|metadata_json|raw_csv|output_preview_html|lineage_preview_html,,Relation not found in local dbt manifest.
14,https://metabase.curefit.co/dashboard/3324-pr-dashboard?business_line=&center_name=&center_service_id=&city_name=&ownership_type=&report_end_date=2025-12-31&report_start_date=2022-04-01&service_type=,dashboard,dashboard-3324,3324,PR DASHBOARD,56424,PR BY PRODUCT,,0,table,dwh_fitness_mart,booking_fact,dwh_fitness_mart.booking_fact,source_table,dwh_fitness_mart.booking_fact,query_sql|metadata_json|raw_csv|output_preview_html|lineage_preview_html,,
14,https://metabase.curefit.co/dashboard/3324-pr-dashboard?business_line=&center_name=&center_service_id=&city_name=&ownership_type=&report_end_date=2025-12-31&report_start_date=2022-04-01&service_type=,dashboard,dashboard-3324,3324,PR DASHBOARD,56424,PR BY PRODUCT,,0,table,dwh_fitness_mart,center_dim,dwh_fitness_mart.center_dim,source_table,dwh_fitness_mart.center_dim,query_sql|metadata_json|raw_csv|output_preview_html|lineage_preview_html,,
14,https://metabase.curefit.co/dashboard/3324-pr-dashboard?business_line=&center_name=&center_service_id=&city_name=&ownership_type=&report_end_date=2025-12-31&report_start_date=2022-04-01&service_type=,dashboard,dashboard-3324,3324,PR DASHBOARD,56424,PR BY PRODUCT,,0,cte,,bt_data,bt_data,unresolved,,query_sql|metadata_json|raw_csv|output_preview_html|lineage_preview_html,,Relation not found in local dbt manifest.
14,https://metabase.curefit.co/dashboard/3324-pr-dashboard?business_line=&center_name=&center_service_id=&city_name=&ownership_type=&report_end_date=2025-12-31&report_start_date=2022-04-01&service_type=,dashboard,dashboard-3324,3324,PR DASHBOARD,56862,PR BY CITY,,0,table,dwh_fitness_mart,booking_fact,dwh_fitness_mart.booking_fact,source_table,dwh_fitness_mart.booking_fact,query_sql|metadata_json|raw_csv|output_preview_html|lineage_preview_html,,
14,https://metabase.curefit.co/dashboard/3324-pr-dashboard?business_line=&center_name=&center_service_id=&city_name=&ownership_type=&report_end_date=2025-12-31&report_start_date=2022-04-01&service_type=,dashboard,dashboard-3324,3324,PR DASHBOARD,56862,PR BY CITY,,0,table,dwh_fitness_mart,center_dim,dwh_fitness_mart.center_dim,source_table,dwh_fitness_mart.center_dim,query_sql|metadata_json|raw_csv|output_preview_html|lineage_preview_html,,
14,https://metabase.curefit.co/dashboard/3324-pr-dashboard?business_line=&center_name=&center_service_id=&city_name=&ownership_type=&report_end_date=2025-12-31&report_start_date=2022-04-01&service_type=,dashboard,dashboard-3324,3324,PR DASHBOARD,56862,PR BY CITY,,0,cte,,bt_data,bt_data,unresolved,,query_sql|metadata_json|raw_csv|output_preview_html|lineage_preview_html,,Relation not found in local dbt manifest.
14,https://metabase.curefit.co/dashboard/3324-pr-dashboard?business_line=&center_name=&center_service_id=&city_name=&ownership_type=&report_end_date=2025-12-31&report_start_date=2022-04-01&service_type=,dashboard,dashboard-3324,3324,PR DASHBOARD,56863,PR BY OWNERSHIP TYPE,,0,table,dwh_fitness_mart,booking_fact,dwh_fitness_mart.booking_fact,source_table,dwh_fitness_mart.booking_fact,query_sql|metadata_json|raw_csv|output_preview_html|lineage_preview_html,,
14,https://metabase.curefit.co/dashboard/3324-pr-dashboard?business_line=&center_name=&center_service_id=&city_name=&ownership_type=&report_end_date=2025-12-31&report_start_date=2022-04-01&service_type=,dashboard,dashboard-3324,3324,PR DASHBOARD,56863,PR BY OWNERSHIP TYPE,,0,table,dwh_fitness_mart,center_dim,dwh_fitness_mart.center_dim,source_table,dwh_fitness_mart.center_dim,query_sql|metadata_json|raw_csv|output_preview_html|lineage_preview_html,,
14,https://metabase.curefit.co/dashboard/3324-pr-dashboard?business_line=&center_name=&center_service_id=&city_name=&ownership_type=&report_end_date=2025-12-31&report_start_date=2022-04-01&service_type=,dashboard,dashboard-3324,3324,PR DASHBOARD,56863,PR BY OWNERSHIP TYPE,,0,cte,,bt_data,bt_data,unresolved,,query_sql|metadata_json|raw_csv|output_preview_html|lineage_preview_html,,Relation not found in local dbt manifest.
14,https://metabase.curefit.co/dashboard/3324-pr-dashboard?business_line=&center_name=&center_service_id=&city_name=&ownership_type=&report_end_date=2025-12-31&report_start_date=2022-04-01&service_type=,dashboard,dashboard-3324,3324,PR DASHBOARD,56865,PR BY PRODUCT x CITY,,0,table,dwh_fitness_mart,booking_fact,dwh_fitness_mart.booking_fact,source_table,dwh_fitness_mart.booking_fact,query_sql|metadata_json|raw_csv|output_preview_html|lineage_preview_html,,
14,https://metabase.curefit.co/dashboard/3324-pr-dashboard?business_line=&center_name=&center_service_id=&city_name=&ownership_type=&report_end_date=2025-12-31&report_start_date=2022-04-01&service_type=,dashboard,dashboard-3324,3324,PR DASHBOARD,56865,PR BY PRODUCT x CITY,,0,table,dwh_fitness_mart,center_dim,dwh_fitness_mart.center_dim,source_table,dwh_fitness_mart.center_dim,query_sql|metadata_json|raw_csv|output_preview_html|lineage_preview_html,,
14,https://metabase.curefit.co/dashboard/3324-pr-dashboard?business_line=&center_name=&center_service_id=&city_name=&ownership_type=&report_end_date=2025-12-31&report_start_date=2022-04-01&service_type=,dashboard,dashboard-3324,3324,PR DASHBOARD,56865,PR BY PRODUCT x CITY,,0,cte,,bt_data,bt_data,unresolved,,query_sql|metadata_json|raw_csv|output_preview_html|lineage_preview_html,,Relation not found in local dbt manifest.
14,https://metabase.curefit.co/dashboard/3324-pr-dashboard?business_line=&center_name=&center_service_id=&city_name=&ownership_type=&report_end_date=2025-12-31&report_start_date=2022-04-01&service_type=,dashboard,dashboard-3324,3324,PR DASHBOARD,56866,PR BY PRODUCT x OWNERSHIP TYPE,,0,table,dwh_fitness_mart,booking_fact,dwh_fitness_mart.booking_fact,source_table,dwh_fitness_mart.booking_fact,query_sql|metadata_json|raw_csv|output_preview_html|lineage_preview_html,,
14,https://metabase.curefit.co/dashboard/3324-pr-dashboard?business_line=&center_name=&center_service_id=&city_name=&ownership_type=&report_end_date=2025-12-31&report_start_date=2022-04-01&service_type=,dashboard,dashboard-3324,3324,PR DASHBOARD,56866,PR BY PRODUCT x OWNERSHIP TYPE,,0,table,dwh_fitness_mart,center_dim,dwh_fitness_mart.center_dim,source_table,dwh_fitness_mart.center_dim,query_sql|metadata_json|raw_csv|output_preview_html|lineage_preview_html,,
14,https://metabase.curefit.co/dashboard/3324-pr-dashboard?business_line=&center_name=&center_service_id=&city_name=&ownership_type=&report_end_date=2025-12-31&report_start_date=2022-04-01&service_type=,dashboard,dashboard-3324,3324,PR DASHBOARD,56866,PR BY PRODUCT x OWNERSHIP TYPE,,0,cte,,bt_data,bt_data,unresolved,,query_sql|metadata_json|raw_csv|output_preview_html|lineage_preview_html,,Relation not found in local dbt manifest.
14,https://metabase.curefit.co/dashboard/3324-pr-dashboard?business_line=&center_name=&center_service_id=&city_name=&ownership_type=&report_end_date=2025-12-31&report_start_date=2022-04-01&service_type=,dashboard,dashboard-3324,3324,PR DASHBOARD,56867,PR BY PRODUCT x OWNERSHIP TYPE x CITY,,0,table,dwh_fitness_mart,booking_fact,dwh_fitness_mart.booking_fact,source_table,dwh_fitness_mart.booking_fact,query_sql|metadata_json|raw_csv|output_preview_html|lineage_preview_html,,
14,https://metabase.curefit.co/dashboard/3324-pr-dashboard?business_line=&center_name=&center_service_id=&city_name=&ownership_type=&report_end_date=2025-12-31&report_start_date=2022-04-01&service_type=,dashboard,dashboard-3324,3324,PR DASHBOARD,56867,PR BY PRODUCT x OWNERSHIP TYPE x CITY,,0,table,dwh_fitness_mart,center_dim,dwh_fitness_mart.center_dim,source_table,dwh_fitness_mart.center_dim,query_sql|metadata_json|raw_csv|output_preview_html|lineage_preview_html,,
14,https://metabase.curefit.co/dashboard/3324-pr-dashboard?business_line=&center_name=&center_service_id=&city_name=&ownership_type=&report_end_date=2025-12-31&report_start_date=2022-04-01&service_type=,dashboard,dashboard-3324,3324,PR DASHBOARD,56867,PR BY PRODUCT x OWNERSHIP TYPE x CITY,,0,cte,,bt_data,bt_data,unresolved,,query_sql|metadata_json|raw_csv|output_preview_html|lineage_preview_html,,Relation not found in local dbt manifest.
14,https://metabase.curefit.co/dashboard/3324-pr-dashboard?business_line=&center_name=&center_service_id=&city_name=&ownership_type=&report_end_date=2025-12-31&report_start_date=2022-04-01&service_type=,dashboard,dashboard-3324,3324,PR DASHBOARD,56868,PR BY CENTER,,0,table,dwh_fitness_mart,booking_fact,dwh_fitness_mart.booking_fact,source_table,dwh_fitness_mart.booking_fact,query_sql|metadata_json|raw_csv|output_preview_html|lineage_preview_html,,
14,https://metabase.curefit.co/dashboard/3324-pr-dashboard?business_line=&center_name=&center_service_id=&city_name=&ownership_type=&report_end_date=2025-12-31&report_start_date=2022-04-01&service_type=,dashboard,dashboard-3324,3324,PR DASHBOARD,56868,PR BY CENTER,,0,table,dwh_fitness_mart,center_dim,dwh_fitness_mart.center_dim,source_table,dwh_fitness_mart.center_dim,query_sql|metadata_json|raw_csv|output_preview_html|lineage_preview_html,,
14,https://metabase.curefit.co/dashboard/3324-pr-dashboard?business_line=&center_name=&center_service_id=&city_name=&ownership_type=&report_end_date=2025-12-31&report_start_date=2022-04-01&service_type=,dashboard,dashboard-3324,3324,PR DASHBOARD,56868,PR BY CENTER,,0,cte,,bt_data,bt_data,unresolved,,query_sql|metadata_json|raw_csv|output_preview_html|lineage_preview_html,,Relation not found in local dbt manifest.
14,https://metabase.curefit.co/dashboard/3324-pr-dashboard?business_line=&center_name=&center_service_id=&city_name=&ownership_type=&report_end_date=2025-12-31&report_start_date=2022-04-01&service_type=,dashboard,dashboard-3324,3324,PR DASHBOARD,56869,PR SERVICE TYPE WEEK TREND LINE,,0,table,dwh_fitness_mart,booking_fact,dwh_fitness_mart.booking_fact,source_table,dwh_fitness_mart.booking_fact,query_sql|metadata_json|raw_csv|output_preview_html|lineage_preview_html,,
14,https://metabase.curefit.co/dashboard/3324-pr-dashboard?business_line=&center_name=&center_service_id=&city_name=&ownership_type=&report_end_date=2025-12-31&report_start_date=2022-04-01&service_type=,dashboard,dashboard-3324,3324,PR DASHBOARD,56869,PR SERVICE TYPE WEEK TREND LINE,,0,table,dwh_fitness_mart,center_dim,dwh_fitness_mart.center_dim,source_table,dwh_fitness_mart.center_dim,query_sql|metadata_json|raw_csv|output_preview_html|lineage_preview_html,,
14,https://metabase.curefit.co/dashboard/3324-pr-dashboard?business_line=&center_name=&center_service_id=&city_name=&ownership_type=&report_end_date=2025-12-31&report_start_date=2022-04-01&service_type=,dashboard,dashboard-3324,3324,PR DASHBOARD,56869,PR SERVICE TYPE WEEK TREND LINE,,0,cte,,bt_data,bt_data,unresolved,,query_sql|metadata_json|raw_csv|output_preview_html|lineage_preview_html,,Relation not found in local dbt manifest.
14,https://metabase.curefit.co/dashboard/3324-pr-dashboard?business_line=&center_name=&center_service_id=&city_name=&ownership_type=&report_end_date=2025-12-31&report_start_date=2022-04-01&service_type=,dashboard,dashboard-3324,3324,PR DASHBOARD,56869,PR SERVICE TYPE WEEK TREND LINE,,0,cte,,pivoted_data,pivoted_data,unresolved,,query_sql|metadata_json|raw_csv|output_preview_html|lineage_preview_html,,Relation not found in local dbt manifest.
14,https://metabase.curefit.co/dashboard/3324-pr-dashboard?business_line=&center_name=&center_service_id=&city_name=&ownership_type=&report_end_date=2025-12-31&report_start_date=2022-04-01&service_type=,dashboard,dashboard-3324,3324,PR DASHBOARD,56872,RESPONSE FUNNEL,,0,table,dwh_fitness_mart,booking_fact,dwh_fitness_mart.booking_fact,source_table,dwh_fitness_mart.booking_fact,query_sql|metadata_json|raw_csv|output_preview_html|lineage_preview_html,,
14,https://metabase.curefit.co/dashboard/3324-pr-dashboard?business_line=&center_name=&center_service_id=&city_name=&ownership_type=&report_end_date=2025-12-31&report_start_date=2022-04-01&service_type=,dashboard,dashboard-3324,3324,PR DASHBOARD,56872,RESPONSE FUNNEL,,0,table,dwh_fitness_mart,center_dim,dwh_fitness_mart.center_dim,source_table,dwh_fitness_mart.center_dim,query_sql|metadata_json|raw_csv|output_preview_html|lineage_preview_html,,
14,https://metabase.curefit.co/dashboard/3324-pr-dashboard?business_line=&center_name=&center_service_id=&city_name=&ownership_type=&report_end_date=2025-12-31&report_start_date=2022-04-01&service_type=,dashboard,dashboard-3324,3324,PR DASHBOARD,56872,RESPONSE FUNNEL,,0,cte,,response_data,response_data,unresolved,,query_sql|metadata_json|raw_csv|output_preview_html|lineage_preview_html,,Relation not found in local dbt manifest.
15|17,https://metabase.curefit.co/question/67337-installs-by-type-source-duplicate?Time_Granularity=Month&From=2022-04-01&To=2025-12-31&City=&Campaign=&Value_Type=Users,question,question-67337,67337,# Installs by type & source - Duplicate,67337,# Installs by type & source - Duplicate,,0,table,dwh_growth_mart,growth_install_fact,dwh_growth_mart.growth_install_fact,unresolved,,query_sql|metadata_json|raw_csv|output_preview_html|lineage_preview_html,,Relation not found in local dbt manifest.
16|18,https://metabase.curefit.co/question/75999-page-ids-traffic?Start=2022-04-01&End=2025-12-31&Time_Granularity=Month,question,question-75999,75999,Page Ids Traffic,75999,Page Ids Traffic,,0,table,pk_curefit_app_events,page_view,pk_curefit_app_events.page_view,unresolved,,query_sql|metadata_json|result_blocked,,Relation not found in local dbt manifest.
16|18,https://metabase.curefit.co/question/75999-page-ids-traffic?Start=2022-04-01&End=2025-12-31&Time_Granularity=Month,question,question-75999,75999,Page Ids Traffic,75999,Page Ids Traffic,,0,table,,base,base,unresolved,,query_sql|metadata_json|result_blocked,,Relation not found in local dbt manifest.
19|20,https://metabase.curefit.co/question/30893-cst-class-data?start=2026-03-01&workout=&cluster=&center_name=&city=&end=2026-03-12,question,question-30893,30893,CST - Class data,30893,CST - Class data,,0,table,pk_cultprod_cultapp,cultclass,pk_cultprod_cultapp.cultclass,source_table,pk_cultprod_cultapp.cultclass,query_sql|metadata_json|raw_csv|output_preview_html|lineage_preview_html,,
19|20,https://metabase.curefit.co/question/30893-cst-class-data?start=2026-03-01&workout=&cluster=&center_name=&city=&end=2026-03-12,question,question-30893,30893,CST - Class data,30893,CST - Class data,,0,table,pk_cultprod_cultapp,center,pk_cultprod_cultapp.center,source_table,pk_cultprod_cultapp.center,query_sql|metadata_json|raw_csv|output_preview_html|lineage_preview_html,,
19|20,https://metabase.curefit.co/question/30893-cst-class-data?start=2026-03-01&workout=&cluster=&center_name=&city=&end=2026-03-12,question,question-30893,30893,CST - Class data,30893,CST - Class data,,0,table,pk_curefitprod_center_service,center,pk_curefitprod_center_service.center,source_table,pk_curefitprod_center_service.center,query_sql|metadata_json|raw_csv|output_preview_html|lineage_preview_html,,
19|20,https://metabase.curefit.co/question/30893-cst-class-data?start=2026-03-01&workout=&cluster=&center_name=&city=&end=2026-03-12,question,question-30893,30893,CST - Class data,30893,CST - Class data,,0,table,pk_cultprod_cultapp,locationhierarchy,pk_cultprod_cultapp.locationhierarchy,unresolved,,query_sql|metadata_json|raw_csv|output_preview_html|lineage_preview_html,,Relation not found in local dbt manifest.
19|20,https://metabase.curefit.co/question/30893-cst-class-data?start=2026-03-01&workout=&cluster=&center_name=&city=&end=2026-03-12,question,question-30893,30893,CST - Class data,30893,CST - Class data,,0,table,pk_cultprod_cultapp,workout,pk_cultprod_cultapp.workout,source_table,pk_cultprod_cultapp.workout,query_sql|metadata_json|raw_csv|output_preview_html|lineage_preview_html,,
19|20,https://metabase.curefit.co/question/30893-cst-class-data?start=2026-03-01&workout=&cluster=&center_name=&city=&end=2026-03-12,question,question-30893,30893,CST - Class data,30893,CST - Class data,,0,table,pk_cultprod_cultapp,WorkoutFamilyWorkoutMap,pk_cultprod_cultapp.WorkoutFamilyWorkoutMap,source_table,pk_cultprod_cultapp.workoutfamilyworkoutmap,query_sql|metadata_json|raw_csv|output_preview_html|lineage_preview_html,,
19|20,https://metabase.curefit.co/question/30893-cst-class-data?start=2026-03-01&workout=&cluster=&center_name=&city=&end=2026-03-12,question,question-30893,30893,CST - Class data,30893,CST - Class data,,0,table,pk_cultprod_cultapp,WorkoutFamily,pk_cultprod_cultapp.WorkoutFamily,unresolved,,query_sql|metadata_json|raw_csv|output_preview_html|lineage_preview_html,,Relation not found in local dbt manifest.
19|20,https://metabase.curefit.co/question/30893-cst-class-data?start=2026-03-01&workout=&cluster=&center_name=&city=&end=2026-03-12,question,question-30893,30893,CST - Class data,30893,CST - Class data,,0,table,pk_cultprod_cultapp,city,pk_cultprod_cultapp.city,source_table,pk_cultprod_cultapp.city,query_sql|metadata_json|raw_csv|output_preview_html|lineage_preview_html,,
19|20,https://metabase.curefit.co/question/30893-cst-class-data?start=2026-03-01&workout=&cluster=&center_name=&city=&end=2026-03-12,question,question-30893,30893,CST - Class data,30893,CST - Class data,,0,table,dwh_fitness,fitness_bookings,dwh_fitness.fitness_bookings,unresolved,,query_sql|metadata_json|raw_csv|output_preview_html|lineage_preview_html,,Relation not found in local dbt manifest.
19|20,https://metabase.curefit.co/question/30893-cst-class-data?start=2026-03-01&workout=&cluster=&center_name=&city=&end=2026-03-12,question,question-30893,30893,CST - Class data,30893,CST - Class data,,0,table,pk_cultprod_cultapp,waitlist,pk_cultprod_cultapp.waitlist,source_table,pk_cultprod_cultapp.waitlist,query_sql|metadata_json|raw_csv|output_preview_html|lineage_preview_html,,
19|20,https://metabase.curefit.co/question/30893-cst-class-data?start=2026-03-01&workout=&cluster=&center_name=&city=&end=2026-03-12,question,question-30893,30893,CST - Class data,30893,CST - Class data,,0,table,pk_cultprod_cultapp,trainercultclassmap,pk_cultprod_cultapp.trainercultclassmap,source_table,pk_cultprod_cultapp.trainercultclassmap,query_sql|metadata_json|raw_csv|output_preview_html|lineage_preview_html,,
19|20,https://metabase.curefit.co/question/30893-cst-class-data?start=2026-03-01&workout=&cluster=&center_name=&city=&end=2026-03-12,question,question-30893,30893,CST - Class data,30893,CST - Class data,,0,table,pk_cultprod_cultapp,cultemployee,pk_cultprod_cultapp.cultemployee,source_table,pk_cultprod_cultapp.cultemployee,query_sql|metadata_json|raw_csv|output_preview_html|lineage_preview_html,,
19|20,https://metabase.curefit.co/question/30893-cst-class-data?start=2026-03-01&workout=&cluster=&center_name=&city=&end=2026-03-12,question,question-30893,30893,CST - Class data,30893,CST - Class data,,0,table,pk_cultprod_cultapp,Cultclassoos,pk_cultprod_cultapp.Cultclassoos,source_table,pk_cultprod_cultapp.cultclassoos,query_sql|metadata_json|raw_csv|output_preview_html|lineage_preview_html,,
19|20,https://metabase.curefit.co/question/30893-cst-class-data?start=2026-03-01&workout=&cluster=&center_name=&city=&end=2026-03-12,question,question-30893,30893,CST - Class data,30893,CST - Class data,,0,table,pk_cultprod_cultapp,Toainstance,pk_cultprod_cultapp.Toainstance,unresolved,,query_sql|metadata_json|raw_csv|output_preview_html|lineage_preview_html,,Relation not found in local dbt manifest.
19|20,https://metabase.curefit.co/question/30893-cst-class-data?start=2026-03-01&workout=&cluster=&center_name=&city=&end=2026-03-12,question,question-30893,30893,CST - Class data,30893,CST - Class data,,0,table,,base,base,unresolved,,query_sql|metadata_json|raw_csv|output_preview_html|lineage_preview_html,,Relation not found in local dbt manifest.
19|20,https://metabase.curefit.co/question/30893-cst-class-data?start=2026-03-01&workout=&cluster=&center_name=&city=&end=2026-03-12,question,question-30893,30893,CST - Class data,30893,CST - Class data,,0,table,dwh_fitness_mart,employee_dim,dwh_fitness_mart.employee_dim,derived_model,pk_cultprod_cultapp.center|pk_cultprod_cultapp.cultemployee|pk_cultprod_cultapp.employeehomecentermapping|pk_curefitplatforms_identitydb.identity|pk_curefitplatforms_watchmen.membership|pk_hrms_neo_cult.designation|pk_hrms_neo_cult.employee|pk_hrms_neo_cult.exit_details|pk_hrms_neo_cult.job_details,query_sql|metadata_json|raw_csv|output_preview_html|lineage_preview_html,,
23|24,https://metabase.curefit.co/dashboard/4042-ipo-data?business_unit=&category=&end_date=&period=&start_date=,dashboard,dashboard-4042,4042,IPO Data,75736,Total Amount and Units,,0,nested_card,,75683,metabase.card.75683,metabase_card_reference,,query_sql|metadata_json|result_blocked,Nested Metabase card reference to Raw Data.,
23|24,https://metabase.curefit.co/dashboard/4042-ipo-data?business_unit=&category=&end_date=&period=&start_date=,dashboard,dashboard-4042,4042,IPO Data,75683,Raw Data,75736,1,table,stage_dwh,dwh_d2c_metrics_bizfin_sales_data,stage_dwh.dwh_d2c_metrics_bizfin_sales_data,unresolved,,query_sql|metadata_json,,Relation not found in local dbt manifest.
23|24,https://metabase.curefit.co/dashboard/4042-ipo-data?business_unit=&category=&end_date=&period=&start_date=,dashboard,dashboard-4042,4042,IPO Data,75736,Total Amount and Units,,0,table,pk_fitstore_unicommerce,item_details_summary,pk_fitstore_unicommerce.item_details_summary,unresolved,,query_sql|metadata_json|result_blocked,,Relation not found in local dbt manifest.
23|24,https://metabase.curefit.co/dashboard/4042-ipo-data?business_unit=&category=&end_date=&period=&start_date=,dashboard,dashboard-4042,4042,IPO Data,75865,Business Unit Level Amount and Units,,0,nested_card,,75683,metabase.card.75683,metabase_card_reference,,query_sql|metadata_json|result_blocked,Nested Metabase card reference to Raw Data.,
23|24,https://metabase.curefit.co/dashboard/4042-ipo-data?business_unit=&category=&end_date=&period=&start_date=,dashboard,dashboard-4042,4042,IPO Data,75865,Business Unit Level Amount and Units,,0,table,pk_fitstore_unicommerce,item_details_summary,pk_fitstore_unicommerce.item_details_summary,unresolved,,query_sql|metadata_json|result_blocked,,Relation not found in local dbt manifest.
23|24,https://metabase.curefit.co/dashboard/4042-ipo-data?business_unit=&category=&end_date=&period=&start_date=,dashboard,dashboard-4042,4042,IPO Data,75868,Month_Category_itemcode Level Amount and Units,,0,nested_card,,75683,metabase.card.75683,metabase_card_reference,,query_sql|metadata_json|result_blocked,Nested Metabase card reference to Raw Data.,
23|24,https://metabase.curefit.co/dashboard/4042-ipo-data?business_unit=&category=&end_date=&period=&start_date=,dashboard,dashboard-4042,4042,IPO Data,75868,Month_Category_itemcode Level Amount and Units,,0,table,pk_fitstore_unicommerce,item_details_summary,pk_fitstore_unicommerce.item_details_summary,unresolved,,query_sql|metadata_json|result_blocked,,Relation not found in local dbt manifest.
23|24,https://metabase.curefit.co/dashboard/4042-ipo-data?business_unit=&category=&end_date=&period=&start_date=,dashboard,dashboard-4042,4042,IPO Data,75869,Category_itemcode Level Amount and Units,,0,nested_card,,75683,metabase.card.75683,metabase_card_reference,,query_sql|metadata_json|result_blocked,Nested Metabase card reference to Raw Data.,
23|24,https://metabase.curefit.co/dashboard/4042-ipo-data?business_unit=&category=&end_date=&period=&start_date=,dashboard,dashboard-4042,4042,IPO Data,75869,Category_itemcode Level Amount and Units,,0,table,pk_fitstore_unicommerce,item_details_summary,pk_fitstore_unicommerce.item_details_summary,unresolved,,query_sql|metadata_json|result_blocked,,Relation not found in local dbt manifest.
23|24,https://metabase.curefit.co/dashboard/4042-ipo-data?business_unit=&category=&end_date=&period=&start_date=,dashboard,dashboard-4042,4042,IPO Data,75864,Month_Business Unit Level Amount and Units,,0,nested_card,,75683,metabase.card.75683,metabase_card_reference,,query_sql|metadata_json|result_blocked,Nested Metabase card reference to Raw Data.,
23|24,https://metabase.curefit.co/dashboard/4042-ipo-data?business_unit=&category=&end_date=&period=&start_date=,dashboard,dashboard-4042,4042,IPO Data,75864,Month_Business Unit Level Amount and Units,,0,table,pk_fitstore_unicommerce,item_details_summary,pk_fitstore_unicommerce.item_details_summary,unresolved,,query_sql|metadata_json|result_blocked,,Relation not found in local dbt manifest.
23|24,https://metabase.curefit.co/dashboard/4042-ipo-data?business_unit=&category=&end_date=&period=&start_date=,dashboard,dashboard-4042,4042,IPO Data,75871,Unique Sku Code,,0,nested_card,,75683,metabase.card.75683,metabase_card_reference,,query_sql|metadata_json|result_blocked,Nested Metabase card reference to Raw Data.,
23|24,https://metabase.curefit.co/dashboard/4042-ipo-data?business_unit=&category=&end_date=&period=&start_date=,dashboard,dashboard-4042,4042,IPO Data,75871,Unique Sku Code,,0,table,pk_fitstore_unicommerce,item_details_summary,pk_fitstore_unicommerce.item_details_summary,unresolved,,query_sql|metadata_json|result_blocked,,Relation not found in local dbt manifest.
23|24,https://metabase.curefit.co/dashboard/4042-ipo-data?business_unit=&category=&end_date=&period=&start_date=,dashboard,dashboard-4042,4042,IPO Data,75872,Raw Data - 2,,0,nested_card,,75683,metabase.card.75683,metabase_card_reference,,query_sql|metadata_json|result_blocked,Nested Metabase card reference to Raw Data.,
23|24,https://metabase.curefit.co/dashboard/4042-ipo-data?business_unit=&category=&end_date=&period=&start_date=,dashboard,dashboard-4042,4042,IPO Data,75872,Raw Data - 2,,0,table,pk_fitstore_unicommerce,item_details_summary,pk_fitstore_unicommerce.item_details_summary,unresolved,,query_sql|metadata_json|result_blocked,,Relation not found in local dbt manifest.
23|24,https://metabase.curefit.co/dashboard/4042-ipo-data?business_unit=&category=&end_date=&period=&start_date=,dashboard,dashboard-4042,4042,IPO Data,75867,Financial Year Level Amount and Units,,0,nested_card,,75683,metabase.card.75683,metabase_card_reference,,query_sql|metadata_json|result_blocked,Nested Metabase card reference to Raw Data.,
23|24,https://metabase.curefit.co/dashboard/4042-ipo-data?business_unit=&category=&end_date=&period=&start_date=,dashboard,dashboard-4042,4042,IPO Data,75867,Financial Year Level Amount and Units,,0,table,pk_fitstore_unicommerce,item_details_summary,pk_fitstore_unicommerce.item_details_summary,unresolved,,query_sql|metadata_json|result_blocked,,Relation not found in local dbt manifest.
23|24,https://metabase.curefit.co/dashboard/4042-ipo-data?business_unit=&category=&end_date=&period=&start_date=,dashboard,dashboard-4042,4042,IPO Data,75860,Month_Category Level Amount and Units,,0,nested_card,,75683,metabase.card.75683,metabase_card_reference,,query_sql|metadata_json|result_blocked,Nested Metabase card reference to Raw Data.,
23|24,https://metabase.curefit.co/dashboard/4042-ipo-data?business_unit=&category=&end_date=&period=&start_date=,dashboard,dashboard-4042,4042,IPO Data,75860,Month_Category Level Amount and Units,,0,table,pk_fitstore_unicommerce,item_details_summary,pk_fitstore_unicommerce.item_details_summary,unresolved,,query_sql|metadata_json|result_blocked,,Relation not found in local dbt manifest.
23|24,https://metabase.curefit.co/dashboard/4042-ipo-data?business_unit=&category=&end_date=&period=&start_date=,dashboard,dashboard-4042,4042,IPO Data,75859,Month_Pincode Level  Units,,0,nested_card,,75683,metabase.card.75683,metabase_card_reference,,query_sql|metadata_json|result_blocked,Nested Metabase card reference to Raw Data.,
23|24,https://metabase.curefit.co/dashboard/4042-ipo-data?business_unit=&category=&end_date=&period=&start_date=,dashboard,dashboard-4042,4042,IPO Data,75859,Month_Pincode Level  Units,,0,table,pk_fitstore_unicommerce,item_details_summary,pk_fitstore_unicommerce.item_details_summary,unresolved,,query_sql|metadata_json|result_blocked,,Relation not found in local dbt manifest.
23|24,https://metabase.curefit.co/dashboard/4042-ipo-data?business_unit=&category=&end_date=&period=&start_date=,dashboard,dashboard-4042,4042,IPO Data,75863,Month_Skucode Level  Units,,0,nested_card,,75683,metabase.card.75683,metabase_card_reference,,query_sql|metadata_json|result_blocked,Nested Metabase card reference to Raw Data.,
23|24,https://metabase.curefit.co/dashboard/4042-ipo-data?business_unit=&category=&end_date=&period=&start_date=,dashboard,dashboard-4042,4042,IPO Data,75863,Month_Skucode Level  Units,,0,table,pk_fitstore_unicommerce,item_details_summary,pk_fitstore_unicommerce.item_details_summary,unresolved,,query_sql|metadata_json|result_blocked,,Relation not found in local dbt manifest.
23|24,https://metabase.curefit.co/dashboard/4042-ipo-data?business_unit=&category=&end_date=&period=&start_date=,dashboard,dashboard-4042,4042,IPO Data,75866,Quarter Level Amount and Units,,0,nested_card,,75683,metabase.card.75683,metabase_card_reference,,query_sql|metadata_json|result_blocked,Nested Metabase card reference to Raw Data.,
23|24,https://metabase.curefit.co/dashboard/4042-ipo-data?business_unit=&category=&end_date=&period=&start_date=,dashboard,dashboard-4042,4042,IPO Data,75866,Quarter Level Amount and Units,,0,table,pk_fitstore_unicommerce,item_details_summary,pk_fitstore_unicommerce.item_details_summary,unresolved,,query_sql|metadata_json|result_blocked,,Relation not found in local dbt manifest.
23|24,https://metabase.curefit.co/dashboard/4042-ipo-data?business_unit=&category=&end_date=&period=&start_date=,dashboard,dashboard-4042,4042,IPO Data,75854,Month Level Amount and Units,,0,nested_card,,75683,metabase.card.75683,metabase_card_reference,,query_sql|metadata_json|result_blocked,Nested Metabase card reference to Raw Data.,
23|24,https://metabase.curefit.co/dashboard/4042-ipo-data?business_unit=&category=&end_date=&period=&start_date=,dashboard,dashboard-4042,4042,IPO Data,75854,Month Level Amount and Units,,0,table,pk_fitstore_unicommerce,item_details_summary,pk_fitstore_unicommerce.item_details_summary,unresolved,,query_sql|metadata_json|result_blocked,,Relation not found in local dbt manifest.
23|24,https://metabase.curefit.co/dashboard/4042-ipo-data?business_unit=&category=&end_date=&period=&start_date=,dashboard,dashboard-4042,4042,IPO Data,75870,Unique Pincodes,,0,nested_card,,75683,metabase.card.75683,metabase_card_reference,,query_sql|metadata_json|result_blocked,Nested Metabase card reference to Raw Data.,
23|24,https://metabase.curefit.co/dashboard/4042-ipo-data?business_unit=&category=&end_date=&period=&start_date=,dashboard,dashboard-4042,4042,IPO Data,75870,Unique Pincodes,,0,table,pk_fitstore_unicommerce,item_details_summary,pk_fitstore_unicommerce.item_details_summary,unresolved,,query_sql|metadata_json|result_blocked,,Relation not found in local dbt manifest.
23|24,https://metabase.curefit.co/dashboard/4042-ipo-data?business_unit=&category=&end_date=&period=&start_date=,dashboard,dashboard-4042,4042,IPO Data,75876,Financial Year Wise Summary,,0,nested_card,,75683,metabase.card.75683,metabase_card_reference,,query_sql|metadata_json|result_blocked,Nested Metabase card reference to Raw Data.,
23|24,https://metabase.curefit.co/dashboard/4042-ipo-data?business_unit=&category=&end_date=&period=&start_date=,dashboard,dashboard-4042,4042,IPO Data,75876,Financial Year Wise Summary,,0,table,pk_fitstore_unicommerce,item_details_summary,pk_fitstore_unicommerce.item_details_summary,unresolved,,query_sql|metadata_json|result_blocked,,Relation not found in local dbt manifest.
23|24,https://metabase.curefit.co/dashboard/4042-ipo-data?business_unit=&category=&end_date=&period=&start_date=,dashboard,dashboard-4042,4042,IPO Data,75881,New Launch SKU,,0,nested_card,,75683,metabase.card.75683,metabase_card_reference,,query_sql|metadata_json|result_blocked,Nested Metabase card reference to Raw Data.,
23|24,https://metabase.curefit.co/dashboard/4042-ipo-data?business_unit=&category=&end_date=&period=&start_date=,dashboard,dashboard-4042,4042,IPO Data,75881,New Launch SKU,,0,table,pk_fitstore_unicommerce,item_details_summary,pk_fitstore_unicommerce.item_details_summary,unresolved,,query_sql|metadata_json|result_blocked,,Relation not found in local dbt manifest.
23|24,https://metabase.curefit.co/dashboard/4042-ipo-data?business_unit=&category=&end_date=&period=&start_date=,dashboard,dashboard-4042,4042,IPO Data,75881,New Launch SKU,,0,cte,,sku_launch_date,sku_launch_date,unresolved,,query_sql|metadata_json|result_blocked,,Relation not found in local dbt manifest.
23|24,https://metabase.curefit.co/dashboard/4042-ipo-data?business_unit=&category=&end_date=&period=&start_date=,dashboard,dashboard-4042,4042,IPO Data,75894,New Launch Style Id,,0,nested_card,,75683,metabase.card.75683,metabase_card_reference,,query_sql|metadata_json|result_blocked,Nested Metabase card reference to Raw Data.,
23|24,https://metabase.curefit.co/dashboard/4042-ipo-data?business_unit=&category=&end_date=&period=&start_date=,dashboard,dashboard-4042,4042,IPO Data,75894,New Launch Style Id,,0,table,pk_fitstore_unicommerce,item_details_summary,pk_fitstore_unicommerce.item_details_summary,unresolved,,query_sql|metadata_json|result_blocked,,Relation not found in local dbt manifest.
23|24,https://metabase.curefit.co/dashboard/4042-ipo-data?business_unit=&category=&end_date=&period=&start_date=,dashboard,dashboard-4042,4042,IPO Data,75894,New Launch Style Id,,0,cte,,sku_launch_date,sku_launch_date,unresolved,,query_sql|metadata_json|result_blocked,,Relation not found in local dbt manifest.
23|24,https://metabase.curefit.co/dashboard/4042-ipo-data?business_unit=&category=&end_date=&period=&start_date=,dashboard,dashboard-4042,4042,IPO Data,75906,Financial Year Wise Summary -  Category Wise,,0,nested_card,,75683,metabase.card.75683,metabase_card_reference,,query_sql|metadata_json|result_blocked,Nested Metabase card reference to Raw Data.,
23|24,https://metabase.curefit.co/dashboard/4042-ipo-data?business_unit=&category=&end_date=&period=&start_date=,dashboard,dashboard-4042,4042,IPO Data,75906,Financial Year Wise Summary -  Category Wise,,0,table,pk_fitstore_unicommerce,item_details_summary,pk_fitstore_unicommerce.item_details_summary,unresolved,,query_sql|metadata_json|result_blocked,,Relation not found in local dbt manifest.
23|24,https://metabase.curefit.co/dashboard/4042-ipo-data?business_unit=&category=&end_date=&period=&start_date=,dashboard,dashboard-4042,4042,IPO Data,75910,Month_Bill to Customer Name Level Amount and Units -,,0,nested_card,,75683,metabase.card.75683,metabase_card_reference,,query_sql|metadata_json|result_blocked,Nested Metabase card reference to Raw Data.,
23|24,https://metabase.curefit.co/dashboard/4042-ipo-data?business_unit=&category=&end_date=&period=&start_date=,dashboard,dashboard-4042,4042,IPO Data,75910,Month_Bill to Customer Name Level Amount and Units -,,0,table,pk_fitstore_unicommerce,item_details_summary,pk_fitstore_unicommerce.item_details_summary,unresolved,,query_sql|metadata_json|result_blocked,,Relation not found in local dbt manifest.
23|24,https://metabase.curefit.co/dashboard/4042-ipo-data?business_unit=&category=&end_date=&period=&start_date=,dashboard,dashboard-4042,4042,IPO Data,76602,Financial Year Wise Summary -  Category and Channel Wise,,0,nested_card,,75683,metabase.card.75683,metabase_card_reference,,query_sql|metadata_json|result_blocked,Nested Metabase card reference to Raw Data.,
23|24,https://metabase.curefit.co/dashboard/4042-ipo-data?business_unit=&category=&end_date=&period=&start_date=,dashboard,dashboard-4042,4042,IPO Data,76602,Financial Year Wise Summary -  Category and Channel Wise,,0,table,pk_fitstore_unicommerce,item_details_summary,pk_fitstore_unicommerce.item_details_summary,unresolved,,query_sql|metadata_json|result_blocked,,Relation not found in local dbt manifest.
23|24,https://metabase.curefit.co/dashboard/4042-ipo-data?business_unit=&category=&end_date=&period=&start_date=,dashboard,dashboard-4042,4042,IPO Data,76604,Financial Year Wise Summary -  Channel Type Wise,,0,nested_card,,75683,metabase.card.75683,metabase_card_reference,,query_sql|metadata_json|result_blocked,Nested Metabase card reference to Raw Data.,
23|24,https://metabase.curefit.co/dashboard/4042-ipo-data?business_unit=&category=&end_date=&period=&start_date=,dashboard,dashboard-4042,4042,IPO Data,76604,Financial Year Wise Summary -  Channel Type Wise,,0,table,pk_fitstore_unicommerce,item_details_summary,pk_fitstore_unicommerce.item_details_summary,unresolved,,query_sql|metadata_json|result_blocked,,Relation not found in local dbt manifest.
25,https://metabase.curefit.co/dashboard/3604-cross-sell-dashboard?active_end_date=2026-01-31&active_start_date=2025-04-01&business_line=&category=Indoor+Equipment&category=Indoor_Equipment-Strength&cohort=&compare_with_current_date=1&compare_with_current_month=1&consider_active_time=1&consider_city=0&coupon_code=&current_month_active_vs_expired=&current_month_trend=1&date_filter=Month&date_of_month_end_date=&date_of_month_start_date=&first_membership_created_end_date=&first_membership_created_start_date=&is_freebie_order=1&is_fs_member=1&membership_created_end_date=&membership_created_start_date=&month_end_date=&month_start_date=&no_of_month=2&order_end_date=2026-01-31&order_start_date=2026-01-01&service_type=&source=&store_name=&tab=207-visualization&twelve_month_trend=1,dashboard,dashboard-3604,3604,Cross Sell Dashboard,63753,Cross-Sell VS D2C Trend – Last 12 Months,,0,table,dwh_fitness_metrics,cross_sell_orders,dwh_fitness_metrics.cross_sell_orders,unresolved,,query_sql|metadata_json|raw_csv|output_preview_html|lineage_preview_html,,Relation not found in local dbt manifest.
25,https://metabase.curefit.co/dashboard/3604-cross-sell-dashboard?active_end_date=2026-01-31&active_start_date=2025-04-01&business_line=&category=Indoor+Equipment&category=Indoor_Equipment-Strength&cohort=&compare_with_current_date=1&compare_with_current_month=1&consider_active_time=1&consider_city=0&coupon_code=&current_month_active_vs_expired=&current_month_trend=1&date_filter=Month&date_of_month_end_date=&date_of_month_start_date=&first_membership_created_end_date=&first_membership_created_start_date=&is_freebie_order=1&is_fs_member=1&membership_created_end_date=&membership_created_start_date=&month_end_date=&month_start_date=&no_of_month=2&order_end_date=2026-01-31&order_start_date=2026-01-01&service_type=&source=&store_name=&tab=207-visualization&twelve_month_trend=1,dashboard,dashboard-3604,3604,Cross Sell Dashboard,63753,Cross-Sell VS D2C Trend – Last 12 Months,,0,cte,,final_data,final_data,unresolved,,query_sql|metadata_json|raw_csv|output_preview_html|lineage_preview_html,,Relation not found in local dbt manifest.
25,https://metabase.curefit.co/dashboard/3604-cross-sell-dashboard?active_end_date=2026-01-31&active_start_date=2025-04-01&business_line=&category=Indoor+Equipment&category=Indoor_Equipment-Strength&cohort=&compare_with_current_date=1&compare_with_current_month=1&consider_active_time=1&consider_city=0&coupon_code=&current_month_active_vs_expired=&current_month_trend=1&date_filter=Month&date_of_month_end_date=&date_of_month_start_date=&first_membership_created_end_date=&first_membership_created_start_date=&is_freebie_order=1&is_fs_member=1&membership_created_end_date=&membership_created_start_date=&month_end_date=&month_start_date=&no_of_month=2&order_end_date=2026-01-31&order_start_date=2026-01-01&service_type=&source=&store_name=&tab=207-visualization&twelve_month_trend=1,dashboard,dashboard-3604,3604,Cross Sell Dashboard,63791,New VS Repeat  No Of Orders  Summary,,0,table,dwh_fitness_metrics,cross_sell_orders,dwh_fitness_metrics.cross_sell_orders,unresolved,,query_sql|metadata_json|raw_csv|output_preview_html|lineage_preview_html,,Relation not found in local dbt manifest.
25,https://metabase.curefit.co/dashboard/3604-cross-sell-dashboard?active_end_date=2026-01-31&active_start_date=2025-04-01&business_line=&category=Indoor+Equipment&category=Indoor_Equipment-Strength&cohort=&compare_with_current_date=1&compare_with_current_month=1&consider_active_time=1&consider_city=0&coupon_code=&current_month_active_vs_expired=&current_month_trend=1&date_filter=Month&date_of_month_end_date=&date_of_month_start_date=&first_membership_created_end_date=&first_membership_created_start_date=&is_freebie_order=1&is_fs_member=1&membership_created_end_date=&membership_created_start_date=&month_end_date=&month_start_date=&no_of_month=2&order_end_date=2026-01-31&order_start_date=2026-01-01&service_type=&source=&store_name=&tab=207-visualization&twelve_month_trend=1,dashboard,dashboard-3604,3604,Cross Sell Dashboard,63745,Category Wise Cross Sell VS D2C,,0,table,dwh_fitness_metrics,cross_sell_orders,dwh_fitness_metrics.cross_sell_orders,unresolved,,query_sql|metadata_json|raw_csv|output_preview_html|lineage_preview_html,,Relation not found in local dbt manifest.
25,https://metabase.curefit.co/dashboard/3604-cross-sell-dashboard?active_end_date=2026-01-31&active_start_date=2025-04-01&business_line=&category=Indoor+Equipment&category=Indoor_Equipment-Strength&cohort=&compare_with_current_date=1&compare_with_current_month=1&consider_active_time=1&consider_city=0&coupon_code=&current_month_active_vs_expired=&current_month_trend=1&date_filter=Month&date_of_month_end_date=&date_of_month_start_date=&first_membership_created_end_date=&first_membership_created_start_date=&is_freebie_order=1&is_fs_member=1&membership_created_end_date=&membership_created_start_date=&month_end_date=&month_start_date=&no_of_month=2&order_end_date=2026-01-31&order_start_date=2026-01-01&service_type=&source=&store_name=&tab=207-visualization&twelve_month_trend=1,dashboard,dashboard-3604,3604,Cross Sell Dashboard,63745,Category Wise Cross Sell VS D2C,,0,cte,,combined_data,combined_data,unresolved,,query_sql|metadata_json|raw_csv|output_preview_html|lineage_preview_html,,Relation not found in local dbt manifest.
25,https://metabase.curefit.co/dashboard/3604-cross-sell-dashboard?active_end_date=2026-01-31&active_start_date=2025-04-01&business_line=&category=Indoor+Equipment&category=Indoor_Equipment-Strength&cohort=&compare_with_current_date=1&compare_with_current_month=1&consider_active_time=1&consider_city=0&coupon_code=&current_month_active_vs_expired=&current_month_trend=1&date_filter=Month&date_of_month_end_date=&date_of_month_start_date=&first_membership_created_end_date=&first_membership_created_start_date=&is_freebie_order=1&is_fs_member=1&membership_created_end_date=&membership_created_start_date=&month_end_date=&month_start_date=&no_of_month=2&order_end_date=2026-01-31&order_start_date=2026-01-01&service_type=&source=&store_name=&tab=207-visualization&twelve_month_trend=1,dashboard,dashboard-3604,3604,Cross Sell Dashboard,63726,Source Wise Cross Sales,,0,table,dwh_fitness_metrics,cross_sell_orders,dwh_fitness_metrics.cross_sell_orders,unresolved,,query_sql|metadata_json|raw_csv|output_preview_html|lineage_preview_html,,Relation not found in local dbt manifest.
25,https://metabase.curefit.co/dashboard/3604-cross-sell-dashboard?active_end_date=2026-01-31&active_start_date=2025-04-01&business_line=&category=Indoor+Equipment&category=Indoor_Equipment-Strength&cohort=&compare_with_current_date=1&compare_with_current_month=1&consider_active_time=1&consider_city=0&coupon_code=&current_month_active_vs_expired=&current_month_trend=1&date_filter=Month&date_of_month_end_date=&date_of_month_start_date=&first_membership_created_end_date=&first_membership_created_start_date=&is_freebie_order=1&is_fs_member=1&membership_created_end_date=&membership_created_start_date=&month_end_date=&month_start_date=&no_of_month=2&order_end_date=2026-01-31&order_start_date=2026-01-01&service_type=&source=&store_name=&tab=207-visualization&twelve_month_trend=1,dashboard,dashboard-3604,3604,Cross Sell Dashboard,63726,Source Wise Cross Sales,,0,cte,,final_data,final_data,unresolved,,query_sql|metadata_json|raw_csv|output_preview_html|lineage_preview_html,,Relation not found in local dbt manifest.
25,https://metabase.curefit.co/dashboard/3604-cross-sell-dashboard?active_end_date=2026-01-31&active_start_date=2025-04-01&business_line=&category=Indoor+Equipment&category=Indoor_Equipment-Strength&cohort=&compare_with_current_date=1&compare_with_current_month=1&consider_active_time=1&consider_city=0&coupon_code=&current_month_active_vs_expired=&current_month_trend=1&date_filter=Month&date_of_month_end_date=&date_of_month_start_date=&first_membership_created_end_date=&first_membership_created_start_date=&is_freebie_order=1&is_fs_member=1&membership_created_end_date=&membership_created_start_date=&month_end_date=&month_start_date=&no_of_month=2&order_end_date=2026-01-31&order_start_date=2026-01-01&service_type=&source=&store_name=&tab=207-visualization&twelve_month_trend=1,dashboard,dashboard-3604,3604,Cross Sell Dashboard,63733,New VS Repeat GMV  Summary  – Last 12 Months,,0,table,dwh_fitness_metrics,cross_sell_orders,dwh_fitness_metrics.cross_sell_orders,unresolved,,query_sql|metadata_json|raw_csv|output_preview_html|lineage_preview_html,,Relation not found in local dbt manifest.
25,https://metabase.curefit.co/dashboard/3604-cross-sell-dashboard?active_end_date=2026-01-31&active_start_date=2025-04-01&business_line=&category=Indoor+Equipment&category=Indoor_Equipment-Strength&cohort=&compare_with_current_date=1&compare_with_current_month=1&consider_active_time=1&consider_city=0&coupon_code=&current_month_active_vs_expired=&current_month_trend=1&date_filter=Month&date_of_month_end_date=&date_of_month_start_date=&first_membership_created_end_date=&first_membership_created_start_date=&is_freebie_order=1&is_fs_member=1&membership_created_end_date=&membership_created_start_date=&month_end_date=&month_start_date=&no_of_month=2&order_end_date=2026-01-31&order_start_date=2026-01-01&service_type=&source=&store_name=&tab=207-visualization&twelve_month_trend=1,dashboard,dashboard-3604,3604,Cross Sell Dashboard,63727,Service_Type  Wise Cross Sales,,0,table,dwh_fitness_metrics,cross_sell_orders,dwh_fitness_metrics.cross_sell_orders,unresolved,,query_sql|metadata_json|raw_csv|output_preview_html|lineage_preview_html,,Relation not found in local dbt manifest.
25,https://metabase.curefit.co/dashboard/3604-cross-sell-dashboard?active_end_date=2026-01-31&active_start_date=2025-04-01&business_line=&category=Indoor+Equipment&category=Indoor_Equipment-Strength&cohort=&compare_with_current_date=1&compare_with_current_month=1&consider_active_time=1&consider_city=0&coupon_code=&current_month_active_vs_expired=&current_month_trend=1&date_filter=Month&date_of_month_end_date=&date_of_month_start_date=&first_membership_created_end_date=&first_membership_created_start_date=&is_freebie_order=1&is_fs_member=1&membership_created_end_date=&membership_created_start_date=&month_end_date=&month_start_date=&no_of_month=2&order_end_date=2026-01-31&order_start_date=2026-01-01&service_type=&source=&store_name=&tab=207-visualization&twelve_month_trend=1,dashboard,dashboard-3604,3604,Cross Sell Dashboard,63727,Service_Type  Wise Cross Sales,,0,cte,,final_data,final_data,unresolved,,query_sql|metadata_json|raw_csv|output_preview_html|lineage_preview_html,,Relation not found in local dbt manifest.
25,https://metabase.curefit.co/dashboard/3604-cross-sell-dashboard?active_end_date=2026-01-31&active_start_date=2025-04-01&business_line=&category=Indoor+Equipment&category=Indoor_Equipment-Strength&cohort=&compare_with_current_date=1&compare_with_current_month=1&consider_active_time=1&consider_city=0&coupon_code=&current_month_active_vs_expired=&current_month_trend=1&date_filter=Month&date_of_month_end_date=&date_of_month_start_date=&first_membership_created_end_date=&first_membership_created_start_date=&is_freebie_order=1&is_fs_member=1&membership_created_end_date=&membership_created_start_date=&month_end_date=&month_start_date=&no_of_month=2&order_end_date=2026-01-31&order_start_date=2026-01-01&service_type=&source=&store_name=&tab=207-visualization&twelve_month_trend=1,dashboard,dashboard-3604,3604,Cross Sell Dashboard,63738,Cohort  Wise Cross Sales,,0,table,dwh_fitness_metrics,cross_sell_orders,dwh_fitness_metrics.cross_sell_orders,unresolved,,query_sql|metadata_json|raw_csv|output_preview_html|lineage_preview_html,,Relation not found in local dbt manifest.
25,https://metabase.curefit.co/dashboard/3604-cross-sell-dashboard?active_end_date=2026-01-31&active_start_date=2025-04-01&business_line=&category=Indoor+Equipment&category=Indoor_Equipment-Strength&cohort=&compare_with_current_date=1&compare_with_current_month=1&consider_active_time=1&consider_city=0&coupon_code=&current_month_active_vs_expired=&current_month_trend=1&date_filter=Month&date_of_month_end_date=&date_of_month_start_date=&first_membership_created_end_date=&first_membership_created_start_date=&is_freebie_order=1&is_fs_member=1&membership_created_end_date=&membership_created_start_date=&month_end_date=&month_start_date=&no_of_month=2&order_end_date=2026-01-31&order_start_date=2026-01-01&service_type=&source=&store_name=&tab=207-visualization&twelve_month_trend=1,dashboard,dashboard-3604,3604,Cross Sell Dashboard,63738,Cohort  Wise Cross Sales,,0,cte,,final_data,final_data,unresolved,,query_sql|metadata_json|raw_csv|output_preview_html|lineage_preview_html,,Relation not found in local dbt manifest.
25,https://metabase.curefit.co/dashboard/3604-cross-sell-dashboard?active_end_date=2026-01-31&active_start_date=2025-04-01&business_line=&category=Indoor+Equipment&category=Indoor_Equipment-Strength&cohort=&compare_with_current_date=1&compare_with_current_month=1&consider_active_time=1&consider_city=0&coupon_code=&current_month_active_vs_expired=&current_month_trend=1&date_filter=Month&date_of_month_end_date=&date_of_month_start_date=&first_membership_created_end_date=&first_membership_created_start_date=&is_freebie_order=1&is_fs_member=1&membership_created_end_date=&membership_created_start_date=&month_end_date=&month_start_date=&no_of_month=2&order_end_date=2026-01-31&order_start_date=2026-01-01&service_type=&source=&store_name=&tab=207-visualization&twelve_month_trend=1,dashboard,dashboard-3604,3604,Cross Sell Dashboard,63786,Category Wise Cross Sales,,0,table,dwh_fitness_metrics,cross_sell_orders,dwh_fitness_metrics.cross_sell_orders,unresolved,,query_sql|metadata_json|raw_csv|output_preview_html|lineage_preview_html,,Relation not found in local dbt manifest.
25,https://metabase.curefit.co/dashboard/3604-cross-sell-dashboard?active_end_date=2026-01-31&active_start_date=2025-04-01&business_line=&category=Indoor+Equipment&category=Indoor_Equipment-Strength&cohort=&compare_with_current_date=1&compare_with_current_month=1&consider_active_time=1&consider_city=0&coupon_code=&current_month_active_vs_expired=&current_month_trend=1&date_filter=Month&date_of_month_end_date=&date_of_month_start_date=&first_membership_created_end_date=&first_membership_created_start_date=&is_freebie_order=1&is_fs_member=1&membership_created_end_date=&membership_created_start_date=&month_end_date=&month_start_date=&no_of_month=2&order_end_date=2026-01-31&order_start_date=2026-01-01&service_type=&source=&store_name=&tab=207-visualization&twelve_month_trend=1,dashboard,dashboard-3604,3604,Cross Sell Dashboard,63786,Category Wise Cross Sales,,0,cte,,final_data,final_data,unresolved,,query_sql|metadata_json|raw_csv|output_preview_html|lineage_preview_html,,Relation not found in local dbt manifest.
25,https://metabase.curefit.co/dashboard/3604-cross-sell-dashboard?active_end_date=2026-01-31&active_start_date=2025-04-01&business_line=&category=Indoor+Equipment&category=Indoor_Equipment-Strength&cohort=&compare_with_current_date=1&compare_with_current_month=1&consider_active_time=1&consider_city=0&coupon_code=&current_month_active_vs_expired=&current_month_trend=1&date_filter=Month&date_of_month_end_date=&date_of_month_start_date=&first_membership_created_end_date=&first_membership_created_start_date=&is_freebie_order=1&is_fs_member=1&membership_created_end_date=&membership_created_start_date=&month_end_date=&month_start_date=&no_of_month=2&order_end_date=2026-01-31&order_start_date=2026-01-01&service_type=&source=&store_name=&tab=207-visualization&twelve_month_trend=1,dashboard,dashboard-3604,3604,Cross Sell Dashboard,63735,New VS Repeat GMV  Summary,,0,table,dwh_fitness_metrics,cross_sell_orders,dwh_fitness_metrics.cross_sell_orders,unresolved,,query_sql|metadata_json|raw_csv|output_preview_html|lineage_preview_html,,Relation not found in local dbt manifest.
25,https://metabase.curefit.co/dashboard/3604-cross-sell-dashboard?active_end_date=2026-01-31&active_start_date=2025-04-01&business_line=&category=Indoor+Equipment&category=Indoor_Equipment-Strength&cohort=&compare_with_current_date=1&compare_with_current_month=1&consider_active_time=1&consider_city=0&coupon_code=&current_month_active_vs_expired=&current_month_trend=1&date_filter=Month&date_of_month_end_date=&date_of_month_start_date=&first_membership_created_end_date=&first_membership_created_start_date=&is_freebie_order=1&is_fs_member=1&membership_created_end_date=&membership_created_start_date=&month_end_date=&month_start_date=&no_of_month=2&order_end_date=2026-01-31&order_start_date=2026-01-01&service_type=&source=&store_name=&tab=207-visualization&twelve_month_trend=1,dashboard,dashboard-3604,3604,Cross Sell Dashboard,63760,New VS Repeat  No Of Orders  Summary  – Last 12 Months,,0,table,dwh_fitness_metrics,cross_sell_orders,dwh_fitness_metrics.cross_sell_orders,unresolved,,query_sql|metadata_json|raw_csv|output_preview_html|lineage_preview_html,,Relation not found in local dbt manifest.
25,https://metabase.curefit.co/dashboard/3604-cross-sell-dashboard?active_end_date=2026-01-31&active_start_date=2025-04-01&business_line=&category=Indoor+Equipment&category=Indoor_Equipment-Strength&cohort=&compare_with_current_date=1&compare_with_current_month=1&consider_active_time=1&consider_city=0&coupon_code=&current_month_active_vs_expired=&current_month_trend=1&date_filter=Month&date_of_month_end_date=&date_of_month_start_date=&first_membership_created_end_date=&first_membership_created_start_date=&is_freebie_order=1&is_fs_member=1&membership_created_end_date=&membership_created_start_date=&month_end_date=&month_start_date=&no_of_month=2&order_end_date=2026-01-31&order_start_date=2026-01-01&service_type=&source=&store_name=&tab=207-visualization&twelve_month_trend=1,dashboard,dashboard-3604,3604,Cross Sell Dashboard,63763,Funnel Cross Sales,,0,table,dwh_fitness_metrics,fs_cohorts,dwh_fitness_metrics.fs_cohorts,unresolved,,query_sql|metadata_json|result_blocked,,Relation not found in local dbt manifest.
25,https://metabase.curefit.co/dashboard/3604-cross-sell-dashboard?active_end_date=2026-01-31&active_start_date=2025-04-01&business_line=&category=Indoor+Equipment&category=Indoor_Equipment-Strength&cohort=&compare_with_current_date=1&compare_with_current_month=1&consider_active_time=1&consider_city=0&coupon_code=&current_month_active_vs_expired=&current_month_trend=1&date_filter=Month&date_of_month_end_date=&date_of_month_start_date=&first_membership_created_end_date=&first_membership_created_start_date=&is_freebie_order=1&is_fs_member=1&membership_created_end_date=&membership_created_start_date=&month_end_date=&month_start_date=&no_of_month=2&order_end_date=2026-01-31&order_start_date=2026-01-01&service_type=&source=&store_name=&tab=207-visualization&twelve_month_trend=1,dashboard,dashboard-3604,3604,Cross Sell Dashboard,63763,Funnel Cross Sales,,0,table,gs_d2c.default,cs_dev_users,gs_d2c.default.cs_dev_users,unresolved,,query_sql|metadata_json|result_blocked,,Relation not found in local dbt manifest.
25,https://metabase.curefit.co/dashboard/3604-cross-sell-dashboard?active_end_date=2026-01-31&active_start_date=2025-04-01&business_line=&category=Indoor+Equipment&category=Indoor_Equipment-Strength&cohort=&compare_with_current_date=1&compare_with_current_month=1&consider_active_time=1&consider_city=0&coupon_code=&current_month_active_vs_expired=&current_month_trend=1&date_filter=Month&date_of_month_end_date=&date_of_month_start_date=&first_membership_created_end_date=&first_membership_created_start_date=&is_freebie_order=1&is_fs_member=1&membership_created_end_date=&membership_created_start_date=&month_end_date=&month_start_date=&no_of_month=2&order_end_date=2026-01-31&order_start_date=2026-01-01&service_type=&source=&store_name=&tab=207-visualization&twelve_month_trend=1,dashboard,dashboard-3604,3604,Cross Sell Dashboard,63763,Funnel Cross Sales,,0,table,pk_d2c_cultstore,PAGE_VIEW,pk_d2c_cultstore.PAGE_VIEW,unresolved,,query_sql|metadata_json|result_blocked,,Relation not found in local dbt manifest.
25,https://metabase.curefit.co/dashboard/3604-cross-sell-dashboard?active_end_date=2026-01-31&active_start_date=2025-04-01&business_line=&category=Indoor+Equipment&category=Indoor_Equipment-Strength&cohort=&compare_with_current_date=1&compare_with_current_month=1&consider_active_time=1&consider_city=0&coupon_code=&current_month_active_vs_expired=&current_month_trend=1&date_filter=Month&date_of_month_end_date=&date_of_month_start_date=&first_membership_created_end_date=&first_membership_created_start_date=&is_freebie_order=1&is_fs_member=1&membership_created_end_date=&membership_created_start_date=&month_end_date=&month_start_date=&no_of_month=2&order_end_date=2026-01-31&order_start_date=2026-01-01&service_type=&source=&store_name=&tab=207-visualization&twelve_month_trend=1,dashboard,dashboard-3604,3604,Cross Sell Dashboard,63763,Funnel Cross Sales,,0,cte,,user_details,user_details,unresolved,,query_sql|metadata_json|result_blocked,,Relation not found in local dbt manifest.
25,https://metabase.curefit.co/dashboard/3604-cross-sell-dashboard?active_end_date=2026-01-31&active_start_date=2025-04-01&business_line=&category=Indoor+Equipment&category=Indoor_Equipment-Strength&cohort=&compare_with_current_date=1&compare_with_current_month=1&consider_active_time=1&consider_city=0&coupon_code=&current_month_active_vs_expired=&current_month_trend=1&date_filter=Month&date_of_month_end_date=&date_of_month_start_date=&first_membership_created_end_date=&first_membership_created_start_date=&is_freebie_order=1&is_fs_member=1&membership_created_end_date=&membership_created_start_date=&month_end_date=&month_start_date=&no_of_month=2&order_end_date=2026-01-31&order_start_date=2026-01-01&service_type=&source=&store_name=&tab=207-visualization&twelve_month_trend=1,dashboard,dashboard-3604,3604,Cross Sell Dashboard,63763,Funnel Cross Sales,,0,cte,,shopify_event_data,shopify_event_data,unresolved,,query_sql|metadata_json|result_blocked,,Relation not found in local dbt manifest.
25,https://metabase.curefit.co/dashboard/3604-cross-sell-dashboard?active_end_date=2026-01-31&active_start_date=2025-04-01&business_line=&category=Indoor+Equipment&category=Indoor_Equipment-Strength&cohort=&compare_with_current_date=1&compare_with_current_month=1&consider_active_time=1&consider_city=0&coupon_code=&current_month_active_vs_expired=&current_month_trend=1&date_filter=Month&date_of_month_end_date=&date_of_month_start_date=&first_membership_created_end_date=&first_membership_created_start_date=&is_freebie_order=1&is_fs_member=1&membership_created_end_date=&membership_created_start_date=&month_end_date=&month_start_date=&no_of_month=2&order_end_date=2026-01-31&order_start_date=2026-01-01&service_type=&source=&store_name=&tab=207-visualization&twelve_month_trend=1,dashboard,dashboard-3604,3604,Cross Sell Dashboard,63763,Funnel Cross Sales,,0,table,pk_d2c_cultstore,atc,pk_d2c_cultstore.atc,unresolved,,query_sql|metadata_json|result_blocked,,Relation not found in local dbt manifest.
25,https://metabase.curefit.co/dashboard/3604-cross-sell-dashboard?active_end_date=2026-01-31&active_start_date=2025-04-01&business_line=&category=Indoor+Equipment&category=Indoor_Equipment-Strength&cohort=&compare_with_current_date=1&compare_with_current_month=1&consider_active_time=1&consider_city=0&coupon_code=&current_month_active_vs_expired=&current_month_trend=1&date_filter=Month&date_of_month_end_date=&date_of_month_start_date=&first_membership_created_end_date=&first_membership_created_start_date=&is_freebie_order=1&is_fs_member=1&membership_created_end_date=&membership_created_start_date=&month_end_date=&month_start_date=&no_of_month=2&order_end_date=2026-01-31&order_start_date=2026-01-01&service_type=&source=&store_name=&tab=207-visualization&twelve_month_trend=1,dashboard,dashboard-3604,3604,Cross Sell Dashboard,63763,Funnel Cross Sales,,0,table,pk_d2c_cultstore,checkout_clicked,pk_d2c_cultstore.checkout_clicked,unresolved,,query_sql|metadata_json|result_blocked,,Relation not found in local dbt manifest.
25,https://metabase.curefit.co/dashboard/3604-cross-sell-dashboard?active_end_date=2026-01-31&active_start_date=2025-04-01&business_line=&category=Indoor+Equipment&category=Indoor_Equipment-Strength&cohort=&compare_with_current_date=1&compare_with_current_month=1&consider_active_time=1&consider_city=0&coupon_code=&current_month_active_vs_expired=&current_month_trend=1&date_filter=Month&date_of_month_end_date=&date_of_month_start_date=&first_membership_created_end_date=&first_membership_created_start_date=&is_freebie_order=1&is_fs_member=1&membership_created_end_date=&membership_created_start_date=&month_end_date=&month_start_date=&no_of_month=2&order_end_date=2026-01-31&order_start_date=2026-01-01&service_type=&source=&store_name=&tab=207-visualization&twelve_month_trend=1,dashboard,dashboard-3604,3604,Cross Sell Dashboard,63763,Funnel Cross Sales,,0,table,pk_curefit_app_events,web_cultsport_page_view,pk_curefit_app_events.web_cultsport_page_view,unresolved,,query_sql|metadata_json|result_blocked,,Relation not found in local dbt manifest.
25,https://metabase.curefit.co/dashboard/3604-cross-sell-dashboard?active_end_date=2026-01-31&active_start_date=2025-04-01&business_line=&category=Indoor+Equipment&category=Indoor_Equipment-Strength&cohort=&compare_with_current_date=1&compare_with_current_month=1&consider_active_time=1&consider_city=0&coupon_code=&current_month_active_vs_expired=&current_month_trend=1&date_filter=Month&date_of_month_end_date=&date_of_month_start_date=&first_membership_created_end_date=&first_membership_created_start_date=&is_freebie_order=1&is_fs_member=1&membership_created_end_date=&membership_created_start_date=&month_end_date=&month_start_date=&no_of_month=2&order_end_date=2026-01-31&order_start_date=2026-01-01&service_type=&source=&store_name=&tab=207-visualization&twelve_month_trend=1,dashboard,dashboard-3604,3604,Cross Sell Dashboard,63763,Funnel Cross Sales,,0,cte,,custom_event_data,custom_event_data,unresolved,,query_sql|metadata_json|result_blocked,,Relation not found in local dbt manifest.
25,https://metabase.curefit.co/dashboard/3604-cross-sell-dashboard?active_end_date=2026-01-31&active_start_date=2025-04-01&business_line=&category=Indoor+Equipment&category=Indoor_Equipment-Strength&cohort=&compare_with_current_date=1&compare_with_current_month=1&consider_active_time=1&consider_city=0&coupon_code=&current_month_active_vs_expired=&current_month_trend=1&date_filter=Month&date_of_month_end_date=&date_of_month_start_date=&first_membership_created_end_date=&first_membership_created_start_date=&is_freebie_order=1&is_fs_member=1&membership_created_end_date=&membership_created_start_date=&month_end_date=&month_start_date=&no_of_month=2&order_end_date=2026-01-31&order_start_date=2026-01-01&service_type=&source=&store_name=&tab=207-visualization&twelve_month_trend=1,dashboard,dashboard-3604,3604,Cross Sell Dashboard,63763,Funnel Cross Sales,,0,table,pk_cultsport_app_events,web_cultsport_gearaddtocartclicked,pk_cultsport_app_events.web_cultsport_gearaddtocartclicked,unresolved,,query_sql|metadata_json|result_blocked,,Relation not found in local dbt manifest.
25,https://metabase.curefit.co/dashboard/3604-cross-sell-dashboard?active_end_date=2026-01-31&active_start_date=2025-04-01&business_line=&category=Indoor+Equipment&category=Indoor_Equipment-Strength&cohort=&compare_with_current_date=1&compare_with_current_month=1&consider_active_time=1&consider_city=0&coupon_code=&current_month_active_vs_expired=&current_month_trend=1&date_filter=Month&date_of_month_end_date=&date_of_month_start_date=&first_membership_created_end_date=&first_membership_created_start_date=&is_freebie_order=1&is_fs_member=1&membership_created_end_date=&membership_created_start_date=&month_end_date=&month_start_date=&no_of_month=2&order_end_date=2026-01-31&order_start_date=2026-01-01&service_type=&source=&store_name=&tab=207-visualization&twelve_month_trend=1,dashboard,dashboard-3604,3604,Cross Sell Dashboard,63763,Funnel Cross Sales,,0,table,pk_cultsport_app_events_backend,cultsportcartcheckoutitem_backend,pk_cultsport_app_events_backend.cultsportcartcheckoutitem_backend,unresolved,,query_sql|metadata_json|result_blocked,,Relation not found in local dbt manifest.
25,https://metabase.curefit.co/dashboard/3604-cross-sell-dashboard?active_end_date=2026-01-31&active_start_date=2025-04-01&business_line=&category=Indoor+Equipment&category=Indoor_Equipment-Strength&cohort=&compare_with_current_date=1&compare_with_current_month=1&consider_active_time=1&consider_city=0&coupon_code=&current_month_active_vs_expired=&current_month_trend=1&date_filter=Month&date_of_month_end_date=&date_of_month_start_date=&first_membership_created_end_date=&first_membership_created_start_date=&is_freebie_order=1&is_fs_member=1&membership_created_end_date=&membership_created_start_date=&month_end_date=&month_start_date=&no_of_month=2&order_end_date=2026-01-31&order_start_date=2026-01-01&service_type=&source=&store_name=&tab=207-visualization&twelve_month_trend=1,dashboard,dashboard-3604,3604,Cross Sell Dashboard,63763,Funnel Cross Sales,,0,cte,,shopify_home_page_view,shopify_home_page_view,unresolved,,query_sql|metadata_json|result_blocked,,Relation not found in local dbt manifest.
25,https://metabase.curefit.co/dashboard/3604-cross-sell-dashboard?active_end_date=2026-01-31&active_start_date=2025-04-01&business_line=&category=Indoor+Equipment&category=Indoor_Equipment-Strength&cohort=&compare_with_current_date=1&compare_with_current_month=1&consider_active_time=1&consider_city=0&coupon_code=&current_month_active_vs_expired=&current_month_trend=1&date_filter=Month&date_of_month_end_date=&date_of_month_start_date=&first_membership_created_end_date=&first_membership_created_start_date=&is_freebie_order=1&is_fs_member=1&membership_created_end_date=&membership_created_start_date=&month_end_date=&month_start_date=&no_of_month=2&order_end_date=2026-01-31&order_start_date=2026-01-01&service_type=&source=&store_name=&tab=207-visualization&twelve_month_trend=1,dashboard,dashboard-3604,3604,Cross Sell Dashboard,63763,Funnel Cross Sales,,0,cte,,custom_home_page_view,custom_home_page_view,unresolved,,query_sql|metadata_json|result_blocked,,Relation not found in local dbt manifest.
25,https://metabase.curefit.co/dashboard/3604-cross-sell-dashboard?active_end_date=2026-01-31&active_start_date=2025-04-01&business_line=&category=Indoor+Equipment&category=Indoor_Equipment-Strength&cohort=&compare_with_current_date=1&compare_with_current_month=1&consider_active_time=1&consider_city=0&coupon_code=&current_month_active_vs_expired=&current_month_trend=1&date_filter=Month&date_of_month_end_date=&date_of_month_start_date=&first_membership_created_end_date=&first_membership_created_start_date=&is_freebie_order=1&is_fs_member=1&membership_created_end_date=&membership_created_start_date=&month_end_date=&month_start_date=&no_of_month=2&order_end_date=2026-01-31&order_start_date=2026-01-01&service_type=&source=&store_name=&tab=207-visualization&twelve_month_trend=1,dashboard,dashboard-3604,3604,Cross Sell Dashboard,63763,Funnel Cross Sales,,0,cte,,shopify_plp_page_view,shopify_plp_page_view,unresolved,,query_sql|metadata_json|result_blocked,,Relation not found in local dbt manifest.
25,https://metabase.curefit.co/dashboard/3604-cross-sell-dashboard?active_end_date=2026-01-31&active_start_date=2025-04-01&business_line=&category=Indoor+Equipment&category=Indoor_Equipment-Strength&cohort=&compare_with_current_date=1&compare_with_current_month=1&consider_active_time=1&consider_city=0&coupon_code=&current_month_active_vs_expired=&current_month_trend=1&date_filter=Month&date_of_month_end_date=&date_of_month_start_date=&first_membership_created_end_date=&first_membership_created_start_date=&is_freebie_order=1&is_fs_member=1&membership_created_end_date=&membership_created_start_date=&month_end_date=&month_start_date=&no_of_month=2&order_end_date=2026-01-31&order_start_date=2026-01-01&service_type=&source=&store_name=&tab=207-visualization&twelve_month_trend=1,dashboard,dashboard-3604,3604,Cross Sell Dashboard,63763,Funnel Cross Sales,,0,cte,,custom_plp_page_view,custom_plp_page_view,unresolved,,query_sql|metadata_json|result_blocked,,Relation not found in local dbt manifest.
25,https://metabase.curefit.co/dashboard/3604-cross-sell-dashboard?active_end_date=2026-01-31&active_start_date=2025-04-01&business_line=&category=Indoor+Equipment&category=Indoor_Equipment-Strength&cohort=&compare_with_current_date=1&compare_with_current_month=1&consider_active_time=1&consider_city=0&coupon_code=&current_month_active_vs_expired=&current_month_trend=1&date_filter=Month&date_of_month_end_date=&date_of_month_start_date=&first_membership_created_end_date=&first_membership_created_start_date=&is_freebie_order=1&is_fs_member=1&membership_created_end_date=&membership_created_start_date=&month_end_date=&month_start_date=&no_of_month=2&order_end_date=2026-01-31&order_start_date=2026-01-01&service_type=&source=&store_name=&tab=207-visualization&twelve_month_trend=1,dashboard,dashboard-3604,3604,Cross Sell Dashboard,63763,Funnel Cross Sales,,0,cte,,shopify_pdp_page_view,shopify_pdp_page_view,unresolved,,query_sql|metadata_json|result_blocked,,Relation not found in local dbt manifest.
25,https://metabase.curefit.co/dashboard/3604-cross-sell-dashboard?active_end_date=2026-01-31&active_start_date=2025-04-01&business_line=&category=Indoor+Equipment&category=Indoor_Equipment-Strength&cohort=&compare_with_current_date=1&compare_with_current_month=1&consider_active_time=1&consider_city=0&coupon_code=&current_month_active_vs_expired=&current_month_trend=1&date_filter=Month&date_of_month_end_date=&date_of_month_start_date=&first_membership_created_end_date=&first_membership_created_start_date=&is_freebie_order=1&is_fs_member=1&membership_created_end_date=&membership_created_start_date=&month_end_date=&month_start_date=&no_of_month=2&order_end_date=2026-01-31&order_start_date=2026-01-01&service_type=&source=&store_name=&tab=207-visualization&twelve_month_trend=1,dashboard,dashboard-3604,3604,Cross Sell Dashboard,63763,Funnel Cross Sales,,0,cte,,custom_pdp_page_view,custom_pdp_page_view,unresolved,,query_sql|metadata_json|result_blocked,,Relation not found in local dbt manifest.
25,https://metabase.curefit.co/dashboard/3604-cross-sell-dashboard?active_end_date=2026-01-31&active_start_date=2025-04-01&business_line=&category=Indoor+Equipment&category=Indoor_Equipment-Strength&cohort=&compare_with_current_date=1&compare_with_current_month=1&consider_active_time=1&consider_city=0&coupon_code=&current_month_active_vs_expired=&current_month_trend=1&date_filter=Month&date_of_month_end_date=&date_of_month_start_date=&first_membership_created_end_date=&first_membership_created_start_date=&is_freebie_order=1&is_fs_member=1&membership_created_end_date=&membership_created_start_date=&month_end_date=&month_start_date=&no_of_month=2&order_end_date=2026-01-31&order_start_date=2026-01-01&service_type=&source=&store_name=&tab=207-visualization&twelve_month_trend=1,dashboard,dashboard-3604,3604,Cross Sell Dashboard,63763,Funnel Cross Sales,,0,cte,,shopify_atc,shopify_atc,unresolved,,query_sql|metadata_json|result_blocked,,Relation not found in local dbt manifest.
25,https://metabase.curefit.co/dashboard/3604-cross-sell-dashboard?active_end_date=2026-01-31&active_start_date=2025-04-01&business_line=&category=Indoor+Equipment&category=Indoor_Equipment-Strength&cohort=&compare_with_current_date=1&compare_with_current_month=1&consider_active_time=1&consider_city=0&coupon_code=&current_month_active_vs_expired=&current_month_trend=1&date_filter=Month&date_of_month_end_date=&date_of_month_start_date=&first_membership_created_end_date=&first_membership_created_start_date=&is_freebie_order=1&is_fs_member=1&membership_created_end_date=&membership_created_start_date=&month_end_date=&month_start_date=&no_of_month=2&order_end_date=2026-01-31&order_start_date=2026-01-01&service_type=&source=&store_name=&tab=207-visualization&twelve_month_trend=1,dashboard,dashboard-3604,3604,Cross Sell Dashboard,63763,Funnel Cross Sales,,0,cte,,custom_atc,custom_atc,unresolved,,query_sql|metadata_json|result_blocked,,Relation not found in local dbt manifest.
25,https://metabase.curefit.co/dashboard/3604-cross-sell-dashboard?active_end_date=2026-01-31&active_start_date=2025-04-01&business_line=&category=Indoor+Equipment&category=Indoor_Equipment-Strength&cohort=&compare_with_current_date=1&compare_with_current_month=1&consider_active_time=1&consider_city=0&coupon_code=&current_month_active_vs_expired=&current_month_trend=1&date_filter=Month&date_of_month_end_date=&date_of_month_start_date=&first_membership_created_end_date=&first_membership_created_start_date=&is_freebie_order=1&is_fs_member=1&membership_created_end_date=&membership_created_start_date=&month_end_date=&month_start_date=&no_of_month=2&order_end_date=2026-01-31&order_start_date=2026-01-01&service_type=&source=&store_name=&tab=207-visualization&twelve_month_trend=1,dashboard,dashboard-3604,3604,Cross Sell Dashboard,63763,Funnel Cross Sales,,0,cte,,shopify_checkout,shopify_checkout,unresolved,,query_sql|metadata_json|result_blocked,,Relation not found in local dbt manifest.
25,https://metabase.curefit.co/dashboard/3604-cross-sell-dashboard?active_end_date=2026-01-31&active_start_date=2025-04-01&business_line=&category=Indoor+Equipment&category=Indoor_Equipment-Strength&cohort=&compare_with_current_date=1&compare_with_current_month=1&consider_active_time=1&consider_city=0&coupon_code=&current_month_active_vs_expired=&current_month_trend=1&date_filter=Month&date_of_month_end_date=&date_of_month_start_date=&first_membership_created_end_date=&first_membership_created_start_date=&is_freebie_order=1&is_fs_member=1&membership_created_end_date=&membership_created_start_date=&month_end_date=&month_start_date=&no_of_month=2&order_end_date=2026-01-31&order_start_date=2026-01-01&service_type=&source=&store_name=&tab=207-visualization&twelve_month_trend=1,dashboard,dashboard-3604,3604,Cross Sell Dashboard,63763,Funnel Cross Sales,,0,cte,,custom_checkout,custom_checkout,unresolved,,query_sql|metadata_json|result_blocked,,Relation not found in local dbt manifest.
25,https://metabase.curefit.co/dashboard/3604-cross-sell-dashboard?active_end_date=2026-01-31&active_start_date=2025-04-01&business_line=&category=Indoor+Equipment&category=Indoor_Equipment-Strength&cohort=&compare_with_current_date=1&compare_with_current_month=1&consider_active_time=1&consider_city=0&coupon_code=&current_month_active_vs_expired=&current_month_trend=1&date_filter=Month&date_of_month_end_date=&date_of_month_start_date=&first_membership_created_end_date=&first_membership_created_start_date=&is_freebie_order=1&is_fs_member=1&membership_created_end_date=&membership_created_start_date=&month_end_date=&month_start_date=&no_of_month=2&order_end_date=2026-01-31&order_start_date=2026-01-01&service_type=&source=&store_name=&tab=207-visualization&twelve_month_trend=1,dashboard,dashboard-3604,3604,Cross Sell Dashboard,63763,Funnel Cross Sales,,0,table,dwh_fitness_metrics,cross_sell_orders,dwh_fitness_metrics.cross_sell_orders,unresolved,,query_sql|metadata_json|result_blocked,,Relation not found in local dbt manifest.
25,https://metabase.curefit.co/dashboard/3604-cross-sell-dashboard?active_end_date=2026-01-31&active_start_date=2025-04-01&business_line=&category=Indoor+Equipment&category=Indoor_Equipment-Strength&cohort=&compare_with_current_date=1&compare_with_current_month=1&consider_active_time=1&consider_city=0&coupon_code=&current_month_active_vs_expired=&current_month_trend=1&date_filter=Month&date_of_month_end_date=&date_of_month_start_date=&first_membership_created_end_date=&first_membership_created_start_date=&is_freebie_order=1&is_fs_member=1&membership_created_end_date=&membership_created_start_date=&month_end_date=&month_start_date=&no_of_month=2&order_end_date=2026-01-31&order_start_date=2026-01-01&service_type=&source=&store_name=&tab=207-visualization&twelve_month_trend=1,dashboard,dashboard-3604,3604,Cross Sell Dashboard,63763,Funnel Cross Sales,,0,cte,,home_page_view_combined,home_page_view_combined,unresolved,,query_sql|metadata_json|result_blocked,,Relation not found in local dbt manifest.
25,https://metabase.curefit.co/dashboard/3604-cross-sell-dashboard?active_end_date=2026-01-31&active_start_date=2025-04-01&business_line=&category=Indoor+Equipment&category=Indoor_Equipment-Strength&cohort=&compare_with_current_date=1&compare_with_current_month=1&consider_active_time=1&consider_city=0&coupon_code=&current_month_active_vs_expired=&current_month_trend=1&date_filter=Month&date_of_month_end_date=&date_of_month_start_date=&first_membership_created_end_date=&first_membership_created_start_date=&is_freebie_order=1&is_fs_member=1&membership_created_end_date=&membership_created_start_date=&month_end_date=&month_start_date=&no_of_month=2&order_end_date=2026-01-31&order_start_date=2026-01-01&service_type=&source=&store_name=&tab=207-visualization&twelve_month_trend=1,dashboard,dashboard-3604,3604,Cross Sell Dashboard,63763,Funnel Cross Sales,,0,cte,,plp_page_view_combined,plp_page_view_combined,unresolved,,query_sql|metadata_json|result_blocked,,Relation not found in local dbt manifest.
25,https://metabase.curefit.co/dashboard/3604-cross-sell-dashboard?active_end_date=2026-01-31&active_start_date=2025-04-01&business_line=&category=Indoor+Equipment&category=Indoor_Equipment-Strength&cohort=&compare_with_current_date=1&compare_with_current_month=1&consider_active_time=1&consider_city=0&coupon_code=&current_month_active_vs_expired=&current_month_trend=1&date_filter=Month&date_of_month_end_date=&date_of_month_start_date=&first_membership_created_end_date=&first_membership_created_start_date=&is_freebie_order=1&is_fs_member=1&membership_created_end_date=&membership_created_start_date=&month_end_date=&month_start_date=&no_of_month=2&order_end_date=2026-01-31&order_start_date=2026-01-01&service_type=&source=&store_name=&tab=207-visualization&twelve_month_trend=1,dashboard,dashboard-3604,3604,Cross Sell Dashboard,63763,Funnel Cross Sales,,0,cte,,pdp_page_view_combined,pdp_page_view_combined,unresolved,,query_sql|metadata_json|result_blocked,,Relation not found in local dbt manifest.
25,https://metabase.curefit.co/dashboard/3604-cross-sell-dashboard?active_end_date=2026-01-31&active_start_date=2025-04-01&business_line=&category=Indoor+Equipment&category=Indoor_Equipment-Strength&cohort=&compare_with_current_date=1&compare_with_current_month=1&consider_active_time=1&consider_city=0&coupon_code=&current_month_active_vs_expired=&current_month_trend=1&date_filter=Month&date_of_month_end_date=&date_of_month_start_date=&first_membership_created_end_date=&first_membership_created_start_date=&is_freebie_order=1&is_fs_member=1&membership_created_end_date=&membership_created_start_date=&month_end_date=&month_start_date=&no_of_month=2&order_end_date=2026-01-31&order_start_date=2026-01-01&service_type=&source=&store_name=&tab=207-visualization&twelve_month_trend=1,dashboard,dashboard-3604,3604,Cross Sell Dashboard,63763,Funnel Cross Sales,,0,cte,,atc_combined,atc_combined,unresolved,,query_sql|metadata_json|result_blocked,,Relation not found in local dbt manifest.
25,https://metabase.curefit.co/dashboard/3604-cross-sell-dashboard?active_end_date=2026-01-31&active_start_date=2025-04-01&business_line=&category=Indoor+Equipment&category=Indoor_Equipment-Strength&cohort=&compare_with_current_date=1&compare_with_current_month=1&consider_active_time=1&consider_city=0&coupon_code=&current_month_active_vs_expired=&current_month_trend=1&date_filter=Month&date_of_month_end_date=&date_of_month_start_date=&first_membership_created_end_date=&first_membership_created_start_date=&is_freebie_order=1&is_fs_member=1&membership_created_end_date=&membership_created_start_date=&month_end_date=&month_start_date=&no_of_month=2&order_end_date=2026-01-31&order_start_date=2026-01-01&service_type=&source=&store_name=&tab=207-visualization&twelve_month_trend=1,dashboard,dashboard-3604,3604,Cross Sell Dashboard,63763,Funnel Cross Sales,,0,cte,,checkout_combined,checkout_combined,unresolved,,query_sql|metadata_json|result_blocked,,Relation not found in local dbt manifest.
25,https://metabase.curefit.co/dashboard/3604-cross-sell-dashboard?active_end_date=2026-01-31&active_start_date=2025-04-01&business_line=&category=Indoor+Equipment&category=Indoor_Equipment-Strength&cohort=&compare_with_current_date=1&compare_with_current_month=1&consider_active_time=1&consider_city=0&coupon_code=&current_month_active_vs_expired=&current_month_trend=1&date_filter=Month&date_of_month_end_date=&date_of_month_start_date=&first_membership_created_end_date=&first_membership_created_start_date=&is_freebie_order=1&is_fs_member=1&membership_created_end_date=&membership_created_start_date=&month_end_date=&month_start_date=&no_of_month=2&order_end_date=2026-01-31&order_start_date=2026-01-01&service_type=&source=&store_name=&tab=207-visualization&twelve_month_trend=1,dashboard,dashboard-3604,3604,Cross Sell Dashboard,63763,Funnel Cross Sales,,0,cte,,order_data,order_data,unresolved,,query_sql|metadata_json|result_blocked,,Relation not found in local dbt manifest.
25,https://metabase.curefit.co/dashboard/3604-cross-sell-dashboard?active_end_date=2026-01-31&active_start_date=2025-04-01&business_line=&category=Indoor+Equipment&category=Indoor_Equipment-Strength&cohort=&compare_with_current_date=1&compare_with_current_month=1&consider_active_time=1&consider_city=0&coupon_code=&current_month_active_vs_expired=&current_month_trend=1&date_filter=Month&date_of_month_end_date=&date_of_month_start_date=&first_membership_created_end_date=&first_membership_created_start_date=&is_freebie_order=1&is_fs_member=1&membership_created_end_date=&membership_created_start_date=&month_end_date=&month_start_date=&no_of_month=2&order_end_date=2026-01-31&order_start_date=2026-01-01&service_type=&source=&store_name=&tab=207-visualization&twelve_month_trend=1,dashboard,dashboard-3604,3604,Cross Sell Dashboard,63754,Cohort__Category Wise Cross Sales,,0,table,dwh_fitness_metrics,cross_sell_orders,dwh_fitness_metrics.cross_sell_orders,unresolved,,query_sql|metadata_json|raw_csv|output_preview_html|lineage_preview_html,,Relation not found in local dbt manifest.
25,https://metabase.curefit.co/dashboard/3604-cross-sell-dashboard?active_end_date=2026-01-31&active_start_date=2025-04-01&business_line=&category=Indoor+Equipment&category=Indoor_Equipment-Strength&cohort=&compare_with_current_date=1&compare_with_current_month=1&consider_active_time=1&consider_city=0&coupon_code=&current_month_active_vs_expired=&current_month_trend=1&date_filter=Month&date_of_month_end_date=&date_of_month_start_date=&first_membership_created_end_date=&first_membership_created_start_date=&is_freebie_order=1&is_fs_member=1&membership_created_end_date=&membership_created_start_date=&month_end_date=&month_start_date=&no_of_month=2&order_end_date=2026-01-31&order_start_date=2026-01-01&service_type=&source=&store_name=&tab=207-visualization&twelve_month_trend=1,dashboard,dashboard-3604,3604,Cross Sell Dashboard,63734,Source_Cohort_Category Wise Cross Sell,,0,table,dwh_fitness_metrics,cross_sell_orders,dwh_fitness_metrics.cross_sell_orders,unresolved,,query_sql|metadata_json|raw_csv|output_preview_html|lineage_preview_html,,Relation not found in local dbt manifest.
25,https://metabase.curefit.co/dashboard/3604-cross-sell-dashboard?active_end_date=2026-01-31&active_start_date=2025-04-01&business_line=&category=Indoor+Equipment&category=Indoor_Equipment-Strength&cohort=&compare_with_current_date=1&compare_with_current_month=1&consider_active_time=1&consider_city=0&coupon_code=&current_month_active_vs_expired=&current_month_trend=1&date_filter=Month&date_of_month_end_date=&date_of_month_start_date=&first_membership_created_end_date=&first_membership_created_start_date=&is_freebie_order=1&is_fs_member=1&membership_created_end_date=&membership_created_start_date=&month_end_date=&month_start_date=&no_of_month=2&order_end_date=2026-01-31&order_start_date=2026-01-01&service_type=&source=&store_name=&tab=207-visualization&twelve_month_trend=1,dashboard,dashboard-3604,3604,Cross Sell Dashboard,63767,Top Performing Products In Each Category,,0,table,dwh_fitness_metrics,cross_sell_orders,dwh_fitness_metrics.cross_sell_orders,unresolved,,query_sql|metadata_json|raw_csv|output_preview_html|lineage_preview_html,,Relation not found in local dbt manifest.
25,https://metabase.curefit.co/dashboard/3604-cross-sell-dashboard?active_end_date=2026-01-31&active_start_date=2025-04-01&business_line=&category=Indoor+Equipment&category=Indoor_Equipment-Strength&cohort=&compare_with_current_date=1&compare_with_current_month=1&consider_active_time=1&consider_city=0&coupon_code=&current_month_active_vs_expired=&current_month_trend=1&date_filter=Month&date_of_month_end_date=&date_of_month_start_date=&first_membership_created_end_date=&first_membership_created_start_date=&is_freebie_order=1&is_fs_member=1&membership_created_end_date=&membership_created_start_date=&month_end_date=&month_start_date=&no_of_month=2&order_end_date=2026-01-31&order_start_date=2026-01-01&service_type=&source=&store_name=&tab=207-visualization&twelve_month_trend=1,dashboard,dashboard-3604,3604,Cross Sell Dashboard,63767,Top Performing Products In Each Category,,0,cte,,grouped_data,grouped_data,unresolved,,query_sql|metadata_json|raw_csv|output_preview_html|lineage_preview_html,,Relation not found in local dbt manifest.
25,https://metabase.curefit.co/dashboard/3604-cross-sell-dashboard?active_end_date=2026-01-31&active_start_date=2025-04-01&business_line=&category=Indoor+Equipment&category=Indoor_Equipment-Strength&cohort=&compare_with_current_date=1&compare_with_current_month=1&consider_active_time=1&consider_city=0&coupon_code=&current_month_active_vs_expired=&current_month_trend=1&date_filter=Month&date_of_month_end_date=&date_of_month_start_date=&first_membership_created_end_date=&first_membership_created_start_date=&is_freebie_order=1&is_fs_member=1&membership_created_end_date=&membership_created_start_date=&month_end_date=&month_start_date=&no_of_month=2&order_end_date=2026-01-31&order_start_date=2026-01-01&service_type=&source=&store_name=&tab=207-visualization&twelve_month_trend=1,dashboard,dashboard-3604,3604,Cross Sell Dashboard,63767,Top Performing Products In Each Category,,0,cte,,overall_gmv,overall_gmv,unresolved,,query_sql|metadata_json|raw_csv|output_preview_html|lineage_preview_html,,Relation not found in local dbt manifest.
25,https://metabase.curefit.co/dashboard/3604-cross-sell-dashboard?active_end_date=2026-01-31&active_start_date=2025-04-01&business_line=&category=Indoor+Equipment&category=Indoor_Equipment-Strength&cohort=&compare_with_current_date=1&compare_with_current_month=1&consider_active_time=1&consider_city=0&coupon_code=&current_month_active_vs_expired=&current_month_trend=1&date_filter=Month&date_of_month_end_date=&date_of_month_start_date=&first_membership_created_end_date=&first_membership_created_start_date=&is_freebie_order=1&is_fs_member=1&membership_created_end_date=&membership_created_start_date=&month_end_date=&month_start_date=&no_of_month=2&order_end_date=2026-01-31&order_start_date=2026-01-01&service_type=&source=&store_name=&tab=207-visualization&twelve_month_trend=1,dashboard,dashboard-3604,3604,Cross Sell Dashboard,63767,Top Performing Products In Each Category,,0,cte,,ranked_data,ranked_data,unresolved,,query_sql|metadata_json|raw_csv|output_preview_html|lineage_preview_html,,Relation not found in local dbt manifest.
25,https://metabase.curefit.co/dashboard/3604-cross-sell-dashboard?active_end_date=2026-01-31&active_start_date=2025-04-01&business_line=&category=Indoor+Equipment&category=Indoor_Equipment-Strength&cohort=&compare_with_current_date=1&compare_with_current_month=1&consider_active_time=1&consider_city=0&coupon_code=&current_month_active_vs_expired=&current_month_trend=1&date_filter=Month&date_of_month_end_date=&date_of_month_start_date=&first_membership_created_end_date=&first_membership_created_start_date=&is_freebie_order=1&is_fs_member=1&membership_created_end_date=&membership_created_start_date=&month_end_date=&month_start_date=&no_of_month=2&order_end_date=2026-01-31&order_start_date=2026-01-01&service_type=&source=&store_name=&tab=207-visualization&twelve_month_trend=1,dashboard,dashboard-3604,3604,Cross Sell Dashboard,63781,City Wise Cross Sell,,0,table,dwh_fitness_metrics,cross_sell_orders,dwh_fitness_metrics.cross_sell_orders,unresolved,,query_sql|metadata_json|raw_csv|output_preview_html|lineage_preview_html,,Relation not found in local dbt manifest.
25,https://metabase.curefit.co/dashboard/3604-cross-sell-dashboard?active_end_date=2026-01-31&active_start_date=2025-04-01&business_line=&category=Indoor+Equipment&category=Indoor_Equipment-Strength&cohort=&compare_with_current_date=1&compare_with_current_month=1&consider_active_time=1&consider_city=0&coupon_code=&current_month_active_vs_expired=&current_month_trend=1&date_filter=Month&date_of_month_end_date=&date_of_month_start_date=&first_membership_created_end_date=&first_membership_created_start_date=&is_freebie_order=1&is_fs_member=1&membership_created_end_date=&membership_created_start_date=&month_end_date=&month_start_date=&no_of_month=2&order_end_date=2026-01-31&order_start_date=2026-01-01&service_type=&source=&store_name=&tab=207-visualization&twelve_month_trend=1,dashboard,dashboard-3604,3604,Cross Sell Dashboard,63761,Gender_Age Wise Cross Sell,,0,table,dwh_fitness_metrics,cross_sell_orders,dwh_fitness_metrics.cross_sell_orders,unresolved,,query_sql|metadata_json|raw_csv|output_preview_html|lineage_preview_html,,Relation not found in local dbt manifest.
25,https://metabase.curefit.co/dashboard/3604-cross-sell-dashboard?active_end_date=2026-01-31&active_start_date=2025-04-01&business_line=&category=Indoor+Equipment&category=Indoor_Equipment-Strength&cohort=&compare_with_current_date=1&compare_with_current_month=1&consider_active_time=1&consider_city=0&coupon_code=&current_month_active_vs_expired=&current_month_trend=1&date_filter=Month&date_of_month_end_date=&date_of_month_start_date=&first_membership_created_end_date=&first_membership_created_start_date=&is_freebie_order=1&is_fs_member=1&membership_created_end_date=&membership_created_start_date=&month_end_date=&month_start_date=&no_of_month=2&order_end_date=2026-01-31&order_start_date=2026-01-01&service_type=&source=&store_name=&tab=207-visualization&twelve_month_trend=1,dashboard,dashboard-3604,3604,Cross Sell Dashboard,63761,Gender_Age Wise Cross Sell,,0,cte,,age_calculated,age_calculated,unresolved,,query_sql|metadata_json|raw_csv|output_preview_html|lineage_preview_html,,Relation not found in local dbt manifest.
25,https://metabase.curefit.co/dashboard/3604-cross-sell-dashboard?active_end_date=2026-01-31&active_start_date=2025-04-01&business_line=&category=Indoor+Equipment&category=Indoor_Equipment-Strength&cohort=&compare_with_current_date=1&compare_with_current_month=1&consider_active_time=1&consider_city=0&coupon_code=&current_month_active_vs_expired=&current_month_trend=1&date_filter=Month&date_of_month_end_date=&date_of_month_start_date=&first_membership_created_end_date=&first_membership_created_start_date=&is_freebie_order=1&is_fs_member=1&membership_created_end_date=&membership_created_start_date=&month_end_date=&month_start_date=&no_of_month=2&order_end_date=2026-01-31&order_start_date=2026-01-01&service_type=&source=&store_name=&tab=207-visualization&twelve_month_trend=1,dashboard,dashboard-3604,3604,Cross Sell Dashboard,63729,State Wise Cross Sell,,0,table,dwh_fitness_metrics,cross_sell_orders,dwh_fitness_metrics.cross_sell_orders,unresolved,,query_sql|metadata_json|raw_csv|output_preview_html|lineage_preview_html,,Relation not found in local dbt manifest.
25,https://metabase.curefit.co/dashboard/3604-cross-sell-dashboard?active_end_date=2026-01-31&active_start_date=2025-04-01&business_line=&category=Indoor+Equipment&category=Indoor_Equipment-Strength&cohort=&compare_with_current_date=1&compare_with_current_month=1&consider_active_time=1&consider_city=0&coupon_code=&current_month_active_vs_expired=&current_month_trend=1&date_filter=Month&date_of_month_end_date=&date_of_month_start_date=&first_membership_created_end_date=&first_membership_created_start_date=&is_freebie_order=1&is_fs_member=1&membership_created_end_date=&membership_created_start_date=&month_end_date=&month_start_date=&no_of_month=2&order_end_date=2026-01-31&order_start_date=2026-01-01&service_type=&source=&store_name=&tab=207-visualization&twelve_month_trend=1,dashboard,dashboard-3604,3604,Cross Sell Dashboard,63780,Day_Cohort_Category Wise Cross Sales,,0,table,dwh_fitness_metrics,cross_sell_orders,dwh_fitness_metrics.cross_sell_orders,unresolved,,query_sql|metadata_json|raw_csv|output_preview_html|lineage_preview_html,,Relation not found in local dbt manifest.
25,https://metabase.curefit.co/dashboard/3604-cross-sell-dashboard?active_end_date=2026-01-31&active_start_date=2025-04-01&business_line=&category=Indoor+Equipment&category=Indoor_Equipment-Strength&cohort=&compare_with_current_date=1&compare_with_current_month=1&consider_active_time=1&consider_city=0&coupon_code=&current_month_active_vs_expired=&current_month_trend=1&date_filter=Month&date_of_month_end_date=&date_of_month_start_date=&first_membership_created_end_date=&first_membership_created_start_date=&is_freebie_order=1&is_fs_member=1&membership_created_end_date=&membership_created_start_date=&month_end_date=&month_start_date=&no_of_month=2&order_end_date=2026-01-31&order_start_date=2026-01-01&service_type=&source=&store_name=&tab=207-visualization&twelve_month_trend=1,dashboard,dashboard-3604,3604,Cross Sell Dashboard,63759,Top Performing Products In Each Category Date Wise,,0,table,dwh_fitness_metrics,cross_sell_orders,dwh_fitness_metrics.cross_sell_orders,unresolved,,query_sql|metadata_json|raw_csv|output_preview_html|lineage_preview_html,,Relation not found in local dbt manifest.
25,https://metabase.curefit.co/dashboard/3604-cross-sell-dashboard?active_end_date=2026-01-31&active_start_date=2025-04-01&business_line=&category=Indoor+Equipment&category=Indoor_Equipment-Strength&cohort=&compare_with_current_date=1&compare_with_current_month=1&consider_active_time=1&consider_city=0&coupon_code=&current_month_active_vs_expired=&current_month_trend=1&date_filter=Month&date_of_month_end_date=&date_of_month_start_date=&first_membership_created_end_date=&first_membership_created_start_date=&is_freebie_order=1&is_fs_member=1&membership_created_end_date=&membership_created_start_date=&month_end_date=&month_start_date=&no_of_month=2&order_end_date=2026-01-31&order_start_date=2026-01-01&service_type=&source=&store_name=&tab=207-visualization&twelve_month_trend=1,dashboard,dashboard-3604,3604,Cross Sell Dashboard,63759,Top Performing Products In Each Category Date Wise,,0,cte,,grouped_data,grouped_data,unresolved,,query_sql|metadata_json|raw_csv|output_preview_html|lineage_preview_html,,Relation not found in local dbt manifest.
25,https://metabase.curefit.co/dashboard/3604-cross-sell-dashboard?active_end_date=2026-01-31&active_start_date=2025-04-01&business_line=&category=Indoor+Equipment&category=Indoor_Equipment-Strength&cohort=&compare_with_current_date=1&compare_with_current_month=1&consider_active_time=1&consider_city=0&coupon_code=&current_month_active_vs_expired=&current_month_trend=1&date_filter=Month&date_of_month_end_date=&date_of_month_start_date=&first_membership_created_end_date=&first_membership_created_start_date=&is_freebie_order=1&is_fs_member=1&membership_created_end_date=&membership_created_start_date=&month_end_date=&month_start_date=&no_of_month=2&order_end_date=2026-01-31&order_start_date=2026-01-01&service_type=&source=&store_name=&tab=207-visualization&twelve_month_trend=1,dashboard,dashboard-3604,3604,Cross Sell Dashboard,63759,Top Performing Products In Each Category Date Wise,,0,cte,,overall_gmv,overall_gmv,unresolved,,query_sql|metadata_json|raw_csv|output_preview_html|lineage_preview_html,,Relation not found in local dbt manifest.
25,https://metabase.curefit.co/dashboard/3604-cross-sell-dashboard?active_end_date=2026-01-31&active_start_date=2025-04-01&business_line=&category=Indoor+Equipment&category=Indoor_Equipment-Strength&cohort=&compare_with_current_date=1&compare_with_current_month=1&consider_active_time=1&consider_city=0&coupon_code=&current_month_active_vs_expired=&current_month_trend=1&date_filter=Month&date_of_month_end_date=&date_of_month_start_date=&first_membership_created_end_date=&first_membership_created_start_date=&is_freebie_order=1&is_fs_member=1&membership_created_end_date=&membership_created_start_date=&month_end_date=&month_start_date=&no_of_month=2&order_end_date=2026-01-31&order_start_date=2026-01-01&service_type=&source=&store_name=&tab=207-visualization&twelve_month_trend=1,dashboard,dashboard-3604,3604,Cross Sell Dashboard,63759,Top Performing Products In Each Category Date Wise,,0,cte,,ranked_data,ranked_data,unresolved,,query_sql|metadata_json|raw_csv|output_preview_html|lineage_preview_html,,Relation not found in local dbt manifest.
25,https://metabase.curefit.co/dashboard/3604-cross-sell-dashboard?active_end_date=2026-01-31&active_start_date=2025-04-01&business_line=&category=Indoor+Equipment&category=Indoor_Equipment-Strength&cohort=&compare_with_current_date=1&compare_with_current_month=1&consider_active_time=1&consider_city=0&coupon_code=&current_month_active_vs_expired=&current_month_trend=1&date_filter=Month&date_of_month_end_date=&date_of_month_start_date=&first_membership_created_end_date=&first_membership_created_start_date=&is_freebie_order=1&is_fs_member=1&membership_created_end_date=&membership_created_start_date=&month_end_date=&month_start_date=&no_of_month=2&order_end_date=2026-01-31&order_start_date=2026-01-01&service_type=&source=&store_name=&tab=207-visualization&twelve_month_trend=1,dashboard,dashboard-3604,3604,Cross Sell Dashboard,63748,Cohort__Service_Type_Category Wise Cross Sales,,0,table,dwh_fitness_metrics,cross_sell_orders,dwh_fitness_metrics.cross_sell_orders,unresolved,,query_sql|metadata_json|raw_csv|output_preview_html|lineage_preview_html,,Relation not found in local dbt manifest.
25,https://metabase.curefit.co/dashboard/3604-cross-sell-dashboard?active_end_date=2026-01-31&active_start_date=2025-04-01&business_line=&category=Indoor+Equipment&category=Indoor_Equipment-Strength&cohort=&compare_with_current_date=1&compare_with_current_month=1&consider_active_time=1&consider_city=0&coupon_code=&current_month_active_vs_expired=&current_month_trend=1&date_filter=Month&date_of_month_end_date=&date_of_month_start_date=&first_membership_created_end_date=&first_membership_created_start_date=&is_freebie_order=1&is_fs_member=1&membership_created_end_date=&membership_created_start_date=&month_end_date=&month_start_date=&no_of_month=2&order_end_date=2026-01-31&order_start_date=2026-01-01&service_type=&source=&store_name=&tab=207-visualization&twelve_month_trend=1,dashboard,dashboard-3604,3604,Cross Sell Dashboard,63750,Cohort_Service_Type  Wise Cross Sales,,0,table,dwh_fitness_metrics,cross_sell_orders,dwh_fitness_metrics.cross_sell_orders,unresolved,,query_sql|metadata_json|raw_csv|output_preview_html|lineage_preview_html,,Relation not found in local dbt manifest.
25,https://metabase.curefit.co/dashboard/3604-cross-sell-dashboard?active_end_date=2026-01-31&active_start_date=2025-04-01&business_line=&category=Indoor+Equipment&category=Indoor_Equipment-Strength&cohort=&compare_with_current_date=1&compare_with_current_month=1&consider_active_time=1&consider_city=0&coupon_code=&current_month_active_vs_expired=&current_month_trend=1&date_filter=Month&date_of_month_end_date=&date_of_month_start_date=&first_membership_created_end_date=&first_membership_created_start_date=&is_freebie_order=1&is_fs_member=1&membership_created_end_date=&membership_created_start_date=&month_end_date=&month_start_date=&no_of_month=2&order_end_date=2026-01-31&order_start_date=2026-01-01&service_type=&source=&store_name=&tab=207-visualization&twelve_month_trend=1,dashboard,dashboard-3604,3604,Cross Sell Dashboard,63731,Service_Type_Category  Wise Cross Sell,,0,table,dwh_fitness_metrics,cross_sell_orders,dwh_fitness_metrics.cross_sell_orders,unresolved,,query_sql|metadata_json|raw_csv|output_preview_html|lineage_preview_html,,Relation not found in local dbt manifest.
25,https://metabase.curefit.co/dashboard/3604-cross-sell-dashboard?active_end_date=2026-01-31&active_start_date=2025-04-01&business_line=&category=Indoor+Equipment&category=Indoor_Equipment-Strength&cohort=&compare_with_current_date=1&compare_with_current_month=1&consider_active_time=1&consider_city=0&coupon_code=&current_month_active_vs_expired=&current_month_trend=1&date_filter=Month&date_of_month_end_date=&date_of_month_start_date=&first_membership_created_end_date=&first_membership_created_start_date=&is_freebie_order=1&is_fs_member=1&membership_created_end_date=&membership_created_start_date=&month_end_date=&month_start_date=&no_of_month=2&order_end_date=2026-01-31&order_start_date=2026-01-01&service_type=&source=&store_name=&tab=207-visualization&twelve_month_trend=1,dashboard,dashboard-3604,3604,Cross Sell Dashboard,63746,Gender_Age_Category Wise Cross Sell,,0,table,dwh_fitness_metrics,cross_sell_orders,dwh_fitness_metrics.cross_sell_orders,unresolved,,query_sql|metadata_json|raw_csv|output_preview_html|lineage_preview_html,,Relation not found in local dbt manifest.
25,https://metabase.curefit.co/dashboard/3604-cross-sell-dashboard?active_end_date=2026-01-31&active_start_date=2025-04-01&business_line=&category=Indoor+Equipment&category=Indoor_Equipment-Strength&cohort=&compare_with_current_date=1&compare_with_current_month=1&consider_active_time=1&consider_city=0&coupon_code=&current_month_active_vs_expired=&current_month_trend=1&date_filter=Month&date_of_month_end_date=&date_of_month_start_date=&first_membership_created_end_date=&first_membership_created_start_date=&is_freebie_order=1&is_fs_member=1&membership_created_end_date=&membership_created_start_date=&month_end_date=&month_start_date=&no_of_month=2&order_end_date=2026-01-31&order_start_date=2026-01-01&service_type=&source=&store_name=&tab=207-visualization&twelve_month_trend=1,dashboard,dashboard-3604,3604,Cross Sell Dashboard,63746,Gender_Age_Category Wise Cross Sell,,0,cte,,age_calculated,age_calculated,unresolved,,query_sql|metadata_json|raw_csv|output_preview_html|lineage_preview_html,,Relation not found in local dbt manifest.
25,https://metabase.curefit.co/dashboard/3604-cross-sell-dashboard?active_end_date=2026-01-31&active_start_date=2025-04-01&business_line=&category=Indoor+Equipment&category=Indoor_Equipment-Strength&cohort=&compare_with_current_date=1&compare_with_current_month=1&consider_active_time=1&consider_city=0&coupon_code=&current_month_active_vs_expired=&current_month_trend=1&date_filter=Month&date_of_month_end_date=&date_of_month_start_date=&first_membership_created_end_date=&first_membership_created_start_date=&is_freebie_order=1&is_fs_member=1&membership_created_end_date=&membership_created_start_date=&month_end_date=&month_start_date=&no_of_month=2&order_end_date=2026-01-31&order_start_date=2026-01-01&service_type=&source=&store_name=&tab=207-visualization&twelve_month_trend=1,dashboard,dashboard-3604,3604,Cross Sell Dashboard,63788,Age_Category Wise Cross Sell,,0,table,dwh_fitness_metrics,cross_sell_orders,dwh_fitness_metrics.cross_sell_orders,unresolved,,query_sql|metadata_json|raw_csv|output_preview_html|lineage_preview_html,,Relation not found in local dbt manifest.
25,https://metabase.curefit.co/dashboard/3604-cross-sell-dashboard?active_end_date=2026-01-31&active_start_date=2025-04-01&business_line=&category=Indoor+Equipment&category=Indoor_Equipment-Strength&cohort=&compare_with_current_date=1&compare_with_current_month=1&consider_active_time=1&consider_city=0&coupon_code=&current_month_active_vs_expired=&current_month_trend=1&date_filter=Month&date_of_month_end_date=&date_of_month_start_date=&first_membership_created_end_date=&first_membership_created_start_date=&is_freebie_order=1&is_fs_member=1&membership_created_end_date=&membership_created_start_date=&month_end_date=&month_start_date=&no_of_month=2&order_end_date=2026-01-31&order_start_date=2026-01-01&service_type=&source=&store_name=&tab=207-visualization&twelve_month_trend=1,dashboard,dashboard-3604,3604,Cross Sell Dashboard,63788,Age_Category Wise Cross Sell,,0,cte,,age_calculated,age_calculated,unresolved,,query_sql|metadata_json|raw_csv|output_preview_html|lineage_preview_html,,Relation not found in local dbt manifest.
25,https://metabase.curefit.co/dashboard/3604-cross-sell-dashboard?active_end_date=2026-01-31&active_start_date=2025-04-01&business_line=&category=Indoor+Equipment&category=Indoor_Equipment-Strength&cohort=&compare_with_current_date=1&compare_with_current_month=1&consider_active_time=1&consider_city=0&coupon_code=&current_month_active_vs_expired=&current_month_trend=1&date_filter=Month&date_of_month_end_date=&date_of_month_start_date=&first_membership_created_end_date=&first_membership_created_start_date=&is_freebie_order=1&is_fs_member=1&membership_created_end_date=&membership_created_start_date=&month_end_date=&month_start_date=&no_of_month=2&order_end_date=2026-01-31&order_start_date=2026-01-01&service_type=&source=&store_name=&tab=207-visualization&twelve_month_trend=1,dashboard,dashboard-3604,3604,Cross Sell Dashboard,63774,Gender_Category Wise Cross Sell,,0,table,dwh_fitness_metrics,cross_sell_orders,dwh_fitness_metrics.cross_sell_orders,unresolved,,query_sql|metadata_json|raw_csv|output_preview_html|lineage_preview_html,,Relation not found in local dbt manifest.
25,https://metabase.curefit.co/dashboard/3604-cross-sell-dashboard?active_end_date=2026-01-31&active_start_date=2025-04-01&business_line=&category=Indoor+Equipment&category=Indoor_Equipment-Strength&cohort=&compare_with_current_date=1&compare_with_current_month=1&consider_active_time=1&consider_city=0&coupon_code=&current_month_active_vs_expired=&current_month_trend=1&date_filter=Month&date_of_month_end_date=&date_of_month_start_date=&first_membership_created_end_date=&first_membership_created_start_date=&is_freebie_order=1&is_fs_member=1&membership_created_end_date=&membership_created_start_date=&month_end_date=&month_start_date=&no_of_month=2&order_end_date=2026-01-31&order_start_date=2026-01-01&service_type=&source=&store_name=&tab=207-visualization&twelve_month_trend=1,dashboard,dashboard-3604,3604,Cross Sell Dashboard,63795,Quarter Wise Cross Sell User Count,,0,table,dwh_fitness_metrics,fs_cohorts,dwh_fitness_metrics.fs_cohorts,unresolved,,query_sql|metadata_json|raw_csv|output_preview_html|lineage_preview_html,,Relation not found in local dbt manifest.
25,https://metabase.curefit.co/dashboard/3604-cross-sell-dashboard?active_end_date=2026-01-31&active_start_date=2025-04-01&business_line=&category=Indoor+Equipment&category=Indoor_Equipment-Strength&cohort=&compare_with_current_date=1&compare_with_current_month=1&consider_active_time=1&consider_city=0&coupon_code=&current_month_active_vs_expired=&current_month_trend=1&date_filter=Month&date_of_month_end_date=&date_of_month_start_date=&first_membership_created_end_date=&first_membership_created_start_date=&is_freebie_order=1&is_fs_member=1&membership_created_end_date=&membership_created_start_date=&month_end_date=&month_start_date=&no_of_month=2&order_end_date=2026-01-31&order_start_date=2026-01-01&service_type=&source=&store_name=&tab=207-visualization&twelve_month_trend=1,dashboard,dashboard-3604,3604,Cross Sell Dashboard,63795,Quarter Wise Cross Sell User Count,,0,table,gs_d2c.default,cs_dev_users,gs_d2c.default.cs_dev_users,unresolved,,query_sql|metadata_json|raw_csv|output_preview_html|lineage_preview_html,,Relation not found in local dbt manifest.
25,https://metabase.curefit.co/dashboard/3604-cross-sell-dashboard?active_end_date=2026-01-31&active_start_date=2025-04-01&business_line=&category=Indoor+Equipment&category=Indoor_Equipment-Strength&cohort=&compare_with_current_date=1&compare_with_current_month=1&consider_active_time=1&consider_city=0&coupon_code=&current_month_active_vs_expired=&current_month_trend=1&date_filter=Month&date_of_month_end_date=&date_of_month_start_date=&first_membership_created_end_date=&first_membership_created_start_date=&is_freebie_order=1&is_fs_member=1&membership_created_end_date=&membership_created_start_date=&month_end_date=&month_start_date=&no_of_month=2&order_end_date=2026-01-31&order_start_date=2026-01-01&service_type=&source=&store_name=&tab=207-visualization&twelve_month_trend=1,dashboard,dashboard-3604,3604,Cross Sell Dashboard,63795,Quarter Wise Cross Sell User Count,,0,table,dwh_fitness_metrics,cross_sell_orders,dwh_fitness_metrics.cross_sell_orders,unresolved,,query_sql|metadata_json|raw_csv|output_preview_html|lineage_preview_html,,Relation not found in local dbt manifest.
25,https://metabase.curefit.co/dashboard/3604-cross-sell-dashboard?active_end_date=2026-01-31&active_start_date=2025-04-01&business_line=&category=Indoor+Equipment&category=Indoor_Equipment-Strength&cohort=&compare_with_current_date=1&compare_with_current_month=1&consider_active_time=1&consider_city=0&coupon_code=&current_month_active_vs_expired=&current_month_trend=1&date_filter=Month&date_of_month_end_date=&date_of_month_start_date=&first_membership_created_end_date=&first_membership_created_start_date=&is_freebie_order=1&is_fs_member=1&membership_created_end_date=&membership_created_start_date=&month_end_date=&month_start_date=&no_of_month=2&order_end_date=2026-01-31&order_start_date=2026-01-01&service_type=&source=&store_name=&tab=207-visualization&twelve_month_trend=1,dashboard,dashboard-3604,3604,Cross Sell Dashboard,63795,Quarter Wise Cross Sell User Count,,0,cte,,user_details,user_details,unresolved,,query_sql|metadata_json|raw_csv|output_preview_html|lineage_preview_html,,Relation not found in local dbt manifest.
25,https://metabase.curefit.co/dashboard/3604-cross-sell-dashboard?active_end_date=2026-01-31&active_start_date=2025-04-01&business_line=&category=Indoor+Equipment&category=Indoor_Equipment-Strength&cohort=&compare_with_current_date=1&compare_with_current_month=1&consider_active_time=1&consider_city=0&coupon_code=&current_month_active_vs_expired=&current_month_trend=1&date_filter=Month&date_of_month_end_date=&date_of_month_start_date=&first_membership_created_end_date=&first_membership_created_start_date=&is_freebie_order=1&is_fs_member=1&membership_created_end_date=&membership_created_start_date=&month_end_date=&month_start_date=&no_of_month=2&order_end_date=2026-01-31&order_start_date=2026-01-01&service_type=&source=&store_name=&tab=207-visualization&twelve_month_trend=1,dashboard,dashboard-3604,3604,Cross Sell Dashboard,63795,Quarter Wise Cross Sell User Count,,0,cte,,order_detail,order_detail,unresolved,,query_sql|metadata_json|raw_csv|output_preview_html|lineage_preview_html,,Relation not found in local dbt manifest.
25,https://metabase.curefit.co/dashboard/3604-cross-sell-dashboard?active_end_date=2026-01-31&active_start_date=2025-04-01&business_line=&category=Indoor+Equipment&category=Indoor_Equipment-Strength&cohort=&compare_with_current_date=1&compare_with_current_month=1&consider_active_time=1&consider_city=0&coupon_code=&current_month_active_vs_expired=&current_month_trend=1&date_filter=Month&date_of_month_end_date=&date_of_month_start_date=&first_membership_created_end_date=&first_membership_created_start_date=&is_freebie_order=1&is_fs_member=1&membership_created_end_date=&membership_created_start_date=&month_end_date=&month_start_date=&no_of_month=2&order_end_date=2026-01-31&order_start_date=2026-01-01&service_type=&source=&store_name=&tab=207-visualization&twelve_month_trend=1,dashboard,dashboard-3604,3604,Cross Sell Dashboard,63795,Quarter Wise Cross Sell User Count,,0,cte,,user_count_details,user_count_details,unresolved,,query_sql|metadata_json|raw_csv|output_preview_html|lineage_preview_html,,Relation not found in local dbt manifest.
25,https://metabase.curefit.co/dashboard/3604-cross-sell-dashboard?active_end_date=2026-01-31&active_start_date=2025-04-01&business_line=&category=Indoor+Equipment&category=Indoor_Equipment-Strength&cohort=&compare_with_current_date=1&compare_with_current_month=1&consider_active_time=1&consider_city=0&coupon_code=&current_month_active_vs_expired=&current_month_trend=1&date_filter=Month&date_of_month_end_date=&date_of_month_start_date=&first_membership_created_end_date=&first_membership_created_start_date=&is_freebie_order=1&is_fs_member=1&membership_created_end_date=&membership_created_start_date=&month_end_date=&month_start_date=&no_of_month=2&order_end_date=2026-01-31&order_start_date=2026-01-01&service_type=&source=&store_name=&tab=207-visualization&twelve_month_trend=1,dashboard,dashboard-3604,3604,Cross Sell Dashboard,64443,Current Month Day Wise Cross Sell VS D2C,,0,table,dwh_fitness_metrics,cross_sell_orders,dwh_fitness_metrics.cross_sell_orders,unresolved,,query_sql|metadata_json|raw_csv|output_preview_html|lineage_preview_html,,Relation not found in local dbt manifest.
25,https://metabase.curefit.co/dashboard/3604-cross-sell-dashboard?active_end_date=2026-01-31&active_start_date=2025-04-01&business_line=&category=Indoor+Equipment&category=Indoor_Equipment-Strength&cohort=&compare_with_current_date=1&compare_with_current_month=1&consider_active_time=1&consider_city=0&coupon_code=&current_month_active_vs_expired=&current_month_trend=1&date_filter=Month&date_of_month_end_date=&date_of_month_start_date=&first_membership_created_end_date=&first_membership_created_start_date=&is_freebie_order=1&is_fs_member=1&membership_created_end_date=&membership_created_start_date=&month_end_date=&month_start_date=&no_of_month=2&order_end_date=2026-01-31&order_start_date=2026-01-01&service_type=&source=&store_name=&tab=207-visualization&twelve_month_trend=1,dashboard,dashboard-3604,3604,Cross Sell Dashboard,64443,Current Month Day Wise Cross Sell VS D2C,,0,cte,,final_data,final_data,unresolved,,query_sql|metadata_json|raw_csv|output_preview_html|lineage_preview_html,,Relation not found in local dbt manifest.
25,https://metabase.curefit.co/dashboard/3604-cross-sell-dashboard?active_end_date=2026-01-31&active_start_date=2025-04-01&business_line=&category=Indoor+Equipment&category=Indoor_Equipment-Strength&cohort=&compare_with_current_date=1&compare_with_current_month=1&consider_active_time=1&consider_city=0&coupon_code=&current_month_active_vs_expired=&current_month_trend=1&date_filter=Month&date_of_month_end_date=&date_of_month_start_date=&first_membership_created_end_date=&first_membership_created_start_date=&is_freebie_order=1&is_fs_member=1&membership_created_end_date=&membership_created_start_date=&month_end_date=&month_start_date=&no_of_month=2&order_end_date=2026-01-31&order_start_date=2026-01-01&service_type=&source=&store_name=&tab=207-visualization&twelve_month_trend=1,dashboard,dashboard-3604,3604,Cross Sell Dashboard,65195,EBO - Cross Sell VS D2C,,0,table,dwh_fitness_metrics,cross_sell_orders,dwh_fitness_metrics.cross_sell_orders,unresolved,,query_sql|metadata_json|raw_csv|output_preview_html|lineage_preview_html,,Relation not found in local dbt manifest.
25,https://metabase.curefit.co/dashboard/3604-cross-sell-dashboard?active_end_date=2026-01-31&active_start_date=2025-04-01&business_line=&category=Indoor+Equipment&category=Indoor_Equipment-Strength&cohort=&compare_with_current_date=1&compare_with_current_month=1&consider_active_time=1&consider_city=0&coupon_code=&current_month_active_vs_expired=&current_month_trend=1&date_filter=Month&date_of_month_end_date=&date_of_month_start_date=&first_membership_created_end_date=&first_membership_created_start_date=&is_freebie_order=1&is_fs_member=1&membership_created_end_date=&membership_created_start_date=&month_end_date=&month_start_date=&no_of_month=2&order_end_date=2026-01-31&order_start_date=2026-01-01&service_type=&source=&store_name=&tab=207-visualization&twelve_month_trend=1,dashboard,dashboard-3604,3604,Cross Sell Dashboard,65159,EBO Cross Sell - Majority Service Wise,,0,table,dwh_fitness_metrics,cross_sell_orders,dwh_fitness_metrics.cross_sell_orders,unresolved,,query_sql|metadata_json|raw_csv|output_preview_html|lineage_preview_html,,Relation not found in local dbt manifest.
25,https://metabase.curefit.co/dashboard/3604-cross-sell-dashboard?active_end_date=2026-01-31&active_start_date=2025-04-01&business_line=&category=Indoor+Equipment&category=Indoor_Equipment-Strength&cohort=&compare_with_current_date=1&compare_with_current_month=1&consider_active_time=1&consider_city=0&coupon_code=&current_month_active_vs_expired=&current_month_trend=1&date_filter=Month&date_of_month_end_date=&date_of_month_start_date=&first_membership_created_end_date=&first_membership_created_start_date=&is_freebie_order=1&is_fs_member=1&membership_created_end_date=&membership_created_start_date=&month_end_date=&month_start_date=&no_of_month=2&order_end_date=2026-01-31&order_start_date=2026-01-01&service_type=&source=&store_name=&tab=207-visualization&twelve_month_trend=1,dashboard,dashboard-3604,3604,Cross Sell Dashboard,65138,EBO Cross Sell - Cohort Wise,,0,table,dwh_fitness_metrics,cross_sell_orders,dwh_fitness_metrics.cross_sell_orders,unresolved,,query_sql|metadata_json|raw_csv|output_preview_html|lineage_preview_html,,Relation not found in local dbt manifest.
25,https://metabase.curefit.co/dashboard/3604-cross-sell-dashboard?active_end_date=2026-01-31&active_start_date=2025-04-01&business_line=&category=Indoor+Equipment&category=Indoor_Equipment-Strength&cohort=&compare_with_current_date=1&compare_with_current_month=1&consider_active_time=1&consider_city=0&coupon_code=&current_month_active_vs_expired=&current_month_trend=1&date_filter=Month&date_of_month_end_date=&date_of_month_start_date=&first_membership_created_end_date=&first_membership_created_start_date=&is_freebie_order=1&is_fs_member=1&membership_created_end_date=&membership_created_start_date=&month_end_date=&month_start_date=&no_of_month=2&order_end_date=2026-01-31&order_start_date=2026-01-01&service_type=&source=&store_name=&tab=207-visualization&twelve_month_trend=1,dashboard,dashboard-3604,3604,Cross Sell Dashboard,64117,EBO Cross Sell - Month_Store Wise,,0,table,dwh_fitness_metrics,cross_sell_orders,dwh_fitness_metrics.cross_sell_orders,unresolved,,query_sql|metadata_json|raw_csv|output_preview_html|lineage_preview_html,,Relation not found in local dbt manifest.
25,https://metabase.curefit.co/dashboard/3604-cross-sell-dashboard?active_end_date=2026-01-31&active_start_date=2025-04-01&business_line=&category=Indoor+Equipment&category=Indoor_Equipment-Strength&cohort=&compare_with_current_date=1&compare_with_current_month=1&consider_active_time=1&consider_city=0&coupon_code=&current_month_active_vs_expired=&current_month_trend=1&date_filter=Month&date_of_month_end_date=&date_of_month_start_date=&first_membership_created_end_date=&first_membership_created_start_date=&is_freebie_order=1&is_fs_member=1&membership_created_end_date=&membership_created_start_date=&month_end_date=&month_start_date=&no_of_month=2&order_end_date=2026-01-31&order_start_date=2026-01-01&service_type=&source=&store_name=&tab=207-visualization&twelve_month_trend=1,dashboard,dashboard-3604,3604,Cross Sell Dashboard,65196,EBO - Category Wise Cross Sell VS D2C,,0,table,dwh_fitness_metrics,cross_sell_orders,dwh_fitness_metrics.cross_sell_orders,unresolved,,query_sql|metadata_json|raw_csv|output_preview_html|lineage_preview_html,,Relation not found in local dbt manifest.
25,https://metabase.curefit.co/dashboard/3604-cross-sell-dashboard?active_end_date=2026-01-31&active_start_date=2025-04-01&business_line=&category=Indoor+Equipment&category=Indoor_Equipment-Strength&cohort=&compare_with_current_date=1&compare_with_current_month=1&consider_active_time=1&consider_city=0&coupon_code=&current_month_active_vs_expired=&current_month_trend=1&date_filter=Month&date_of_month_end_date=&date_of_month_start_date=&first_membership_created_end_date=&first_membership_created_start_date=&is_freebie_order=1&is_fs_member=1&membership_created_end_date=&membership_created_start_date=&month_end_date=&month_start_date=&no_of_month=2&order_end_date=2026-01-31&order_start_date=2026-01-01&service_type=&source=&store_name=&tab=207-visualization&twelve_month_trend=1,dashboard,dashboard-3604,3604,Cross Sell Dashboard,65196,EBO - Category Wise Cross Sell VS D2C,,0,cte,,combined_data,combined_data,unresolved,,query_sql|metadata_json|raw_csv|output_preview_html|lineage_preview_html,,Relation not found in local dbt manifest.
25,https://metabase.curefit.co/dashboard/3604-cross-sell-dashboard?active_end_date=2026-01-31&active_start_date=2025-04-01&business_line=&category=Indoor+Equipment&category=Indoor_Equipment-Strength&cohort=&compare_with_current_date=1&compare_with_current_month=1&consider_active_time=1&consider_city=0&coupon_code=&current_month_active_vs_expired=&current_month_trend=1&date_filter=Month&date_of_month_end_date=&date_of_month_start_date=&first_membership_created_end_date=&first_membership_created_start_date=&is_freebie_order=1&is_fs_member=1&membership_created_end_date=&membership_created_start_date=&month_end_date=&month_start_date=&no_of_month=2&order_end_date=2026-01-31&order_start_date=2026-01-01&service_type=&source=&store_name=&tab=207-visualization&twelve_month_trend=1,dashboard,dashboard-3604,3604,Cross Sell Dashboard,65198,EBO Cross Sell - Category Wise,,0,table,dwh_fitness_metrics,cross_sell_orders,dwh_fitness_metrics.cross_sell_orders,unresolved,,query_sql|metadata_json|raw_csv|output_preview_html|lineage_preview_html,,Relation not found in local dbt manifest.
25,https://metabase.curefit.co/dashboard/3604-cross-sell-dashboard?active_end_date=2026-01-31&active_start_date=2025-04-01&business_line=&category=Indoor+Equipment&category=Indoor_Equipment-Strength&cohort=&compare_with_current_date=1&compare_with_current_month=1&consider_active_time=1&consider_city=0&coupon_code=&current_month_active_vs_expired=&current_month_trend=1&date_filter=Month&date_of_month_end_date=&date_of_month_start_date=&first_membership_created_end_date=&first_membership_created_start_date=&is_freebie_order=1&is_fs_member=1&membership_created_end_date=&membership_created_start_date=&month_end_date=&month_start_date=&no_of_month=2&order_end_date=2026-01-31&order_start_date=2026-01-01&service_type=&source=&store_name=&tab=207-visualization&twelve_month_trend=1,dashboard,dashboard-3604,3604,Cross Sell Dashboard,65123,EBO Cross Sell - Store_Category Wise,,0,table,dwh_fitness_metrics,cross_sell_orders,dwh_fitness_metrics.cross_sell_orders,unresolved,,query_sql|metadata_json|raw_csv|output_preview_html|lineage_preview_html,,Relation not found in local dbt manifest.
25,https://metabase.curefit.co/dashboard/3604-cross-sell-dashboard?active_end_date=2026-01-31&active_start_date=2025-04-01&business_line=&category=Indoor+Equipment&category=Indoor_Equipment-Strength&cohort=&compare_with_current_date=1&compare_with_current_month=1&consider_active_time=1&consider_city=0&coupon_code=&current_month_active_vs_expired=&current_month_trend=1&date_filter=Month&date_of_month_end_date=&date_of_month_start_date=&first_membership_created_end_date=&first_membership_created_start_date=&is_freebie_order=1&is_fs_member=1&membership_created_end_date=&membership_created_start_date=&month_end_date=&month_start_date=&no_of_month=2&order_end_date=2026-01-31&order_start_date=2026-01-01&service_type=&source=&store_name=&tab=207-visualization&twelve_month_trend=1,dashboard,dashboard-3604,3604,Cross Sell Dashboard,65124,EBO Cross Sell - Store Wise,,0,table,dwh_fitness_metrics,cross_sell_orders,dwh_fitness_metrics.cross_sell_orders,unresolved,,query_sql|metadata_json|raw_csv|output_preview_html|lineage_preview_html,,Relation not found in local dbt manifest.
25,https://metabase.curefit.co/dashboard/3604-cross-sell-dashboard?active_end_date=2026-01-31&active_start_date=2025-04-01&business_line=&category=Indoor+Equipment&category=Indoor_Equipment-Strength&cohort=&compare_with_current_date=1&compare_with_current_month=1&consider_active_time=1&consider_city=0&coupon_code=&current_month_active_vs_expired=&current_month_trend=1&date_filter=Month&date_of_month_end_date=&date_of_month_start_date=&first_membership_created_end_date=&first_membership_created_start_date=&is_freebie_order=1&is_fs_member=1&membership_created_end_date=&membership_created_start_date=&month_end_date=&month_start_date=&no_of_month=2&order_end_date=2026-01-31&order_start_date=2026-01-01&service_type=&source=&store_name=&tab=207-visualization&twelve_month_trend=1,dashboard,dashboard-3604,3604,Cross Sell Dashboard,65122,EBO Cross Sell - Month_Store_Category Wise,,0,table,dwh_fitness_metrics,cross_sell_orders,dwh_fitness_metrics.cross_sell_orders,unresolved,,query_sql|metadata_json|raw_csv|output_preview_html|lineage_preview_html,,Relation not found in local dbt manifest.
25,https://metabase.curefit.co/dashboard/3604-cross-sell-dashboard?active_end_date=2026-01-31&active_start_date=2025-04-01&business_line=&category=Indoor+Equipment&category=Indoor_Equipment-Strength&cohort=&compare_with_current_date=1&compare_with_current_month=1&consider_active_time=1&consider_city=0&coupon_code=&current_month_active_vs_expired=&current_month_trend=1&date_filter=Month&date_of_month_end_date=&date_of_month_start_date=&first_membership_created_end_date=&first_membership_created_start_date=&is_freebie_order=1&is_fs_member=1&membership_created_end_date=&membership_created_start_date=&month_end_date=&month_start_date=&no_of_month=2&order_end_date=2026-01-31&order_start_date=2026-01-01&service_type=&source=&store_name=&tab=207-visualization&twelve_month_trend=1,dashboard,dashboard-3604,3604,Cross Sell Dashboard,65202,EBO - Cross-Sell Trend – Last 12 Months,,0,table,dwh_fitness_metrics,cross_sell_orders,dwh_fitness_metrics.cross_sell_orders,unresolved,,query_sql|metadata_json|raw_csv|output_preview_html|lineage_preview_html,,Relation not found in local dbt manifest.
25,https://metabase.curefit.co/dashboard/3604-cross-sell-dashboard?active_end_date=2026-01-31&active_start_date=2025-04-01&business_line=&category=Indoor+Equipment&category=Indoor_Equipment-Strength&cohort=&compare_with_current_date=1&compare_with_current_month=1&consider_active_time=1&consider_city=0&coupon_code=&current_month_active_vs_expired=&current_month_trend=1&date_filter=Month&date_of_month_end_date=&date_of_month_start_date=&first_membership_created_end_date=&first_membership_created_start_date=&is_freebie_order=1&is_fs_member=1&membership_created_end_date=&membership_created_start_date=&month_end_date=&month_start_date=&no_of_month=2&order_end_date=2026-01-31&order_start_date=2026-01-01&service_type=&source=&store_name=&tab=207-visualization&twelve_month_trend=1,dashboard,dashboard-3604,3604,Cross Sell Dashboard,65204,Cross Sell VS D2C,,0,table,dwh_fitness_metrics,cross_sell_orders,dwh_fitness_metrics.cross_sell_orders,unresolved,,query_sql|metadata_json|raw_csv|output_preview_html|lineage_preview_html,,Relation not found in local dbt manifest.
25,https://metabase.curefit.co/dashboard/3604-cross-sell-dashboard?active_end_date=2026-01-31&active_start_date=2025-04-01&business_line=&category=Indoor+Equipment&category=Indoor_Equipment-Strength&cohort=&compare_with_current_date=1&compare_with_current_month=1&consider_active_time=1&consider_city=0&coupon_code=&current_month_active_vs_expired=&current_month_trend=1&date_filter=Month&date_of_month_end_date=&date_of_month_start_date=&first_membership_created_end_date=&first_membership_created_start_date=&is_freebie_order=1&is_fs_member=1&membership_created_end_date=&membership_created_start_date=&month_end_date=&month_start_date=&no_of_month=2&order_end_date=2026-01-31&order_start_date=2026-01-01&service_type=&source=&store_name=&tab=207-visualization&twelve_month_trend=1,dashboard,dashboard-3604,3604,Cross Sell Dashboard,66102,Source Wise Cross Sell VS D2C,,0,table,dwh_fitness_metrics,cross_sell_orders,dwh_fitness_metrics.cross_sell_orders,unresolved,,query_sql|metadata_json|raw_csv|output_preview_html|lineage_preview_html,,Relation not found in local dbt manifest.
25,https://metabase.curefit.co/dashboard/3604-cross-sell-dashboard?active_end_date=2026-01-31&active_start_date=2025-04-01&business_line=&category=Indoor+Equipment&category=Indoor_Equipment-Strength&cohort=&compare_with_current_date=1&compare_with_current_month=1&consider_active_time=1&consider_city=0&coupon_code=&current_month_active_vs_expired=&current_month_trend=1&date_filter=Month&date_of_month_end_date=&date_of_month_start_date=&first_membership_created_end_date=&first_membership_created_start_date=&is_freebie_order=1&is_fs_member=1&membership_created_end_date=&membership_created_start_date=&month_end_date=&month_start_date=&no_of_month=2&order_end_date=2026-01-31&order_start_date=2026-01-01&service_type=&source=&store_name=&tab=207-visualization&twelve_month_trend=1,dashboard,dashboard-3604,3604,Cross Sell Dashboard,66102,Source Wise Cross Sell VS D2C,,0,cte,,combined_data,combined_data,unresolved,,query_sql|metadata_json|raw_csv|output_preview_html|lineage_preview_html,,Relation not found in local dbt manifest.
25,https://metabase.curefit.co/dashboard/3604-cross-sell-dashboard?active_end_date=2026-01-31&active_start_date=2025-04-01&business_line=&category=Indoor+Equipment&category=Indoor_Equipment-Strength&cohort=&compare_with_current_date=1&compare_with_current_month=1&consider_active_time=1&consider_city=0&coupon_code=&current_month_active_vs_expired=&current_month_trend=1&date_filter=Month&date_of_month_end_date=&date_of_month_start_date=&first_membership_created_end_date=&first_membership_created_start_date=&is_freebie_order=1&is_fs_member=1&membership_created_end_date=&membership_created_start_date=&month_end_date=&month_start_date=&no_of_month=2&order_end_date=2026-01-31&order_start_date=2026-01-01&service_type=&source=&store_name=&tab=207-visualization&twelve_month_trend=1,dashboard,dashboard-3604,3604,Cross Sell Dashboard,66114,Active VS Expired GMV  Summary,,0,table,dwh_fitness_metrics,cross_sell_orders,dwh_fitness_metrics.cross_sell_orders,unresolved,,query_sql|metadata_json|raw_csv|output_preview_html|lineage_preview_html,,Relation not found in local dbt manifest.
25,https://metabase.curefit.co/dashboard/3604-cross-sell-dashboard?active_end_date=2026-01-31&active_start_date=2025-04-01&business_line=&category=Indoor+Equipment&category=Indoor_Equipment-Strength&cohort=&compare_with_current_date=1&compare_with_current_month=1&consider_active_time=1&consider_city=0&coupon_code=&current_month_active_vs_expired=&current_month_trend=1&date_filter=Month&date_of_month_end_date=&date_of_month_start_date=&first_membership_created_end_date=&first_membership_created_start_date=&is_freebie_order=1&is_fs_member=1&membership_created_end_date=&membership_created_start_date=&month_end_date=&month_start_date=&no_of_month=2&order_end_date=2026-01-31&order_start_date=2026-01-01&service_type=&source=&store_name=&tab=207-visualization&twelve_month_trend=1,dashboard,dashboard-3604,3604,Cross Sell Dashboard,66134,Active VS Expired GMV  Summary  – Last 12 Months,,0,table,dwh_fitness_metrics,cross_sell_orders,dwh_fitness_metrics.cross_sell_orders,unresolved,,query_sql|metadata_json|raw_csv|output_preview_html|lineage_preview_html,,Relation not found in local dbt manifest.
25,https://metabase.curefit.co/dashboard/3604-cross-sell-dashboard?active_end_date=2026-01-31&active_start_date=2025-04-01&business_line=&category=Indoor+Equipment&category=Indoor_Equipment-Strength&cohort=&compare_with_current_date=1&compare_with_current_month=1&consider_active_time=1&consider_city=0&coupon_code=&current_month_active_vs_expired=&current_month_trend=1&date_filter=Month&date_of_month_end_date=&date_of_month_start_date=&first_membership_created_end_date=&first_membership_created_start_date=&is_freebie_order=1&is_fs_member=1&membership_created_end_date=&membership_created_start_date=&month_end_date=&month_start_date=&no_of_month=2&order_end_date=2026-01-31&order_start_date=2026-01-01&service_type=&source=&store_name=&tab=207-visualization&twelve_month_trend=1,dashboard,dashboard-3604,3604,Cross Sell Dashboard,65637,EBO -  Cross Sell Market Size,,0,table,dwh_fitness_mart,center_dim,dwh_fitness_mart.center_dim,source_table,dwh_fitness_mart.center_dim,query_sql|metadata_json|result_blocked,,
25,https://metabase.curefit.co/dashboard/3604-cross-sell-dashboard?active_end_date=2026-01-31&active_start_date=2025-04-01&business_line=&category=Indoor+Equipment&category=Indoor_Equipment-Strength&cohort=&compare_with_current_date=1&compare_with_current_month=1&consider_active_time=1&consider_city=0&coupon_code=&current_month_active_vs_expired=&current_month_trend=1&date_filter=Month&date_of_month_end_date=&date_of_month_start_date=&first_membership_created_end_date=&first_membership_created_start_date=&is_freebie_order=1&is_fs_member=1&membership_created_end_date=&membership_created_start_date=&month_end_date=&month_start_date=&no_of_month=2&order_end_date=2026-01-31&order_start_date=2026-01-01&service_type=&source=&store_name=&tab=207-visualization&twelve_month_trend=1,dashboard,dashboard-3604,3604,Cross Sell Dashboard,65637,EBO -  Cross Sell Market Size,,0,table,gs_d2c.default,ebo_store_location,gs_d2c.default.ebo_store_location,unresolved,,query_sql|metadata_json|result_blocked,,Relation not found in local dbt manifest.
25,https://metabase.curefit.co/dashboard/3604-cross-sell-dashboard?active_end_date=2026-01-31&active_start_date=2025-04-01&business_line=&category=Indoor+Equipment&category=Indoor_Equipment-Strength&cohort=&compare_with_current_date=1&compare_with_current_month=1&consider_active_time=1&consider_city=0&coupon_code=&current_month_active_vs_expired=&current_month_trend=1&date_filter=Month&date_of_month_end_date=&date_of_month_start_date=&first_membership_created_end_date=&first_membership_created_start_date=&is_freebie_order=1&is_fs_member=1&membership_created_end_date=&membership_created_start_date=&month_end_date=&month_start_date=&no_of_month=2&order_end_date=2026-01-31&order_start_date=2026-01-01&service_type=&source=&store_name=&tab=207-visualization&twelve_month_trend=1,dashboard,dashboard-3604,3604,Cross Sell Dashboard,65637,EBO -  Cross Sell Market Size,,0,table,dwh_fitness_metrics,fs_cohorts,dwh_fitness_metrics.fs_cohorts,unresolved,,query_sql|metadata_json|result_blocked,,Relation not found in local dbt manifest.
25,https://metabase.curefit.co/dashboard/3604-cross-sell-dashboard?active_end_date=2026-01-31&active_start_date=2025-04-01&business_line=&category=Indoor+Equipment&category=Indoor_Equipment-Strength&cohort=&compare_with_current_date=1&compare_with_current_month=1&consider_active_time=1&consider_city=0&coupon_code=&current_month_active_vs_expired=&current_month_trend=1&date_filter=Month&date_of_month_end_date=&date_of_month_start_date=&first_membership_created_end_date=&first_membership_created_start_date=&is_freebie_order=1&is_fs_member=1&membership_created_end_date=&membership_created_start_date=&month_end_date=&month_start_date=&no_of_month=2&order_end_date=2026-01-31&order_start_date=2026-01-01&service_type=&source=&store_name=&tab=207-visualization&twelve_month_trend=1,dashboard,dashboard-3604,3604,Cross Sell Dashboard,65637,EBO -  Cross Sell Market Size,,0,table,dwh_fitness_mart,membership_dim,dwh_fitness_mart.membership_dim,source_table,dwh_fitness_mart.membership_dim,query_sql|metadata_json|result_blocked,,
25,https://metabase.curefit.co/dashboard/3604-cross-sell-dashboard?active_end_date=2026-01-31&active_start_date=2025-04-01&business_line=&category=Indoor+Equipment&category=Indoor_Equipment-Strength&cohort=&compare_with_current_date=1&compare_with_current_month=1&consider_active_time=1&consider_city=0&coupon_code=&current_month_active_vs_expired=&current_month_trend=1&date_filter=Month&date_of_month_end_date=&date_of_month_start_date=&first_membership_created_end_date=&first_membership_created_start_date=&is_freebie_order=1&is_fs_member=1&membership_created_end_date=&membership_created_start_date=&month_end_date=&month_start_date=&no_of_month=2&order_end_date=2026-01-31&order_start_date=2026-01-01&service_type=&source=&store_name=&tab=207-visualization&twelve_month_trend=1,dashboard,dashboard-3604,3604,Cross Sell Dashboard,65637,EBO -  Cross Sell Market Size,,0,cte,,fs_cohorts,fs_cohorts,unresolved,,query_sql|metadata_json|result_blocked,,Relation not found in local dbt manifest.
25,https://metabase.curefit.co/dashboard/3604-cross-sell-dashboard?active_end_date=2026-01-31&active_start_date=2025-04-01&business_line=&category=Indoor+Equipment&category=Indoor_Equipment-Strength&cohort=&compare_with_current_date=1&compare_with_current_month=1&consider_active_time=1&consider_city=0&coupon_code=&current_month_active_vs_expired=&current_month_trend=1&date_filter=Month&date_of_month_end_date=&date_of_month_start_date=&first_membership_created_end_date=&first_membership_created_start_date=&is_freebie_order=1&is_fs_member=1&membership_created_end_date=&membership_created_start_date=&month_end_date=&month_start_date=&no_of_month=2&order_end_date=2026-01-31&order_start_date=2026-01-01&service_type=&source=&store_name=&tab=207-visualization&twelve_month_trend=1,dashboard,dashboard-3604,3604,Cross Sell Dashboard,65637,EBO -  Cross Sell Market Size,,0,cte,,membership_dim,membership_dim,derived_model_name_match,dwh_fitness.fitness_attribution_prediction|dwh_fitness_mart.b2b_employee_details|pk_cultprod_cultapp.address|pk_cultprod_cultapp.attendance|pk_cultprod_cultapp.booking|pk_cultprod_cultapp.center|pk_cultprod_cultapp.cultclass|pk_cultprod_cultapp.membership|pk_cultprod_cultapp.membershiptransfer|pk_curefitplatforms_membershipdb.audit_logs|pk_curefitplatforms_membershipdb.benefits|pk_curefitplatforms_membershipdb.memberships|pk_curefitplatforms_membershipdb.pauses|pk_curefitprod_albus_transform.bundle_order_agent_map|pk_curefitprod_albus_transform.mp_bundle_orders|pk_curefitprod_center_service.center|pk_curefitprod_center_service.center_sku|pk_curefitprod_center_service.sku|pk_curefitprod_fitness_accounting_service.user_center_tagging|pk_curefitprod_gymfit.addresses|pk_curefitprod_gymfit.centerofferings|pk_curefitprod_gymfit.centers|pk_curefitprod_gymfit.checkins|pk_curefitprod_gymfit.memberships|pk_curefitprod_gymfit.sellers|pk_curefitprod_yoda.session|pk_prod_coupons_prod.couponconsumptions|pk_prod_curefit_prod.orders|pk_prod_curefit_prod.orders_payments|pk_prod_curefit_prod.orders_payments_refunds|pk_prod_curefit_prod.orders_productsnapshots|pk_prod_enterprise_prod.employeeregistrations|pk_prod_enterprise_prod.programs|pk_prod_jogo_jogo_new.purchases|pk_prod_jogo_jogo_new.subscriptions,query_sql|metadata_json|result_blocked,,
25,https://metabase.curefit.co/dashboard/3604-cross-sell-dashboard?active_end_date=2026-01-31&active_start_date=2025-04-01&business_line=&category=Indoor+Equipment&category=Indoor_Equipment-Strength&cohort=&compare_with_current_date=1&compare_with_current_month=1&consider_active_time=1&consider_city=0&coupon_code=&current_month_active_vs_expired=&current_month_trend=1&date_filter=Month&date_of_month_end_date=&date_of_month_start_date=&first_membership_created_end_date=&first_membership_created_start_date=&is_freebie_order=1&is_fs_member=1&membership_created_end_date=&membership_created_start_date=&month_end_date=&month_start_date=&no_of_month=2&order_end_date=2026-01-31&order_start_date=2026-01-01&service_type=&source=&store_name=&tab=207-visualization&twelve_month_trend=1,dashboard,dashboard-3604,3604,Cross Sell Dashboard,65637,EBO -  Cross Sell Market Size,,0,table,dwh_fitness_mart,booking_fact,dwh_fitness_mart.booking_fact,source_table,dwh_fitness_mart.booking_fact,query_sql|metadata_json|result_blocked,,
25,https://metabase.curefit.co/dashboard/3604-cross-sell-dashboard?active_end_date=2026-01-31&active_start_date=2025-04-01&business_line=&category=Indoor+Equipment&category=Indoor_Equipment-Strength&cohort=&compare_with_current_date=1&compare_with_current_month=1&consider_active_time=1&consider_city=0&coupon_code=&current_month_active_vs_expired=&current_month_trend=1&date_filter=Month&date_of_month_end_date=&date_of_month_start_date=&first_membership_created_end_date=&first_membership_created_start_date=&is_freebie_order=1&is_fs_member=1&membership_created_end_date=&membership_created_start_date=&month_end_date=&month_start_date=&no_of_month=2&order_end_date=2026-01-31&order_start_date=2026-01-01&service_type=&source=&store_name=&tab=207-visualization&twelve_month_trend=1,dashboard,dashboard-3604,3604,Cross Sell Dashboard,65637,EBO -  Cross Sell Market Size,,0,cte,,non_attributes_users,non_attributes_users,unresolved,,query_sql|metadata_json|result_blocked,,Relation not found in local dbt manifest.
25,https://metabase.curefit.co/dashboard/3604-cross-sell-dashboard?active_end_date=2026-01-31&active_start_date=2025-04-01&business_line=&category=Indoor+Equipment&category=Indoor_Equipment-Strength&cohort=&compare_with_current_date=1&compare_with_current_month=1&consider_active_time=1&consider_city=0&coupon_code=&current_month_active_vs_expired=&current_month_trend=1&date_filter=Month&date_of_month_end_date=&date_of_month_start_date=&first_membership_created_end_date=&first_membership_created_start_date=&is_freebie_order=1&is_fs_member=1&membership_created_end_date=&membership_created_start_date=&month_end_date=&month_start_date=&no_of_month=2&order_end_date=2026-01-31&order_start_date=2026-01-01&service_type=&source=&store_name=&tab=207-visualization&twelve_month_trend=1,dashboard,dashboard-3604,3604,Cross Sell Dashboard,65637,EBO -  Cross Sell Market Size,,0,cte,,center_dim,center_dim,derived_model_name_match,pk_cultprod_cultapp.address|pk_cultprod_cultapp.center|pk_curefitprod_center_service.center|pk_curefitprod_center_service.center_sku|pk_curefitprod_center_service.sku|pk_curefitprod_gymfit.addresses|pk_curefitprod_gymfit.centers|pk_curefitprod_gymfit.sellers,query_sql|metadata_json|result_blocked,,
25,https://metabase.curefit.co/dashboard/3604-cross-sell-dashboard?active_end_date=2026-01-31&active_start_date=2025-04-01&business_line=&category=Indoor+Equipment&category=Indoor_Equipment-Strength&cohort=&compare_with_current_date=1&compare_with_current_month=1&consider_active_time=1&consider_city=0&coupon_code=&current_month_active_vs_expired=&current_month_trend=1&date_filter=Month&date_of_month_end_date=&date_of_month_start_date=&first_membership_created_end_date=&first_membership_created_start_date=&is_freebie_order=1&is_fs_member=1&membership_created_end_date=&membership_created_start_date=&month_end_date=&month_start_date=&no_of_month=2&order_end_date=2026-01-31&order_start_date=2026-01-01&service_type=&source=&store_name=&tab=207-visualization&twelve_month_trend=1,dashboard,dashboard-3604,3604,Cross Sell Dashboard,65637,EBO -  Cross Sell Market Size,,0,cte,,ebo_store,ebo_store,unresolved,,query_sql|metadata_json|result_blocked,,Relation not found in local dbt manifest.
25,https://metabase.curefit.co/dashboard/3604-cross-sell-dashboard?active_end_date=2026-01-31&active_start_date=2025-04-01&business_line=&category=Indoor+Equipment&category=Indoor_Equipment-Strength&cohort=&compare_with_current_date=1&compare_with_current_month=1&consider_active_time=1&consider_city=0&coupon_code=&current_month_active_vs_expired=&current_month_trend=1&date_filter=Month&date_of_month_end_date=&date_of_month_start_date=&first_membership_created_end_date=&first_membership_created_start_date=&is_freebie_order=1&is_fs_member=1&membership_created_end_date=&membership_created_start_date=&month_end_date=&month_start_date=&no_of_month=2&order_end_date=2026-01-31&order_start_date=2026-01-01&service_type=&source=&store_name=&tab=207-visualization&twelve_month_trend=1,dashboard,dashboard-3604,3604,Cross Sell Dashboard,65637,EBO -  Cross Sell Market Size,,0,cte,,booking_fact,booking_fact,derived_model_name_match,dwh_fitness_mart.customer_sentiment|pk_cfuserservice_cultapp.user|pk_cultprod_cultapp.attendance|pk_cultprod_cultapp.booking|pk_cultprod_cultapp.city|pk_cultprod_cultapp.cultclass|pk_cultprod_cultapp.cultemployee|pk_cultprod_cultapp.membership|pk_cultprod_cultapp.trainercultclassmap|pk_cultprod_cultapp.waitlist|pk_cultprod_cultapp.workout|pk_cultprod_cultapp.workoutfamilyworkoutmap|pk_curefitprod_center_service.center|pk_curefitprod_gymfit.centerofferings|pk_curefitprod_gymfit.centers|pk_curefitprod_gymfit.checkins|pk_prod_curefit_prod.feedbacks|pk_prod_jogo_jogo_new.all_bookings|pk_prod_jogo_jogo_new.facilities|pk_prod_jogo_jogo_new.facility_sport_mappings|pk_prod_jogo_jogo_new.sports|pk_prod_jogo_jogo_new.users|pk_prod_jogo_jogo_new.waitlist_bookings,query_sql|metadata_json|result_blocked,,
25,https://metabase.curefit.co/dashboard/3604-cross-sell-dashboard?active_end_date=2026-01-31&active_start_date=2025-04-01&business_line=&category=Indoor+Equipment&category=Indoor_Equipment-Strength&cohort=&compare_with_current_date=1&compare_with_current_month=1&consider_active_time=1&consider_city=0&coupon_code=&current_month_active_vs_expired=&current_month_trend=1&date_filter=Month&date_of_month_end_date=&date_of_month_start_date=&first_membership_created_end_date=&first_membership_created_start_date=&is_freebie_order=1&is_fs_member=1&membership_created_end_date=&membership_created_start_date=&month_end_date=&month_start_date=&no_of_month=2&order_end_date=2026-01-31&order_start_date=2026-01-01&service_type=&source=&store_name=&tab=207-visualization&twelve_month_trend=1,dashboard,dashboard-3604,3604,Cross Sell Dashboard,65637,EBO -  Cross Sell Market Size,,0,cte,,filtered_centers,filtered_centers,unresolved,,query_sql|metadata_json|result_blocked,,Relation not found in local dbt manifest.
25,https://metabase.curefit.co/dashboard/3604-cross-sell-dashboard?active_end_date=2026-01-31&active_start_date=2025-04-01&business_line=&category=Indoor+Equipment&category=Indoor_Equipment-Strength&cohort=&compare_with_current_date=1&compare_with_current_month=1&consider_active_time=1&consider_city=0&coupon_code=&current_month_active_vs_expired=&current_month_trend=1&date_filter=Month&date_of_month_end_date=&date_of_month_start_date=&first_membership_created_end_date=&first_membership_created_start_date=&is_freebie_order=1&is_fs_member=1&membership_created_end_date=&membership_created_start_date=&month_end_date=&month_start_date=&no_of_month=2&order_end_date=2026-01-31&order_start_date=2026-01-01&service_type=&source=&store_name=&tab=207-visualization&twelve_month_trend=1,dashboard,dashboard-3604,3604,Cross Sell Dashboard,65637,EBO -  Cross Sell Market Size,,0,cte,,attributed_users,attributed_users,unresolved,,query_sql|metadata_json|result_blocked,,Relation not found in local dbt manifest.
25,https://metabase.curefit.co/dashboard/3604-cross-sell-dashboard?active_end_date=2026-01-31&active_start_date=2025-04-01&business_line=&category=Indoor+Equipment&category=Indoor_Equipment-Strength&cohort=&compare_with_current_date=1&compare_with_current_month=1&consider_active_time=1&consider_city=0&coupon_code=&current_month_active_vs_expired=&current_month_trend=1&date_filter=Month&date_of_month_end_date=&date_of_month_start_date=&first_membership_created_end_date=&first_membership_created_start_date=&is_freebie_order=1&is_fs_member=1&membership_created_end_date=&membership_created_start_date=&month_end_date=&month_start_date=&no_of_month=2&order_end_date=2026-01-31&order_start_date=2026-01-01&service_type=&source=&store_name=&tab=207-visualization&twelve_month_trend=1,dashboard,dashboard-3604,3604,Cross Sell Dashboard,65637,EBO -  Cross Sell Market Size,,0,cte,,filtered_booking_fact,filtered_booking_fact,unresolved,,query_sql|metadata_json|result_blocked,,Relation not found in local dbt manifest.
25,https://metabase.curefit.co/dashboard/3604-cross-sell-dashboard?active_end_date=2026-01-31&active_start_date=2025-04-01&business_line=&category=Indoor+Equipment&category=Indoor_Equipment-Strength&cohort=&compare_with_current_date=1&compare_with_current_month=1&consider_active_time=1&consider_city=0&coupon_code=&current_month_active_vs_expired=&current_month_trend=1&date_filter=Month&date_of_month_end_date=&date_of_month_start_date=&first_membership_created_end_date=&first_membership_created_start_date=&is_freebie_order=1&is_fs_member=1&membership_created_end_date=&membership_created_start_date=&month_end_date=&month_start_date=&no_of_month=2&order_end_date=2026-01-31&order_start_date=2026-01-01&service_type=&source=&store_name=&tab=207-visualization&twelve_month_trend=1,dashboard,dashboard-3604,3604,Cross Sell Dashboard,65637,EBO -  Cross Sell Market Size,,0,table,dwh_fitness_metrics,cross_sell_orders,dwh_fitness_metrics.cross_sell_orders,unresolved,,query_sql|metadata_json|result_blocked,,Relation not found in local dbt manifest.
25,https://metabase.curefit.co/dashboard/3604-cross-sell-dashboard?active_end_date=2026-01-31&active_start_date=2025-04-01&business_line=&category=Indoor+Equipment&category=Indoor_Equipment-Strength&cohort=&compare_with_current_date=1&compare_with_current_month=1&consider_active_time=1&consider_city=0&coupon_code=&current_month_active_vs_expired=&current_month_trend=1&date_filter=Month&date_of_month_end_date=&date_of_month_start_date=&first_membership_created_end_date=&first_membership_created_start_date=&is_freebie_order=1&is_fs_member=1&membership_created_end_date=&membership_created_start_date=&month_end_date=&month_start_date=&no_of_month=2&order_end_date=2026-01-31&order_start_date=2026-01-01&service_type=&source=&store_name=&tab=207-visualization&twelve_month_trend=1,dashboard,dashboard-3604,3604,Cross Sell Dashboard,65637,EBO -  Cross Sell Market Size,,0,cte,,combined_user,combined_user,unresolved,,query_sql|metadata_json|result_blocked,,Relation not found in local dbt manifest.
25,https://metabase.curefit.co/dashboard/3604-cross-sell-dashboard?active_end_date=2026-01-31&active_start_date=2025-04-01&business_line=&category=Indoor+Equipment&category=Indoor_Equipment-Strength&cohort=&compare_with_current_date=1&compare_with_current_month=1&consider_active_time=1&consider_city=0&coupon_code=&current_month_active_vs_expired=&current_month_trend=1&date_filter=Month&date_of_month_end_date=&date_of_month_start_date=&first_membership_created_end_date=&first_membership_created_start_date=&is_freebie_order=1&is_fs_member=1&membership_created_end_date=&membership_created_start_date=&month_end_date=&month_start_date=&no_of_month=2&order_end_date=2026-01-31&order_start_date=2026-01-01&service_type=&source=&store_name=&tab=207-visualization&twelve_month_trend=1,dashboard,dashboard-3604,3604,Cross Sell Dashboard,65637,EBO -  Cross Sell Market Size,,0,cte,,cross_sell_orders,cross_sell_orders,unresolved,,query_sql|metadata_json|result_blocked,,Relation not found in local dbt manifest.
25,https://metabase.curefit.co/dashboard/3604-cross-sell-dashboard?active_end_date=2026-01-31&active_start_date=2025-04-01&business_line=&category=Indoor+Equipment&category=Indoor_Equipment-Strength&cohort=&compare_with_current_date=1&compare_with_current_month=1&consider_active_time=1&consider_city=0&coupon_code=&current_month_active_vs_expired=&current_month_trend=1&date_filter=Month&date_of_month_end_date=&date_of_month_start_date=&first_membership_created_end_date=&first_membership_created_start_date=&is_freebie_order=1&is_fs_member=1&membership_created_end_date=&membership_created_start_date=&month_end_date=&month_start_date=&no_of_month=2&order_end_date=2026-01-31&order_start_date=2026-01-01&service_type=&source=&store_name=&tab=207-visualization&twelve_month_trend=1,dashboard,dashboard-3604,3604,Cross Sell Dashboard,65637,EBO -  Cross Sell Market Size,,0,cte,,fs_cohort_active,fs_cohort_active,unresolved,,query_sql|metadata_json|result_blocked,,Relation not found in local dbt manifest.
25,https://metabase.curefit.co/dashboard/3604-cross-sell-dashboard?active_end_date=2026-01-31&active_start_date=2025-04-01&business_line=&category=Indoor+Equipment&category=Indoor_Equipment-Strength&cohort=&compare_with_current_date=1&compare_with_current_month=1&consider_active_time=1&consider_city=0&coupon_code=&current_month_active_vs_expired=&current_month_trend=1&date_filter=Month&date_of_month_end_date=&date_of_month_start_date=&first_membership_created_end_date=&first_membership_created_start_date=&is_freebie_order=1&is_fs_member=1&membership_created_end_date=&membership_created_start_date=&month_end_date=&month_start_date=&no_of_month=2&order_end_date=2026-01-31&order_start_date=2026-01-01&service_type=&source=&store_name=&tab=207-visualization&twelve_month_trend=1,dashboard,dashboard-3604,3604,Cross Sell Dashboard,65637,EBO -  Cross Sell Market Size,,0,cte,,fs_cohort_expired,fs_cohort_expired,unresolved,,query_sql|metadata_json|result_blocked,,Relation not found in local dbt manifest.
25,https://metabase.curefit.co/dashboard/3604-cross-sell-dashboard?active_end_date=2026-01-31&active_start_date=2025-04-01&business_line=&category=Indoor+Equipment&category=Indoor_Equipment-Strength&cohort=&compare_with_current_date=1&compare_with_current_month=1&consider_active_time=1&consider_city=0&coupon_code=&current_month_active_vs_expired=&current_month_trend=1&date_filter=Month&date_of_month_end_date=&date_of_month_start_date=&first_membership_created_end_date=&first_membership_created_start_date=&is_freebie_order=1&is_fs_member=1&membership_created_end_date=&membership_created_start_date=&month_end_date=&month_start_date=&no_of_month=2&order_end_date=2026-01-31&order_start_date=2026-01-01&service_type=&source=&store_name=&tab=207-visualization&twelve_month_trend=1,dashboard,dashboard-3604,3604,Cross Sell Dashboard,65637,EBO -  Cross Sell Market Size,,0,cte,,cross_sell_user_gmv,cross_sell_user_gmv,unresolved,,query_sql|metadata_json|result_blocked,,Relation not found in local dbt manifest.
25,https://metabase.curefit.co/dashboard/3604-cross-sell-dashboard?active_end_date=2026-01-31&active_start_date=2025-04-01&business_line=&category=Indoor+Equipment&category=Indoor_Equipment-Strength&cohort=&compare_with_current_date=1&compare_with_current_month=1&consider_active_time=1&consider_city=0&coupon_code=&current_month_active_vs_expired=&current_month_trend=1&date_filter=Month&date_of_month_end_date=&date_of_month_start_date=&first_membership_created_end_date=&first_membership_created_start_date=&is_freebie_order=1&is_fs_member=1&membership_created_end_date=&membership_created_start_date=&month_end_date=&month_start_date=&no_of_month=2&order_end_date=2026-01-31&order_start_date=2026-01-01&service_type=&source=&store_name=&tab=207-visualization&twelve_month_trend=1,dashboard,dashboard-3604,3604,Cross Sell Dashboard,63751,Age Wise Cross Sell,,0,table,dwh_fitness_metrics,cross_sell_orders,dwh_fitness_metrics.cross_sell_orders,unresolved,,query_sql|metadata_json|raw_csv|output_preview_html|lineage_preview_html,,Relation not found in local dbt manifest.
25,https://metabase.curefit.co/dashboard/3604-cross-sell-dashboard?active_end_date=2026-01-31&active_start_date=2025-04-01&business_line=&category=Indoor+Equipment&category=Indoor_Equipment-Strength&cohort=&compare_with_current_date=1&compare_with_current_month=1&consider_active_time=1&consider_city=0&coupon_code=&current_month_active_vs_expired=&current_month_trend=1&date_filter=Month&date_of_month_end_date=&date_of_month_start_date=&first_membership_created_end_date=&first_membership_created_start_date=&is_freebie_order=1&is_fs_member=1&membership_created_end_date=&membership_created_start_date=&month_end_date=&month_start_date=&no_of_month=2&order_end_date=2026-01-31&order_start_date=2026-01-01&service_type=&source=&store_name=&tab=207-visualization&twelve_month_trend=1,dashboard,dashboard-3604,3604,Cross Sell Dashboard,63751,Age Wise Cross Sell,,0,cte,,age_calculated,age_calculated,unresolved,,query_sql|metadata_json|raw_csv|output_preview_html|lineage_preview_html,,Relation not found in local dbt manifest.
25,https://metabase.curefit.co/dashboard/3604-cross-sell-dashboard?active_end_date=2026-01-31&active_start_date=2025-04-01&business_line=&category=Indoor+Equipment&category=Indoor_Equipment-Strength&cohort=&compare_with_current_date=1&compare_with_current_month=1&consider_active_time=1&consider_city=0&coupon_code=&current_month_active_vs_expired=&current_month_trend=1&date_filter=Month&date_of_month_end_date=&date_of_month_start_date=&first_membership_created_end_date=&first_membership_created_start_date=&is_freebie_order=1&is_fs_member=1&membership_created_end_date=&membership_created_start_date=&month_end_date=&month_start_date=&no_of_month=2&order_end_date=2026-01-31&order_start_date=2026-01-01&service_type=&source=&store_name=&tab=207-visualization&twelve_month_trend=1,dashboard,dashboard-3604,3604,Cross Sell Dashboard,63751,Age Wise Cross Sell,,0,cte,,final_data,final_data,unresolved,,query_sql|metadata_json|raw_csv|output_preview_html|lineage_preview_html,,Relation not found in local dbt manifest.
25,https://metabase.curefit.co/dashboard/3604-cross-sell-dashboard?active_end_date=2026-01-31&active_start_date=2025-04-01&business_line=&category=Indoor+Equipment&category=Indoor_Equipment-Strength&cohort=&compare_with_current_date=1&compare_with_current_month=1&consider_active_time=1&consider_city=0&coupon_code=&current_month_active_vs_expired=&current_month_trend=1&date_filter=Month&date_of_month_end_date=&date_of_month_start_date=&first_membership_created_end_date=&first_membership_created_start_date=&is_freebie_order=1&is_fs_member=1&membership_created_end_date=&membership_created_start_date=&month_end_date=&month_start_date=&no_of_month=2&order_end_date=2026-01-31&order_start_date=2026-01-01&service_type=&source=&store_name=&tab=207-visualization&twelve_month_trend=1,dashboard,dashboard-3604,3604,Cross Sell Dashboard,63743,Gender Wise Cross Sell,,0,table,dwh_fitness_metrics,cross_sell_orders,dwh_fitness_metrics.cross_sell_orders,unresolved,,query_sql|metadata_json|raw_csv|output_preview_html|lineage_preview_html,,Relation not found in local dbt manifest.
25,https://metabase.curefit.co/dashboard/3604-cross-sell-dashboard?active_end_date=2026-01-31&active_start_date=2025-04-01&business_line=&category=Indoor+Equipment&category=Indoor_Equipment-Strength&cohort=&compare_with_current_date=1&compare_with_current_month=1&consider_active_time=1&consider_city=0&coupon_code=&current_month_active_vs_expired=&current_month_trend=1&date_filter=Month&date_of_month_end_date=&date_of_month_start_date=&first_membership_created_end_date=&first_membership_created_start_date=&is_freebie_order=1&is_fs_member=1&membership_created_end_date=&membership_created_start_date=&month_end_date=&month_start_date=&no_of_month=2&order_end_date=2026-01-31&order_start_date=2026-01-01&service_type=&source=&store_name=&tab=207-visualization&twelve_month_trend=1,dashboard,dashboard-3604,3604,Cross Sell Dashboard,63743,Gender Wise Cross Sell,,0,cte,,final_data,final_data,unresolved,,query_sql|metadata_json|raw_csv|output_preview_html|lineage_preview_html,,Relation not found in local dbt manifest.
25,https://metabase.curefit.co/dashboard/3604-cross-sell-dashboard?active_end_date=2026-01-31&active_start_date=2025-04-01&business_line=&category=Indoor+Equipment&category=Indoor_Equipment-Strength&cohort=&compare_with_current_date=1&compare_with_current_month=1&consider_active_time=1&consider_city=0&coupon_code=&current_month_active_vs_expired=&current_month_trend=1&date_filter=Month&date_of_month_end_date=&date_of_month_start_date=&first_membership_created_end_date=&first_membership_created_start_date=&is_freebie_order=1&is_fs_member=1&membership_created_end_date=&membership_created_start_date=&month_end_date=&month_start_date=&no_of_month=2&order_end_date=2026-01-31&order_start_date=2026-01-01&service_type=&source=&store_name=&tab=207-visualization&twelve_month_trend=1,dashboard,dashboard-3604,3604,Cross Sell Dashboard,68056,Article Type wise comparison,,0,table,dwh_fitness_metrics,cross_sell_orders,dwh_fitness_metrics.cross_sell_orders,unresolved,,query_sql|metadata_json|raw_csv|output_preview_html|lineage_preview_html,,Relation not found in local dbt manifest.
25,https://metabase.curefit.co/dashboard/3604-cross-sell-dashboard?active_end_date=2026-01-31&active_start_date=2025-04-01&business_line=&category=Indoor+Equipment&category=Indoor_Equipment-Strength&cohort=&compare_with_current_date=1&compare_with_current_month=1&consider_active_time=1&consider_city=0&coupon_code=&current_month_active_vs_expired=&current_month_trend=1&date_filter=Month&date_of_month_end_date=&date_of_month_start_date=&first_membership_created_end_date=&first_membership_created_start_date=&is_freebie_order=1&is_fs_member=1&membership_created_end_date=&membership_created_start_date=&month_end_date=&month_start_date=&no_of_month=2&order_end_date=2026-01-31&order_start_date=2026-01-01&service_type=&source=&store_name=&tab=207-visualization&twelve_month_trend=1,dashboard,dashboard-3604,3604,Cross Sell Dashboard,68056,Article Type wise comparison,,0,cte,,cross_sell_orders,cross_sell_orders,unresolved,,query_sql|metadata_json|raw_csv|output_preview_html|lineage_preview_html,,Relation not found in local dbt manifest.
25,https://metabase.curefit.co/dashboard/3604-cross-sell-dashboard?active_end_date=2026-01-31&active_start_date=2025-04-01&business_line=&category=Indoor+Equipment&category=Indoor_Equipment-Strength&cohort=&compare_with_current_date=1&compare_with_current_month=1&consider_active_time=1&consider_city=0&coupon_code=&current_month_active_vs_expired=&current_month_trend=1&date_filter=Month&date_of_month_end_date=&date_of_month_start_date=&first_membership_created_end_date=&first_membership_created_start_date=&is_freebie_order=1&is_fs_member=1&membership_created_end_date=&membership_created_start_date=&month_end_date=&month_start_date=&no_of_month=2&order_end_date=2026-01-31&order_start_date=2026-01-01&service_type=&source=&store_name=&tab=207-visualization&twelve_month_trend=1,dashboard,dashboard-3604,3604,Cross Sell Dashboard,68058,Majority Service Type wise comparison,,0,table,dwh_fitness_metrics,cross_sell_orders,dwh_fitness_metrics.cross_sell_orders,unresolved,,query_sql|metadata_json|raw_csv|output_preview_html|lineage_preview_html,,Relation not found in local dbt manifest.
25,https://metabase.curefit.co/dashboard/3604-cross-sell-dashboard?active_end_date=2026-01-31&active_start_date=2025-04-01&business_line=&category=Indoor+Equipment&category=Indoor_Equipment-Strength&cohort=&compare_with_current_date=1&compare_with_current_month=1&consider_active_time=1&consider_city=0&coupon_code=&current_month_active_vs_expired=&current_month_trend=1&date_filter=Month&date_of_month_end_date=&date_of_month_start_date=&first_membership_created_end_date=&first_membership_created_start_date=&is_freebie_order=1&is_fs_member=1&membership_created_end_date=&membership_created_start_date=&month_end_date=&month_start_date=&no_of_month=2&order_end_date=2026-01-31&order_start_date=2026-01-01&service_type=&source=&store_name=&tab=207-visualization&twelve_month_trend=1,dashboard,dashboard-3604,3604,Cross Sell Dashboard,68058,Majority Service Type wise comparison,,0,cte,,cross_sell_orders,cross_sell_orders,unresolved,,query_sql|metadata_json|raw_csv|output_preview_html|lineage_preview_html,,Relation not found in local dbt manifest.
25,https://metabase.curefit.co/dashboard/3604-cross-sell-dashboard?active_end_date=2026-01-31&active_start_date=2025-04-01&business_line=&category=Indoor+Equipment&category=Indoor_Equipment-Strength&cohort=&compare_with_current_date=1&compare_with_current_month=1&consider_active_time=1&consider_city=0&coupon_code=&current_month_active_vs_expired=&current_month_trend=1&date_filter=Month&date_of_month_end_date=&date_of_month_start_date=&first_membership_created_end_date=&first_membership_created_start_date=&is_freebie_order=1&is_fs_member=1&membership_created_end_date=&membership_created_start_date=&month_end_date=&month_start_date=&no_of_month=2&order_end_date=2026-01-31&order_start_date=2026-01-01&service_type=&source=&store_name=&tab=207-visualization&twelve_month_trend=1,dashboard,dashboard-3604,3604,Cross Sell Dashboard,68061,Month Wise Membership Purchase Count,,0,table,dwh_fitness_metrics,fs_cohorts,dwh_fitness_metrics.fs_cohorts,unresolved,,query_sql|metadata_json|raw_csv|output_preview_html|lineage_preview_html,,Relation not found in local dbt manifest.
25,https://metabase.curefit.co/dashboard/3604-cross-sell-dashboard?active_end_date=2026-01-31&active_start_date=2025-04-01&business_line=&category=Indoor+Equipment&category=Indoor_Equipment-Strength&cohort=&compare_with_current_date=1&compare_with_current_month=1&consider_active_time=1&consider_city=0&coupon_code=&current_month_active_vs_expired=&current_month_trend=1&date_filter=Month&date_of_month_end_date=&date_of_month_start_date=&first_membership_created_end_date=&first_membership_created_start_date=&is_freebie_order=1&is_fs_member=1&membership_created_end_date=&membership_created_start_date=&month_end_date=&month_start_date=&no_of_month=2&order_end_date=2026-01-31&order_start_date=2026-01-01&service_type=&source=&store_name=&tab=207-visualization&twelve_month_trend=1,dashboard,dashboard-3604,3604,Cross Sell Dashboard,68061,Month Wise Membership Purchase Count,,0,cte,,fs_cohorts,fs_cohorts,unresolved,,query_sql|metadata_json|raw_csv|output_preview_html|lineage_preview_html,,Relation not found in local dbt manifest.
25,https://metabase.curefit.co/dashboard/3604-cross-sell-dashboard?active_end_date=2026-01-31&active_start_date=2025-04-01&business_line=&category=Indoor+Equipment&category=Indoor_Equipment-Strength&cohort=&compare_with_current_date=1&compare_with_current_month=1&consider_active_time=1&consider_city=0&coupon_code=&current_month_active_vs_expired=&current_month_trend=1&date_filter=Month&date_of_month_end_date=&date_of_month_start_date=&first_membership_created_end_date=&first_membership_created_start_date=&is_freebie_order=1&is_fs_member=1&membership_created_end_date=&membership_created_start_date=&month_end_date=&month_start_date=&no_of_month=2&order_end_date=2026-01-31&order_start_date=2026-01-01&service_type=&source=&store_name=&tab=207-visualization&twelve_month_trend=1,dashboard,dashboard-3604,3604,Cross Sell Dashboard,68051,Source wise comparison,,0,table,dwh_fitness_metrics,cross_sell_orders,dwh_fitness_metrics.cross_sell_orders,unresolved,,query_sql|metadata_json|raw_csv|output_preview_html|lineage_preview_html,,Relation not found in local dbt manifest.
25,https://metabase.curefit.co/dashboard/3604-cross-sell-dashboard?active_end_date=2026-01-31&active_start_date=2025-04-01&business_line=&category=Indoor+Equipment&category=Indoor_Equipment-Strength&cohort=&compare_with_current_date=1&compare_with_current_month=1&consider_active_time=1&consider_city=0&coupon_code=&current_month_active_vs_expired=&current_month_trend=1&date_filter=Month&date_of_month_end_date=&date_of_month_start_date=&first_membership_created_end_date=&first_membership_created_start_date=&is_freebie_order=1&is_fs_member=1&membership_created_end_date=&membership_created_start_date=&month_end_date=&month_start_date=&no_of_month=2&order_end_date=2026-01-31&order_start_date=2026-01-01&service_type=&source=&store_name=&tab=207-visualization&twelve_month_trend=1,dashboard,dashboard-3604,3604,Cross Sell Dashboard,68051,Source wise comparison,,0,cte,,cross_sell_orders,cross_sell_orders,unresolved,,query_sql|metadata_json|raw_csv|output_preview_html|lineage_preview_html,,Relation not found in local dbt manifest.
25,https://metabase.curefit.co/dashboard/3604-cross-sell-dashboard?active_end_date=2026-01-31&active_start_date=2025-04-01&business_line=&category=Indoor+Equipment&category=Indoor_Equipment-Strength&cohort=&compare_with_current_date=1&compare_with_current_month=1&consider_active_time=1&consider_city=0&coupon_code=&current_month_active_vs_expired=&current_month_trend=1&date_filter=Month&date_of_month_end_date=&date_of_month_start_date=&first_membership_created_end_date=&first_membership_created_start_date=&is_freebie_order=1&is_fs_member=1&membership_created_end_date=&membership_created_start_date=&month_end_date=&month_start_date=&no_of_month=2&order_end_date=2026-01-31&order_start_date=2026-01-01&service_type=&source=&store_name=&tab=207-visualization&twelve_month_trend=1,dashboard,dashboard-3604,3604,Cross Sell Dashboard,68066,Membership Purchase Cohort Wise Count,,0,table,dwh_fitness_metrics,fs_cohorts,dwh_fitness_metrics.fs_cohorts,unresolved,,query_sql|metadata_json|raw_csv|output_preview_html|lineage_preview_html,,Relation not found in local dbt manifest.
25,https://metabase.curefit.co/dashboard/3604-cross-sell-dashboard?active_end_date=2026-01-31&active_start_date=2025-04-01&business_line=&category=Indoor+Equipment&category=Indoor_Equipment-Strength&cohort=&compare_with_current_date=1&compare_with_current_month=1&consider_active_time=1&consider_city=0&coupon_code=&current_month_active_vs_expired=&current_month_trend=1&date_filter=Month&date_of_month_end_date=&date_of_month_start_date=&first_membership_created_end_date=&first_membership_created_start_date=&is_freebie_order=1&is_fs_member=1&membership_created_end_date=&membership_created_start_date=&month_end_date=&month_start_date=&no_of_month=2&order_end_date=2026-01-31&order_start_date=2026-01-01&service_type=&source=&store_name=&tab=207-visualization&twelve_month_trend=1,dashboard,dashboard-3604,3604,Cross Sell Dashboard,68066,Membership Purchase Cohort Wise Count,,0,cte,,fs_cohorts,fs_cohorts,unresolved,,query_sql|metadata_json|raw_csv|output_preview_html|lineage_preview_html,,Relation not found in local dbt manifest.
25,https://metabase.curefit.co/dashboard/3604-cross-sell-dashboard?active_end_date=2026-01-31&active_start_date=2025-04-01&business_line=&category=Indoor+Equipment&category=Indoor_Equipment-Strength&cohort=&compare_with_current_date=1&compare_with_current_month=1&consider_active_time=1&consider_city=0&coupon_code=&current_month_active_vs_expired=&current_month_trend=1&date_filter=Month&date_of_month_end_date=&date_of_month_start_date=&first_membership_created_end_date=&first_membership_created_start_date=&is_freebie_order=1&is_fs_member=1&membership_created_end_date=&membership_created_start_date=&month_end_date=&month_start_date=&no_of_month=2&order_end_date=2026-01-31&order_start_date=2026-01-01&service_type=&source=&store_name=&tab=207-visualization&twelve_month_trend=1,dashboard,dashboard-3604,3604,Cross Sell Dashboard,68050,Platform wise comparison,,0,table,dwh_fitness_metrics,cross_sell_orders,dwh_fitness_metrics.cross_sell_orders,unresolved,,query_sql|metadata_json|raw_csv|output_preview_html|lineage_preview_html,,Relation not found in local dbt manifest.
25,https://metabase.curefit.co/dashboard/3604-cross-sell-dashboard?active_end_date=2026-01-31&active_start_date=2025-04-01&business_line=&category=Indoor+Equipment&category=Indoor_Equipment-Strength&cohort=&compare_with_current_date=1&compare_with_current_month=1&consider_active_time=1&consider_city=0&coupon_code=&current_month_active_vs_expired=&current_month_trend=1&date_filter=Month&date_of_month_end_date=&date_of_month_start_date=&first_membership_created_end_date=&first_membership_created_start_date=&is_freebie_order=1&is_fs_member=1&membership_created_end_date=&membership_created_start_date=&month_end_date=&month_start_date=&no_of_month=2&order_end_date=2026-01-31&order_start_date=2026-01-01&service_type=&source=&store_name=&tab=207-visualization&twelve_month_trend=1,dashboard,dashboard-3604,3604,Cross Sell Dashboard,68050,Platform wise comparison,,0,cte,,cross_sell_orders,cross_sell_orders,unresolved,,query_sql|metadata_json|raw_csv|output_preview_html|lineage_preview_html,,Relation not found in local dbt manifest.
25,https://metabase.curefit.co/dashboard/3604-cross-sell-dashboard?active_end_date=2026-01-31&active_start_date=2025-04-01&business_line=&category=Indoor+Equipment&category=Indoor_Equipment-Strength&cohort=&compare_with_current_date=1&compare_with_current_month=1&consider_active_time=1&consider_city=0&coupon_code=&current_month_active_vs_expired=&current_month_trend=1&date_filter=Month&date_of_month_end_date=&date_of_month_start_date=&first_membership_created_end_date=&first_membership_created_start_date=&is_freebie_order=1&is_fs_member=1&membership_created_end_date=&membership_created_start_date=&month_end_date=&month_start_date=&no_of_month=2&order_end_date=2026-01-31&order_start_date=2026-01-01&service_type=&source=&store_name=&tab=207-visualization&twelve_month_trend=1,dashboard,dashboard-3604,3604,Cross Sell Dashboard,68052,Category wise comparison,,0,table,dwh_fitness_metrics,cross_sell_orders,dwh_fitness_metrics.cross_sell_orders,unresolved,,query_sql|metadata_json|raw_csv|output_preview_html|lineage_preview_html,,Relation not found in local dbt manifest.
25,https://metabase.curefit.co/dashboard/3604-cross-sell-dashboard?active_end_date=2026-01-31&active_start_date=2025-04-01&business_line=&category=Indoor+Equipment&category=Indoor_Equipment-Strength&cohort=&compare_with_current_date=1&compare_with_current_month=1&consider_active_time=1&consider_city=0&coupon_code=&current_month_active_vs_expired=&current_month_trend=1&date_filter=Month&date_of_month_end_date=&date_of_month_start_date=&first_membership_created_end_date=&first_membership_created_start_date=&is_freebie_order=1&is_fs_member=1&membership_created_end_date=&membership_created_start_date=&month_end_date=&month_start_date=&no_of_month=2&order_end_date=2026-01-31&order_start_date=2026-01-01&service_type=&source=&store_name=&tab=207-visualization&twelve_month_trend=1,dashboard,dashboard-3604,3604,Cross Sell Dashboard,68052,Category wise comparison,,0,cte,,cross_sell_orders,cross_sell_orders,unresolved,,query_sql|metadata_json|raw_csv|output_preview_html|lineage_preview_html,,Relation not found in local dbt manifest.
25,https://metabase.curefit.co/dashboard/3604-cross-sell-dashboard?active_end_date=2026-01-31&active_start_date=2025-04-01&business_line=&category=Indoor+Equipment&category=Indoor_Equipment-Strength&cohort=&compare_with_current_date=1&compare_with_current_month=1&consider_active_time=1&consider_city=0&coupon_code=&current_month_active_vs_expired=&current_month_trend=1&date_filter=Month&date_of_month_end_date=&date_of_month_start_date=&first_membership_created_end_date=&first_membership_created_start_date=&is_freebie_order=1&is_fs_member=1&membership_created_end_date=&membership_created_start_date=&month_end_date=&month_start_date=&no_of_month=2&order_end_date=2026-01-31&order_start_date=2026-01-01&service_type=&source=&store_name=&tab=207-visualization&twelve_month_trend=1,dashboard,dashboard-3604,3604,Cross Sell Dashboard,68059,Month Wise Revenue Comparison,,0,table,dwh_fitness_metrics,cross_sell_orders,dwh_fitness_metrics.cross_sell_orders,unresolved,,query_sql|metadata_json|raw_csv|output_preview_html|lineage_preview_html,,Relation not found in local dbt manifest.
25,https://metabase.curefit.co/dashboard/3604-cross-sell-dashboard?active_end_date=2026-01-31&active_start_date=2025-04-01&business_line=&category=Indoor+Equipment&category=Indoor_Equipment-Strength&cohort=&compare_with_current_date=1&compare_with_current_month=1&consider_active_time=1&consider_city=0&coupon_code=&current_month_active_vs_expired=&current_month_trend=1&date_filter=Month&date_of_month_end_date=&date_of_month_start_date=&first_membership_created_end_date=&first_membership_created_start_date=&is_freebie_order=1&is_fs_member=1&membership_created_end_date=&membership_created_start_date=&month_end_date=&month_start_date=&no_of_month=2&order_end_date=2026-01-31&order_start_date=2026-01-01&service_type=&source=&store_name=&tab=207-visualization&twelve_month_trend=1,dashboard,dashboard-3604,3604,Cross Sell Dashboard,68059,Month Wise Revenue Comparison,,0,cte,,cross_sell_orders,cross_sell_orders,unresolved,,query_sql|metadata_json|raw_csv|output_preview_html|lineage_preview_html,,Relation not found in local dbt manifest.
25,https://metabase.curefit.co/dashboard/3604-cross-sell-dashboard?active_end_date=2026-01-31&active_start_date=2025-04-01&business_line=&category=Indoor+Equipment&category=Indoor_Equipment-Strength&cohort=&compare_with_current_date=1&compare_with_current_month=1&consider_active_time=1&consider_city=0&coupon_code=&current_month_active_vs_expired=&current_month_trend=1&date_filter=Month&date_of_month_end_date=&date_of_month_start_date=&first_membership_created_end_date=&first_membership_created_start_date=&is_freebie_order=1&is_fs_member=1&membership_created_end_date=&membership_created_start_date=&month_end_date=&month_start_date=&no_of_month=2&order_end_date=2026-01-31&order_start_date=2026-01-01&service_type=&source=&store_name=&tab=207-visualization&twelve_month_trend=1,dashboard,dashboard-3604,3604,Cross Sell Dashboard,68064,First Membership Purchase Count,,0,table,dwh_fitness_metrics,fs_cohorts,dwh_fitness_metrics.fs_cohorts,unresolved,,query_sql|metadata_json|raw_csv|output_preview_html|lineage_preview_html,,Relation not found in local dbt manifest.
25,https://metabase.curefit.co/dashboard/3604-cross-sell-dashboard?active_end_date=2026-01-31&active_start_date=2025-04-01&business_line=&category=Indoor+Equipment&category=Indoor_Equipment-Strength&cohort=&compare_with_current_date=1&compare_with_current_month=1&consider_active_time=1&consider_city=0&coupon_code=&current_month_active_vs_expired=&current_month_trend=1&date_filter=Month&date_of_month_end_date=&date_of_month_start_date=&first_membership_created_end_date=&first_membership_created_start_date=&is_freebie_order=1&is_fs_member=1&membership_created_end_date=&membership_created_start_date=&month_end_date=&month_start_date=&no_of_month=2&order_end_date=2026-01-31&order_start_date=2026-01-01&service_type=&source=&store_name=&tab=207-visualization&twelve_month_trend=1,dashboard,dashboard-3604,3604,Cross Sell Dashboard,68064,First Membership Purchase Count,,0,cte,,fs_cohorts,fs_cohorts,unresolved,,query_sql|metadata_json|raw_csv|output_preview_html|lineage_preview_html,,Relation not found in local dbt manifest.
25,https://metabase.curefit.co/dashboard/3604-cross-sell-dashboard?active_end_date=2026-01-31&active_start_date=2025-04-01&business_line=&category=Indoor+Equipment&category=Indoor_Equipment-Strength&cohort=&compare_with_current_date=1&compare_with_current_month=1&consider_active_time=1&consider_city=0&coupon_code=&current_month_active_vs_expired=&current_month_trend=1&date_filter=Month&date_of_month_end_date=&date_of_month_start_date=&first_membership_created_end_date=&first_membership_created_start_date=&is_freebie_order=1&is_fs_member=1&membership_created_end_date=&membership_created_start_date=&month_end_date=&month_start_date=&no_of_month=2&order_end_date=2026-01-31&order_start_date=2026-01-01&service_type=&source=&store_name=&tab=207-visualization&twelve_month_trend=1,dashboard,dashboard-3604,3604,Cross Sell Dashboard,68065,First Membership Purchase Cohort Wise Count,,0,table,dwh_fitness_metrics,fs_cohorts,dwh_fitness_metrics.fs_cohorts,unresolved,,query_sql|metadata_json|raw_csv|output_preview_html|lineage_preview_html,,Relation not found in local dbt manifest.
25,https://metabase.curefit.co/dashboard/3604-cross-sell-dashboard?active_end_date=2026-01-31&active_start_date=2025-04-01&business_line=&category=Indoor+Equipment&category=Indoor_Equipment-Strength&cohort=&compare_with_current_date=1&compare_with_current_month=1&consider_active_time=1&consider_city=0&coupon_code=&current_month_active_vs_expired=&current_month_trend=1&date_filter=Month&date_of_month_end_date=&date_of_month_start_date=&first_membership_created_end_date=&first_membership_created_start_date=&is_freebie_order=1&is_fs_member=1&membership_created_end_date=&membership_created_start_date=&month_end_date=&month_start_date=&no_of_month=2&order_end_date=2026-01-31&order_start_date=2026-01-01&service_type=&source=&store_name=&tab=207-visualization&twelve_month_trend=1,dashboard,dashboard-3604,3604,Cross Sell Dashboard,68065,First Membership Purchase Cohort Wise Count,,0,cte,,fs_cohorts,fs_cohorts,unresolved,,query_sql|metadata_json|raw_csv|output_preview_html|lineage_preview_html,,Relation not found in local dbt manifest.
25,https://metabase.curefit.co/dashboard/3604-cross-sell-dashboard?active_end_date=2026-01-31&active_start_date=2025-04-01&business_line=&category=Indoor+Equipment&category=Indoor_Equipment-Strength&cohort=&compare_with_current_date=1&compare_with_current_month=1&consider_active_time=1&consider_city=0&coupon_code=&current_month_active_vs_expired=&current_month_trend=1&date_filter=Month&date_of_month_end_date=&date_of_month_start_date=&first_membership_created_end_date=&first_membership_created_start_date=&is_freebie_order=1&is_fs_member=1&membership_created_end_date=&membership_created_start_date=&month_end_date=&month_start_date=&no_of_month=2&order_end_date=2026-01-31&order_start_date=2026-01-01&service_type=&source=&store_name=&tab=207-visualization&twelve_month_trend=1,dashboard,dashboard-3604,3604,Cross Sell Dashboard,68048,Cohort wise comparison,,0,table,dwh_fitness_metrics,cross_sell_orders,dwh_fitness_metrics.cross_sell_orders,unresolved,,query_sql|metadata_json|raw_csv|output_preview_html|lineage_preview_html,,Relation not found in local dbt manifest.
25,https://metabase.curefit.co/dashboard/3604-cross-sell-dashboard?active_end_date=2026-01-31&active_start_date=2025-04-01&business_line=&category=Indoor+Equipment&category=Indoor_Equipment-Strength&cohort=&compare_with_current_date=1&compare_with_current_month=1&consider_active_time=1&consider_city=0&coupon_code=&current_month_active_vs_expired=&current_month_trend=1&date_filter=Month&date_of_month_end_date=&date_of_month_start_date=&first_membership_created_end_date=&first_membership_created_start_date=&is_freebie_order=1&is_fs_member=1&membership_created_end_date=&membership_created_start_date=&month_end_date=&month_start_date=&no_of_month=2&order_end_date=2026-01-31&order_start_date=2026-01-01&service_type=&source=&store_name=&tab=207-visualization&twelve_month_trend=1,dashboard,dashboard-3604,3604,Cross Sell Dashboard,68048,Cohort wise comparison,,0,cte,,cross_sell_orders,cross_sell_orders,unresolved,,query_sql|metadata_json|raw_csv|output_preview_html|lineage_preview_html,,Relation not found in local dbt manifest.
25,https://metabase.curefit.co/dashboard/3604-cross-sell-dashboard?active_end_date=2026-01-31&active_start_date=2025-04-01&business_line=&category=Indoor+Equipment&category=Indoor_Equipment-Strength&cohort=&compare_with_current_date=1&compare_with_current_month=1&consider_active_time=1&consider_city=0&coupon_code=&current_month_active_vs_expired=&current_month_trend=1&date_filter=Month&date_of_month_end_date=&date_of_month_start_date=&first_membership_created_end_date=&first_membership_created_start_date=&is_freebie_order=1&is_fs_member=1&membership_created_end_date=&membership_created_start_date=&month_end_date=&month_start_date=&no_of_month=2&order_end_date=2026-01-31&order_start_date=2026-01-01&service_type=&source=&store_name=&tab=207-visualization&twelve_month_trend=1,dashboard,dashboard-3604,3604,Cross Sell Dashboard,70058,User Count FS VS D2C With Filters,,0,table,dwh_fitness_mart,booking_fact,dwh_fitness_mart.booking_fact,source_table,dwh_fitness_mart.booking_fact,query_sql|metadata_json|result_blocked,,
25,https://metabase.curefit.co/dashboard/3604-cross-sell-dashboard?active_end_date=2026-01-31&active_start_date=2025-04-01&business_line=&category=Indoor+Equipment&category=Indoor_Equipment-Strength&cohort=&compare_with_current_date=1&compare_with_current_month=1&consider_active_time=1&consider_city=0&coupon_code=&current_month_active_vs_expired=&current_month_trend=1&date_filter=Month&date_of_month_end_date=&date_of_month_start_date=&first_membership_created_end_date=&first_membership_created_start_date=&is_freebie_order=1&is_fs_member=1&membership_created_end_date=&membership_created_start_date=&month_end_date=&month_start_date=&no_of_month=2&order_end_date=2026-01-31&order_start_date=2026-01-01&service_type=&source=&store_name=&tab=207-visualization&twelve_month_trend=1,dashboard,dashboard-3604,3604,Cross Sell Dashboard,70058,User Count FS VS D2C With Filters,,0,table,dwh_fitness_mart,center_dim,dwh_fitness_mart.center_dim,source_table,dwh_fitness_mart.center_dim,query_sql|metadata_json|result_blocked,,
25,https://metabase.curefit.co/dashboard/3604-cross-sell-dashboard?active_end_date=2026-01-31&active_start_date=2025-04-01&business_line=&category=Indoor+Equipment&category=Indoor_Equipment-Strength&cohort=&compare_with_current_date=1&compare_with_current_month=1&consider_active_time=1&consider_city=0&coupon_code=&current_month_active_vs_expired=&current_month_trend=1&date_filter=Month&date_of_month_end_date=&date_of_month_start_date=&first_membership_created_end_date=&first_membership_created_start_date=&is_freebie_order=1&is_fs_member=1&membership_created_end_date=&membership_created_start_date=&month_end_date=&month_start_date=&no_of_month=2&order_end_date=2026-01-31&order_start_date=2026-01-01&service_type=&source=&store_name=&tab=207-visualization&twelve_month_trend=1,dashboard,dashboard-3604,3604,Cross Sell Dashboard,70058,User Count FS VS D2C With Filters,,0,cte,,booking_fact,booking_fact,derived_model_name_match,dwh_fitness_mart.customer_sentiment|pk_cfuserservice_cultapp.user|pk_cultprod_cultapp.attendance|pk_cultprod_cultapp.booking|pk_cultprod_cultapp.city|pk_cultprod_cultapp.cultclass|pk_cultprod_cultapp.cultemployee|pk_cultprod_cultapp.membership|pk_cultprod_cultapp.trainercultclassmap|pk_cultprod_cultapp.waitlist|pk_cultprod_cultapp.workout|pk_cultprod_cultapp.workoutfamilyworkoutmap|pk_curefitprod_center_service.center|pk_curefitprod_gymfit.centerofferings|pk_curefitprod_gymfit.centers|pk_curefitprod_gymfit.checkins|pk_prod_curefit_prod.feedbacks|pk_prod_jogo_jogo_new.all_bookings|pk_prod_jogo_jogo_new.facilities|pk_prod_jogo_jogo_new.facility_sport_mappings|pk_prod_jogo_jogo_new.sports|pk_prod_jogo_jogo_new.users|pk_prod_jogo_jogo_new.waitlist_bookings,query_sql|metadata_json|result_blocked,,
25,https://metabase.curefit.co/dashboard/3604-cross-sell-dashboard?active_end_date=2026-01-31&active_start_date=2025-04-01&business_line=&category=Indoor+Equipment&category=Indoor_Equipment-Strength&cohort=&compare_with_current_date=1&compare_with_current_month=1&consider_active_time=1&consider_city=0&coupon_code=&current_month_active_vs_expired=&current_month_trend=1&date_filter=Month&date_of_month_end_date=&date_of_month_start_date=&first_membership_created_end_date=&first_membership_created_start_date=&is_freebie_order=1&is_fs_member=1&membership_created_end_date=&membership_created_start_date=&month_end_date=&month_start_date=&no_of_month=2&order_end_date=2026-01-31&order_start_date=2026-01-01&service_type=&source=&store_name=&tab=207-visualization&twelve_month_trend=1,dashboard,dashboard-3604,3604,Cross Sell Dashboard,70058,User Count FS VS D2C With Filters,,0,cte,,center_dim,center_dim,derived_model_name_match,pk_cultprod_cultapp.address|pk_cultprod_cultapp.center|pk_curefitprod_center_service.center|pk_curefitprod_center_service.center_sku|pk_curefitprod_center_service.sku|pk_curefitprod_gymfit.addresses|pk_curefitprod_gymfit.centers|pk_curefitprod_gymfit.sellers,query_sql|metadata_json|result_blocked,,
25,https://metabase.curefit.co/dashboard/3604-cross-sell-dashboard?active_end_date=2026-01-31&active_start_date=2025-04-01&business_line=&category=Indoor+Equipment&category=Indoor_Equipment-Strength&cohort=&compare_with_current_date=1&compare_with_current_month=1&consider_active_time=1&consider_city=0&coupon_code=&current_month_active_vs_expired=&current_month_trend=1&date_filter=Month&date_of_month_end_date=&date_of_month_start_date=&first_membership_created_end_date=&first_membership_created_start_date=&is_freebie_order=1&is_fs_member=1&membership_created_end_date=&membership_created_start_date=&month_end_date=&month_start_date=&no_of_month=2&order_end_date=2026-01-31&order_start_date=2026-01-01&service_type=&source=&store_name=&tab=207-visualization&twelve_month_trend=1,dashboard,dashboard-3604,3604,Cross Sell Dashboard,70058,User Count FS VS D2C With Filters,,0,cte,,user_city_mapped,user_city_mapped,unresolved,,query_sql|metadata_json|result_blocked,,Relation not found in local dbt manifest.
25,https://metabase.curefit.co/dashboard/3604-cross-sell-dashboard?active_end_date=2026-01-31&active_start_date=2025-04-01&business_line=&category=Indoor+Equipment&category=Indoor_Equipment-Strength&cohort=&compare_with_current_date=1&compare_with_current_month=1&consider_active_time=1&consider_city=0&coupon_code=&current_month_active_vs_expired=&current_month_trend=1&date_filter=Month&date_of_month_end_date=&date_of_month_start_date=&first_membership_created_end_date=&first_membership_created_start_date=&is_freebie_order=1&is_fs_member=1&membership_created_end_date=&membership_created_start_date=&month_end_date=&month_start_date=&no_of_month=2&order_end_date=2026-01-31&order_start_date=2026-01-01&service_type=&source=&store_name=&tab=207-visualization&twelve_month_trend=1,dashboard,dashboard-3604,3604,Cross Sell Dashboard,70058,User Count FS VS D2C With Filters,,0,table,gs_d2c.default,cs_dev_users,gs_d2c.default.cs_dev_users,unresolved,,query_sql|metadata_json|result_blocked,,Relation not found in local dbt manifest.
25,https://metabase.curefit.co/dashboard/3604-cross-sell-dashboard?active_end_date=2026-01-31&active_start_date=2025-04-01&business_line=&category=Indoor+Equipment&category=Indoor_Equipment-Strength&cohort=&compare_with_current_date=1&compare_with_current_month=1&consider_active_time=1&consider_city=0&coupon_code=&current_month_active_vs_expired=&current_month_trend=1&date_filter=Month&date_of_month_end_date=&date_of_month_start_date=&first_membership_created_end_date=&first_membership_created_start_date=&is_freebie_order=1&is_fs_member=1&membership_created_end_date=&membership_created_start_date=&month_end_date=&month_start_date=&no_of_month=2&order_end_date=2026-01-31&order_start_date=2026-01-01&service_type=&source=&store_name=&tab=207-visualization&twelve_month_trend=1,dashboard,dashboard-3604,3604,Cross Sell Dashboard,70058,User Count FS VS D2C With Filters,,0,table,dwh_fitness_metrics,fs_cohorts,dwh_fitness_metrics.fs_cohorts,unresolved,,query_sql|metadata_json|result_blocked,,Relation not found in local dbt manifest.
25,https://metabase.curefit.co/dashboard/3604-cross-sell-dashboard?active_end_date=2026-01-31&active_start_date=2025-04-01&business_line=&category=Indoor+Equipment&category=Indoor_Equipment-Strength&cohort=&compare_with_current_date=1&compare_with_current_month=1&consider_active_time=1&consider_city=0&coupon_code=&current_month_active_vs_expired=&current_month_trend=1&date_filter=Month&date_of_month_end_date=&date_of_month_start_date=&first_membership_created_end_date=&first_membership_created_start_date=&is_freebie_order=1&is_fs_member=1&membership_created_end_date=&membership_created_start_date=&month_end_date=&month_start_date=&no_of_month=2&order_end_date=2026-01-31&order_start_date=2026-01-01&service_type=&source=&store_name=&tab=207-visualization&twelve_month_trend=1,dashboard,dashboard-3604,3604,Cross Sell Dashboard,70058,User Count FS VS D2C With Filters,,0,cte,,dev_users,dev_users,unresolved,,query_sql|metadata_json|result_blocked,,Relation not found in local dbt manifest.
25,https://metabase.curefit.co/dashboard/3604-cross-sell-dashboard?active_end_date=2026-01-31&active_start_date=2025-04-01&business_line=&category=Indoor+Equipment&category=Indoor_Equipment-Strength&cohort=&compare_with_current_date=1&compare_with_current_month=1&consider_active_time=1&consider_city=0&coupon_code=&current_month_active_vs_expired=&current_month_trend=1&date_filter=Month&date_of_month_end_date=&date_of_month_start_date=&first_membership_created_end_date=&first_membership_created_start_date=&is_freebie_order=1&is_fs_member=1&membership_created_end_date=&membership_created_start_date=&month_end_date=&month_start_date=&no_of_month=2&order_end_date=2026-01-31&order_start_date=2026-01-01&service_type=&source=&store_name=&tab=207-visualization&twelve_month_trend=1,dashboard,dashboard-3604,3604,Cross Sell Dashboard,70058,User Count FS VS D2C With Filters,,0,cte,,city_filtered,city_filtered,unresolved,,query_sql|metadata_json|result_blocked,,Relation not found in local dbt manifest.
25,https://metabase.curefit.co/dashboard/3604-cross-sell-dashboard?active_end_date=2026-01-31&active_start_date=2025-04-01&business_line=&category=Indoor+Equipment&category=Indoor_Equipment-Strength&cohort=&compare_with_current_date=1&compare_with_current_month=1&consider_active_time=1&consider_city=0&coupon_code=&current_month_active_vs_expired=&current_month_trend=1&date_filter=Month&date_of_month_end_date=&date_of_month_start_date=&first_membership_created_end_date=&first_membership_created_start_date=&is_freebie_order=1&is_fs_member=1&membership_created_end_date=&membership_created_start_date=&month_end_date=&month_start_date=&no_of_month=2&order_end_date=2026-01-31&order_start_date=2026-01-01&service_type=&source=&store_name=&tab=207-visualization&twelve_month_trend=1,dashboard,dashboard-3604,3604,Cross Sell Dashboard,70058,User Count FS VS D2C With Filters,,0,cte,,current_month_data,current_month_data,unresolved,,query_sql|metadata_json|result_blocked,,Relation not found in local dbt manifest.
25,https://metabase.curefit.co/dashboard/3604-cross-sell-dashboard?active_end_date=2026-01-31&active_start_date=2025-04-01&business_line=&category=Indoor+Equipment&category=Indoor_Equipment-Strength&cohort=&compare_with_current_date=1&compare_with_current_month=1&consider_active_time=1&consider_city=0&coupon_code=&current_month_active_vs_expired=&current_month_trend=1&date_filter=Month&date_of_month_end_date=&date_of_month_start_date=&first_membership_created_end_date=&first_membership_created_start_date=&is_freebie_order=1&is_fs_member=1&membership_created_end_date=&membership_created_start_date=&month_end_date=&month_start_date=&no_of_month=2&order_end_date=2026-01-31&order_start_date=2026-01-01&service_type=&source=&store_name=&tab=207-visualization&twelve_month_trend=1,dashboard,dashboard-3604,3604,Cross Sell Dashboard,70058,User Count FS VS D2C With Filters,,0,cte,,active_pack,active_pack,unresolved,,query_sql|metadata_json|result_blocked,,Relation not found in local dbt manifest.
25,https://metabase.curefit.co/dashboard/3604-cross-sell-dashboard?active_end_date=2026-01-31&active_start_date=2025-04-01&business_line=&category=Indoor+Equipment&category=Indoor_Equipment-Strength&cohort=&compare_with_current_date=1&compare_with_current_month=1&consider_active_time=1&consider_city=0&coupon_code=&current_month_active_vs_expired=&current_month_trend=1&date_filter=Month&date_of_month_end_date=&date_of_month_start_date=&first_membership_created_end_date=&first_membership_created_start_date=&is_freebie_order=1&is_fs_member=1&membership_created_end_date=&membership_created_start_date=&month_end_date=&month_start_date=&no_of_month=2&order_end_date=2026-01-31&order_start_date=2026-01-01&service_type=&source=&store_name=&tab=207-visualization&twelve_month_trend=1,dashboard,dashboard-3604,3604,Cross Sell Dashboard,70058,User Count FS VS D2C With Filters,,0,table,dwh_fitness_metrics,cross_sell_orders,dwh_fitness_metrics.cross_sell_orders,unresolved,,query_sql|metadata_json|result_blocked,,Relation not found in local dbt manifest.
25,https://metabase.curefit.co/dashboard/3604-cross-sell-dashboard?active_end_date=2026-01-31&active_start_date=2025-04-01&business_line=&category=Indoor+Equipment&category=Indoor_Equipment-Strength&cohort=&compare_with_current_date=1&compare_with_current_month=1&consider_active_time=1&consider_city=0&coupon_code=&current_month_active_vs_expired=&current_month_trend=1&date_filter=Month&date_of_month_end_date=&date_of_month_start_date=&first_membership_created_end_date=&first_membership_created_start_date=&is_freebie_order=1&is_fs_member=1&membership_created_end_date=&membership_created_start_date=&month_end_date=&month_start_date=&no_of_month=2&order_end_date=2026-01-31&order_start_date=2026-01-01&service_type=&source=&store_name=&tab=207-visualization&twelve_month_trend=1,dashboard,dashboard-3604,3604,Cross Sell Dashboard,70058,User Count FS VS D2C With Filters,,0,cte,,user_details,user_details,unresolved,,query_sql|metadata_json|result_blocked,,Relation not found in local dbt manifest.
25,https://metabase.curefit.co/dashboard/3604-cross-sell-dashboard?active_end_date=2026-01-31&active_start_date=2025-04-01&business_line=&category=Indoor+Equipment&category=Indoor_Equipment-Strength&cohort=&compare_with_current_date=1&compare_with_current_month=1&consider_active_time=1&consider_city=0&coupon_code=&current_month_active_vs_expired=&current_month_trend=1&date_filter=Month&date_of_month_end_date=&date_of_month_start_date=&first_membership_created_end_date=&first_membership_created_start_date=&is_freebie_order=1&is_fs_member=1&membership_created_end_date=&membership_created_start_date=&month_end_date=&month_start_date=&no_of_month=2&order_end_date=2026-01-31&order_start_date=2026-01-01&service_type=&source=&store_name=&tab=207-visualization&twelve_month_trend=1,dashboard,dashboard-3604,3604,Cross Sell Dashboard,70058,User Count FS VS D2C With Filters,,0,cte,,cross_sell_orders,cross_sell_orders,unresolved,,query_sql|metadata_json|result_blocked,,Relation not found in local dbt manifest.
25,https://metabase.curefit.co/dashboard/3604-cross-sell-dashboard?active_end_date=2026-01-31&active_start_date=2025-04-01&business_line=&category=Indoor+Equipment&category=Indoor_Equipment-Strength&cohort=&compare_with_current_date=1&compare_with_current_month=1&consider_active_time=1&consider_city=0&coupon_code=&current_month_active_vs_expired=&current_month_trend=1&date_filter=Month&date_of_month_end_date=&date_of_month_start_date=&first_membership_created_end_date=&first_membership_created_start_date=&is_freebie_order=1&is_fs_member=1&membership_created_end_date=&membership_created_start_date=&month_end_date=&month_start_date=&no_of_month=2&order_end_date=2026-01-31&order_start_date=2026-01-01&service_type=&source=&store_name=&tab=207-visualization&twelve_month_trend=1,dashboard,dashboard-3604,3604,Cross Sell Dashboard,70149,EBO - Store Wise Cross Sell VS D2C,,0,table,dwh_fitness_metrics,cross_sell_orders,dwh_fitness_metrics.cross_sell_orders,unresolved,,query_sql|metadata_json|raw_csv|output_preview_html|lineage_preview_html,,Relation not found in local dbt manifest.
25,https://metabase.curefit.co/dashboard/3604-cross-sell-dashboard?active_end_date=2026-01-31&active_start_date=2025-04-01&business_line=&category=Indoor+Equipment&category=Indoor_Equipment-Strength&cohort=&compare_with_current_date=1&compare_with_current_month=1&consider_active_time=1&consider_city=0&coupon_code=&current_month_active_vs_expired=&current_month_trend=1&date_filter=Month&date_of_month_end_date=&date_of_month_start_date=&first_membership_created_end_date=&first_membership_created_start_date=&is_freebie_order=1&is_fs_member=1&membership_created_end_date=&membership_created_start_date=&month_end_date=&month_start_date=&no_of_month=2&order_end_date=2026-01-31&order_start_date=2026-01-01&service_type=&source=&store_name=&tab=207-visualization&twelve_month_trend=1,dashboard,dashboard-3604,3604,Cross Sell Dashboard,70149,EBO - Store Wise Cross Sell VS D2C,,0,cte,,combined_data,combined_data,unresolved,,query_sql|metadata_json|raw_csv|output_preview_html|lineage_preview_html,,Relation not found in local dbt manifest.
25,https://metabase.curefit.co/dashboard/3604-cross-sell-dashboard?active_end_date=2026-01-31&active_start_date=2025-04-01&business_line=&category=Indoor+Equipment&category=Indoor_Equipment-Strength&cohort=&compare_with_current_date=1&compare_with_current_month=1&consider_active_time=1&consider_city=0&coupon_code=&current_month_active_vs_expired=&current_month_trend=1&date_filter=Month&date_of_month_end_date=&date_of_month_start_date=&first_membership_created_end_date=&first_membership_created_start_date=&is_freebie_order=1&is_fs_member=1&membership_created_end_date=&membership_created_start_date=&month_end_date=&month_start_date=&no_of_month=2&order_end_date=2026-01-31&order_start_date=2026-01-01&service_type=&source=&store_name=&tab=207-visualization&twelve_month_trend=1,dashboard,dashboard-3604,3604,Cross Sell Dashboard,71753,No of users who used coupons,,0,table,dwh_fitness_metrics,cross_sell_orders,dwh_fitness_metrics.cross_sell_orders,unresolved,,query_sql|metadata_json|result_blocked,,Relation not found in local dbt manifest.
25,https://metabase.curefit.co/dashboard/3604-cross-sell-dashboard?active_end_date=2026-01-31&active_start_date=2025-04-01&business_line=&category=Indoor+Equipment&category=Indoor_Equipment-Strength&cohort=&compare_with_current_date=1&compare_with_current_month=1&consider_active_time=1&consider_city=0&coupon_code=&current_month_active_vs_expired=&current_month_trend=1&date_filter=Month&date_of_month_end_date=&date_of_month_start_date=&first_membership_created_end_date=&first_membership_created_start_date=&is_freebie_order=1&is_fs_member=1&membership_created_end_date=&membership_created_start_date=&month_end_date=&month_start_date=&no_of_month=2&order_end_date=2026-01-31&order_start_date=2026-01-01&service_type=&source=&store_name=&tab=207-visualization&twelve_month_trend=1,dashboard,dashboard-3604,3604,Cross Sell Dashboard,72319,No Of People Who Have Purchased Before Coupons,,0,table,dwh_fitness_metrics,cross_sell_orders,dwh_fitness_metrics.cross_sell_orders,unresolved,,query_sql|metadata_json|result_blocked,,Relation not found in local dbt manifest.
25,https://metabase.curefit.co/dashboard/3604-cross-sell-dashboard?active_end_date=2026-01-31&active_start_date=2025-04-01&business_line=&category=Indoor+Equipment&category=Indoor_Equipment-Strength&cohort=&compare_with_current_date=1&compare_with_current_month=1&consider_active_time=1&consider_city=0&coupon_code=&current_month_active_vs_expired=&current_month_trend=1&date_filter=Month&date_of_month_end_date=&date_of_month_start_date=&first_membership_created_end_date=&first_membership_created_start_date=&is_freebie_order=1&is_fs_member=1&membership_created_end_date=&membership_created_start_date=&month_end_date=&month_start_date=&no_of_month=2&order_end_date=2026-01-31&order_start_date=2026-01-01&service_type=&source=&store_name=&tab=207-visualization&twelve_month_trend=1,dashboard,dashboard-3604,3604,Cross Sell Dashboard,72319,No Of People Who Have Purchased Before Coupons,,0,cte,,freebie_data,freebie_data,unresolved,,query_sql|metadata_json|result_blocked,,Relation not found in local dbt manifest.
25,https://metabase.curefit.co/dashboard/3604-cross-sell-dashboard?active_end_date=2026-01-31&active_start_date=2025-04-01&business_line=&category=Indoor+Equipment&category=Indoor_Equipment-Strength&cohort=&compare_with_current_date=1&compare_with_current_month=1&consider_active_time=1&consider_city=0&coupon_code=&current_month_active_vs_expired=&current_month_trend=1&date_filter=Month&date_of_month_end_date=&date_of_month_start_date=&first_membership_created_end_date=&first_membership_created_start_date=&is_freebie_order=1&is_fs_member=1&membership_created_end_date=&membership_created_start_date=&month_end_date=&month_start_date=&no_of_month=2&order_end_date=2026-01-31&order_start_date=2026-01-01&service_type=&source=&store_name=&tab=207-visualization&twelve_month_trend=1,dashboard,dashboard-3604,3604,Cross Sell Dashboard,72319,No Of People Who Have Purchased Before Coupons,,0,cte,,freebie_user_date,freebie_user_date,unresolved,,query_sql|metadata_json|result_blocked,,Relation not found in local dbt manifest.
25,https://metabase.curefit.co/dashboard/3604-cross-sell-dashboard?active_end_date=2026-01-31&active_start_date=2025-04-01&business_line=&category=Indoor+Equipment&category=Indoor_Equipment-Strength&cohort=&compare_with_current_date=1&compare_with_current_month=1&consider_active_time=1&consider_city=0&coupon_code=&current_month_active_vs_expired=&current_month_trend=1&date_filter=Month&date_of_month_end_date=&date_of_month_start_date=&first_membership_created_end_date=&first_membership_created_start_date=&is_freebie_order=1&is_fs_member=1&membership_created_end_date=&membership_created_start_date=&month_end_date=&month_start_date=&no_of_month=2&order_end_date=2026-01-31&order_start_date=2026-01-01&service_type=&source=&store_name=&tab=207-visualization&twelve_month_trend=1,dashboard,dashboard-3604,3604,Cross Sell Dashboard,72319,No Of People Who Have Purchased Before Coupons,,0,cte,,order_data_freebie_users,order_data_freebie_users,unresolved,,query_sql|metadata_json|result_blocked,,Relation not found in local dbt manifest.
25,https://metabase.curefit.co/dashboard/3604-cross-sell-dashboard?active_end_date=2026-01-31&active_start_date=2025-04-01&business_line=&category=Indoor+Equipment&category=Indoor_Equipment-Strength&cohort=&compare_with_current_date=1&compare_with_current_month=1&consider_active_time=1&consider_city=0&coupon_code=&current_month_active_vs_expired=&current_month_trend=1&date_filter=Month&date_of_month_end_date=&date_of_month_start_date=&first_membership_created_end_date=&first_membership_created_start_date=&is_freebie_order=1&is_fs_member=1&membership_created_end_date=&membership_created_start_date=&month_end_date=&month_start_date=&no_of_month=2&order_end_date=2026-01-31&order_start_date=2026-01-01&service_type=&source=&store_name=&tab=207-visualization&twelve_month_trend=1,dashboard,dashboard-3604,3604,Cross Sell Dashboard,72323,No Of People Who Have Purchased another Item With Coupon,,0,table,dwh_fitness_metrics,cross_sell_orders,dwh_fitness_metrics.cross_sell_orders,unresolved,,query_sql|metadata_json|result_blocked,,Relation not found in local dbt manifest.
25,https://metabase.curefit.co/dashboard/3604-cross-sell-dashboard?active_end_date=2026-01-31&active_start_date=2025-04-01&business_line=&category=Indoor+Equipment&category=Indoor_Equipment-Strength&cohort=&compare_with_current_date=1&compare_with_current_month=1&consider_active_time=1&consider_city=0&coupon_code=&current_month_active_vs_expired=&current_month_trend=1&date_filter=Month&date_of_month_end_date=&date_of_month_start_date=&first_membership_created_end_date=&first_membership_created_start_date=&is_freebie_order=1&is_fs_member=1&membership_created_end_date=&membership_created_start_date=&month_end_date=&month_start_date=&no_of_month=2&order_end_date=2026-01-31&order_start_date=2026-01-01&service_type=&source=&store_name=&tab=207-visualization&twelve_month_trend=1,dashboard,dashboard-3604,3604,Cross Sell Dashboard,72323,No Of People Who Have Purchased another Item With Coupon,,0,cte,,freebie_data,freebie_data,unresolved,,query_sql|metadata_json|result_blocked,,Relation not found in local dbt manifest.
25,https://metabase.curefit.co/dashboard/3604-cross-sell-dashboard?active_end_date=2026-01-31&active_start_date=2025-04-01&business_line=&category=Indoor+Equipment&category=Indoor_Equipment-Strength&cohort=&compare_with_current_date=1&compare_with_current_month=1&consider_active_time=1&consider_city=0&coupon_code=&current_month_active_vs_expired=&current_month_trend=1&date_filter=Month&date_of_month_end_date=&date_of_month_start_date=&first_membership_created_end_date=&first_membership_created_start_date=&is_freebie_order=1&is_fs_member=1&membership_created_end_date=&membership_created_start_date=&month_end_date=&month_start_date=&no_of_month=2&order_end_date=2026-01-31&order_start_date=2026-01-01&service_type=&source=&store_name=&tab=207-visualization&twelve_month_trend=1,dashboard,dashboard-3604,3604,Cross Sell Dashboard,72323,No Of People Who Have Purchased another Item With Coupon,,0,cte,,freebie_user_date,freebie_user_date,unresolved,,query_sql|metadata_json|result_blocked,,Relation not found in local dbt manifest.
25,https://metabase.curefit.co/dashboard/3604-cross-sell-dashboard?active_end_date=2026-01-31&active_start_date=2025-04-01&business_line=&category=Indoor+Equipment&category=Indoor_Equipment-Strength&cohort=&compare_with_current_date=1&compare_with_current_month=1&consider_active_time=1&consider_city=0&coupon_code=&current_month_active_vs_expired=&current_month_trend=1&date_filter=Month&date_of_month_end_date=&date_of_month_start_date=&first_membership_created_end_date=&first_membership_created_start_date=&is_freebie_order=1&is_fs_member=1&membership_created_end_date=&membership_created_start_date=&month_end_date=&month_start_date=&no_of_month=2&order_end_date=2026-01-31&order_start_date=2026-01-01&service_type=&source=&store_name=&tab=207-visualization&twelve_month_trend=1,dashboard,dashboard-3604,3604,Cross Sell Dashboard,72323,No Of People Who Have Purchased another Item With Coupon,,0,cte,,order_data_freebie_users,order_data_freebie_users,unresolved,,query_sql|metadata_json|result_blocked,,Relation not found in local dbt manifest.
25,https://metabase.curefit.co/dashboard/3604-cross-sell-dashboard?active_end_date=2026-01-31&active_start_date=2025-04-01&business_line=&category=Indoor+Equipment&category=Indoor_Equipment-Strength&cohort=&compare_with_current_date=1&compare_with_current_month=1&consider_active_time=1&consider_city=0&coupon_code=&current_month_active_vs_expired=&current_month_trend=1&date_filter=Month&date_of_month_end_date=&date_of_month_start_date=&first_membership_created_end_date=&first_membership_created_start_date=&is_freebie_order=1&is_fs_member=1&membership_created_end_date=&membership_created_start_date=&month_end_date=&month_start_date=&no_of_month=2&order_end_date=2026-01-31&order_start_date=2026-01-01&service_type=&source=&store_name=&tab=207-visualization&twelve_month_trend=1,dashboard,dashboard-3604,3604,Cross Sell Dashboard,72323,No Of People Who Have Purchased another Item With Coupon,,0,cte,,final_summary,final_summary,unresolved,,query_sql|metadata_json|result_blocked,,Relation not found in local dbt manifest.
25,https://metabase.curefit.co/dashboard/3604-cross-sell-dashboard?active_end_date=2026-01-31&active_start_date=2025-04-01&business_line=&category=Indoor+Equipment&category=Indoor_Equipment-Strength&cohort=&compare_with_current_date=1&compare_with_current_month=1&consider_active_time=1&consider_city=0&coupon_code=&current_month_active_vs_expired=&current_month_trend=1&date_filter=Month&date_of_month_end_date=&date_of_month_start_date=&first_membership_created_end_date=&first_membership_created_start_date=&is_freebie_order=1&is_fs_member=1&membership_created_end_date=&membership_created_start_date=&month_end_date=&month_start_date=&no_of_month=2&order_end_date=2026-01-31&order_start_date=2026-01-01&service_type=&source=&store_name=&tab=207-visualization&twelve_month_trend=1,dashboard,dashboard-3604,3604,Cross Sell Dashboard,72382,Repeat Purchase Category User Count,,0,table,dwh_fitness_metrics,cross_sell_orders,dwh_fitness_metrics.cross_sell_orders,unresolved,,query_sql|metadata_json|result_blocked,,Relation not found in local dbt manifest.
25,https://metabase.curefit.co/dashboard/3604-cross-sell-dashboard?active_end_date=2026-01-31&active_start_date=2025-04-01&business_line=&category=Indoor+Equipment&category=Indoor_Equipment-Strength&cohort=&compare_with_current_date=1&compare_with_current_month=1&consider_active_time=1&consider_city=0&coupon_code=&current_month_active_vs_expired=&current_month_trend=1&date_filter=Month&date_of_month_end_date=&date_of_month_start_date=&first_membership_created_end_date=&first_membership_created_start_date=&is_freebie_order=1&is_fs_member=1&membership_created_end_date=&membership_created_start_date=&month_end_date=&month_start_date=&no_of_month=2&order_end_date=2026-01-31&order_start_date=2026-01-01&service_type=&source=&store_name=&tab=207-visualization&twelve_month_trend=1,dashboard,dashboard-3604,3604,Cross Sell Dashboard,72382,Repeat Purchase Category User Count,,0,cte,,freebie_data,freebie_data,unresolved,,query_sql|metadata_json|result_blocked,,Relation not found in local dbt manifest.
25,https://metabase.curefit.co/dashboard/3604-cross-sell-dashboard?active_end_date=2026-01-31&active_start_date=2025-04-01&business_line=&category=Indoor+Equipment&category=Indoor_Equipment-Strength&cohort=&compare_with_current_date=1&compare_with_current_month=1&consider_active_time=1&consider_city=0&coupon_code=&current_month_active_vs_expired=&current_month_trend=1&date_filter=Month&date_of_month_end_date=&date_of_month_start_date=&first_membership_created_end_date=&first_membership_created_start_date=&is_freebie_order=1&is_fs_member=1&membership_created_end_date=&membership_created_start_date=&month_end_date=&month_start_date=&no_of_month=2&order_end_date=2026-01-31&order_start_date=2026-01-01&service_type=&source=&store_name=&tab=207-visualization&twelve_month_trend=1,dashboard,dashboard-3604,3604,Cross Sell Dashboard,72382,Repeat Purchase Category User Count,,0,cte,,freebie_user_date,freebie_user_date,unresolved,,query_sql|metadata_json|result_blocked,,Relation not found in local dbt manifest.
25,https://metabase.curefit.co/dashboard/3604-cross-sell-dashboard?active_end_date=2026-01-31&active_start_date=2025-04-01&business_line=&category=Indoor+Equipment&category=Indoor_Equipment-Strength&cohort=&compare_with_current_date=1&compare_with_current_month=1&consider_active_time=1&consider_city=0&coupon_code=&current_month_active_vs_expired=&current_month_trend=1&date_filter=Month&date_of_month_end_date=&date_of_month_start_date=&first_membership_created_end_date=&first_membership_created_start_date=&is_freebie_order=1&is_fs_member=1&membership_created_end_date=&membership_created_start_date=&month_end_date=&month_start_date=&no_of_month=2&order_end_date=2026-01-31&order_start_date=2026-01-01&service_type=&source=&store_name=&tab=207-visualization&twelve_month_trend=1,dashboard,dashboard-3604,3604,Cross Sell Dashboard,72382,Repeat Purchase Category User Count,,0,cte,,freebie_user_category,freebie_user_category,unresolved,,query_sql|metadata_json|result_blocked,,Relation not found in local dbt manifest.
25,https://metabase.curefit.co/dashboard/3604-cross-sell-dashboard?active_end_date=2026-01-31&active_start_date=2025-04-01&business_line=&category=Indoor+Equipment&category=Indoor_Equipment-Strength&cohort=&compare_with_current_date=1&compare_with_current_month=1&consider_active_time=1&consider_city=0&coupon_code=&current_month_active_vs_expired=&current_month_trend=1&date_filter=Month&date_of_month_end_date=&date_of_month_start_date=&first_membership_created_end_date=&first_membership_created_start_date=&is_freebie_order=1&is_fs_member=1&membership_created_end_date=&membership_created_start_date=&month_end_date=&month_start_date=&no_of_month=2&order_end_date=2026-01-31&order_start_date=2026-01-01&service_type=&source=&store_name=&tab=207-visualization&twelve_month_trend=1,dashboard,dashboard-3604,3604,Cross Sell Dashboard,72382,Repeat Purchase Category User Count,,0,cte,,order_data_freebie_users,order_data_freebie_users,unresolved,,query_sql|metadata_json|result_blocked,,Relation not found in local dbt manifest.
25,https://metabase.curefit.co/dashboard/3604-cross-sell-dashboard?active_end_date=2026-01-31&active_start_date=2025-04-01&business_line=&category=Indoor+Equipment&category=Indoor_Equipment-Strength&cohort=&compare_with_current_date=1&compare_with_current_month=1&consider_active_time=1&consider_city=0&coupon_code=&current_month_active_vs_expired=&current_month_trend=1&date_filter=Month&date_of_month_end_date=&date_of_month_start_date=&first_membership_created_end_date=&first_membership_created_start_date=&is_freebie_order=1&is_fs_member=1&membership_created_end_date=&membership_created_start_date=&month_end_date=&month_start_date=&no_of_month=2&order_end_date=2026-01-31&order_start_date=2026-01-01&service_type=&source=&store_name=&tab=207-visualization&twelve_month_trend=1,dashboard,dashboard-3604,3604,Cross Sell Dashboard,72328,Coupon Article Type Wise User Count,,0,table,dwh_fitness_metrics,cross_sell_orders,dwh_fitness_metrics.cross_sell_orders,unresolved,,query_sql|metadata_json|result_blocked,,Relation not found in local dbt manifest.
25,https://metabase.curefit.co/dashboard/3604-cross-sell-dashboard?active_end_date=2026-01-31&active_start_date=2025-04-01&business_line=&category=Indoor+Equipment&category=Indoor_Equipment-Strength&cohort=&compare_with_current_date=1&compare_with_current_month=1&consider_active_time=1&consider_city=0&coupon_code=&current_month_active_vs_expired=&current_month_trend=1&date_filter=Month&date_of_month_end_date=&date_of_month_start_date=&first_membership_created_end_date=&first_membership_created_start_date=&is_freebie_order=1&is_fs_member=1&membership_created_end_date=&membership_created_start_date=&month_end_date=&month_start_date=&no_of_month=2&order_end_date=2026-01-31&order_start_date=2026-01-01&service_type=&source=&store_name=&tab=207-visualization&twelve_month_trend=1,dashboard,dashboard-3604,3604,Cross Sell Dashboard,72383,Coupon Article_Type Repeat Purchase_Category User Count With Average Values,,0,table,dwh_fitness_metrics,cross_sell_orders,dwh_fitness_metrics.cross_sell_orders,unresolved,,query_sql|metadata_json|result_blocked,,Relation not found in local dbt manifest.
25,https://metabase.curefit.co/dashboard/3604-cross-sell-dashboard?active_end_date=2026-01-31&active_start_date=2025-04-01&business_line=&category=Indoor+Equipment&category=Indoor_Equipment-Strength&cohort=&compare_with_current_date=1&compare_with_current_month=1&consider_active_time=1&consider_city=0&coupon_code=&current_month_active_vs_expired=&current_month_trend=1&date_filter=Month&date_of_month_end_date=&date_of_month_start_date=&first_membership_created_end_date=&first_membership_created_start_date=&is_freebie_order=1&is_fs_member=1&membership_created_end_date=&membership_created_start_date=&month_end_date=&month_start_date=&no_of_month=2&order_end_date=2026-01-31&order_start_date=2026-01-01&service_type=&source=&store_name=&tab=207-visualization&twelve_month_trend=1,dashboard,dashboard-3604,3604,Cross Sell Dashboard,72383,Coupon Article_Type Repeat Purchase_Category User Count With Average Values,,0,cte,,freebie_data,freebie_data,unresolved,,query_sql|metadata_json|result_blocked,,Relation not found in local dbt manifest.
25,https://metabase.curefit.co/dashboard/3604-cross-sell-dashboard?active_end_date=2026-01-31&active_start_date=2025-04-01&business_line=&category=Indoor+Equipment&category=Indoor_Equipment-Strength&cohort=&compare_with_current_date=1&compare_with_current_month=1&consider_active_time=1&consider_city=0&coupon_code=&current_month_active_vs_expired=&current_month_trend=1&date_filter=Month&date_of_month_end_date=&date_of_month_start_date=&first_membership_created_end_date=&first_membership_created_start_date=&is_freebie_order=1&is_fs_member=1&membership_created_end_date=&membership_created_start_date=&month_end_date=&month_start_date=&no_of_month=2&order_end_date=2026-01-31&order_start_date=2026-01-01&service_type=&source=&store_name=&tab=207-visualization&twelve_month_trend=1,dashboard,dashboard-3604,3604,Cross Sell Dashboard,72383,Coupon Article_Type Repeat Purchase_Category User Count With Average Values,,0,cte,,freebie_user_date,freebie_user_date,unresolved,,query_sql|metadata_json|result_blocked,,Relation not found in local dbt manifest.
25,https://metabase.curefit.co/dashboard/3604-cross-sell-dashboard?active_end_date=2026-01-31&active_start_date=2025-04-01&business_line=&category=Indoor+Equipment&category=Indoor_Equipment-Strength&cohort=&compare_with_current_date=1&compare_with_current_month=1&consider_active_time=1&consider_city=0&coupon_code=&current_month_active_vs_expired=&current_month_trend=1&date_filter=Month&date_of_month_end_date=&date_of_month_start_date=&first_membership_created_end_date=&first_membership_created_start_date=&is_freebie_order=1&is_fs_member=1&membership_created_end_date=&membership_created_start_date=&month_end_date=&month_start_date=&no_of_month=2&order_end_date=2026-01-31&order_start_date=2026-01-01&service_type=&source=&store_name=&tab=207-visualization&twelve_month_trend=1,dashboard,dashboard-3604,3604,Cross Sell Dashboard,72383,Coupon Article_Type Repeat Purchase_Category User Count With Average Values,,0,cte,,freebie_user_category,freebie_user_category,unresolved,,query_sql|metadata_json|result_blocked,,Relation not found in local dbt manifest.
25,https://metabase.curefit.co/dashboard/3604-cross-sell-dashboard?active_end_date=2026-01-31&active_start_date=2025-04-01&business_line=&category=Indoor+Equipment&category=Indoor_Equipment-Strength&cohort=&compare_with_current_date=1&compare_with_current_month=1&consider_active_time=1&consider_city=0&coupon_code=&current_month_active_vs_expired=&current_month_trend=1&date_filter=Month&date_of_month_end_date=&date_of_month_start_date=&first_membership_created_end_date=&first_membership_created_start_date=&is_freebie_order=1&is_fs_member=1&membership_created_end_date=&membership_created_start_date=&month_end_date=&month_start_date=&no_of_month=2&order_end_date=2026-01-31&order_start_date=2026-01-01&service_type=&source=&store_name=&tab=207-visualization&twelve_month_trend=1,dashboard,dashboard-3604,3604,Cross Sell Dashboard,72383,Coupon Article_Type Repeat Purchase_Category User Count With Average Values,,0,cte,,order_data_freebie_users,order_data_freebie_users,unresolved,,query_sql|metadata_json|result_blocked,,Relation not found in local dbt manifest.
25,https://metabase.curefit.co/dashboard/3604-cross-sell-dashboard?active_end_date=2026-01-31&active_start_date=2025-04-01&business_line=&category=Indoor+Equipment&category=Indoor_Equipment-Strength&cohort=&compare_with_current_date=1&compare_with_current_month=1&consider_active_time=1&consider_city=0&coupon_code=&current_month_active_vs_expired=&current_month_trend=1&date_filter=Month&date_of_month_end_date=&date_of_month_start_date=&first_membership_created_end_date=&first_membership_created_start_date=&is_freebie_order=1&is_fs_member=1&membership_created_end_date=&membership_created_start_date=&month_end_date=&month_start_date=&no_of_month=2&order_end_date=2026-01-31&order_start_date=2026-01-01&service_type=&source=&store_name=&tab=207-visualization&twelve_month_trend=1,dashboard,dashboard-3604,3604,Cross Sell Dashboard,72384,Coupon Article_Type Repeat Category  Month Wise User Count,,0,table,dwh_fitness_metrics,cross_sell_orders,dwh_fitness_metrics.cross_sell_orders,unresolved,,query_sql|metadata_json|result_blocked,,Relation not found in local dbt manifest.
25,https://metabase.curefit.co/dashboard/3604-cross-sell-dashboard?active_end_date=2026-01-31&active_start_date=2025-04-01&business_line=&category=Indoor+Equipment&category=Indoor_Equipment-Strength&cohort=&compare_with_current_date=1&compare_with_current_month=1&consider_active_time=1&consider_city=0&coupon_code=&current_month_active_vs_expired=&current_month_trend=1&date_filter=Month&date_of_month_end_date=&date_of_month_start_date=&first_membership_created_end_date=&first_membership_created_start_date=&is_freebie_order=1&is_fs_member=1&membership_created_end_date=&membership_created_start_date=&month_end_date=&month_start_date=&no_of_month=2&order_end_date=2026-01-31&order_start_date=2026-01-01&service_type=&source=&store_name=&tab=207-visualization&twelve_month_trend=1,dashboard,dashboard-3604,3604,Cross Sell Dashboard,72384,Coupon Article_Type Repeat Category  Month Wise User Count,,0,cte,,freebie_data,freebie_data,unresolved,,query_sql|metadata_json|result_blocked,,Relation not found in local dbt manifest.
25,https://metabase.curefit.co/dashboard/3604-cross-sell-dashboard?active_end_date=2026-01-31&active_start_date=2025-04-01&business_line=&category=Indoor+Equipment&category=Indoor_Equipment-Strength&cohort=&compare_with_current_date=1&compare_with_current_month=1&consider_active_time=1&consider_city=0&coupon_code=&current_month_active_vs_expired=&current_month_trend=1&date_filter=Month&date_of_month_end_date=&date_of_month_start_date=&first_membership_created_end_date=&first_membership_created_start_date=&is_freebie_order=1&is_fs_member=1&membership_created_end_date=&membership_created_start_date=&month_end_date=&month_start_date=&no_of_month=2&order_end_date=2026-01-31&order_start_date=2026-01-01&service_type=&source=&store_name=&tab=207-visualization&twelve_month_trend=1,dashboard,dashboard-3604,3604,Cross Sell Dashboard,72384,Coupon Article_Type Repeat Category  Month Wise User Count,,0,cte,,freebie_user_date,freebie_user_date,unresolved,,query_sql|metadata_json|result_blocked,,Relation not found in local dbt manifest.
25,https://metabase.curefit.co/dashboard/3604-cross-sell-dashboard?active_end_date=2026-01-31&active_start_date=2025-04-01&business_line=&category=Indoor+Equipment&category=Indoor_Equipment-Strength&cohort=&compare_with_current_date=1&compare_with_current_month=1&consider_active_time=1&consider_city=0&coupon_code=&current_month_active_vs_expired=&current_month_trend=1&date_filter=Month&date_of_month_end_date=&date_of_month_start_date=&first_membership_created_end_date=&first_membership_created_start_date=&is_freebie_order=1&is_fs_member=1&membership_created_end_date=&membership_created_start_date=&month_end_date=&month_start_date=&no_of_month=2&order_end_date=2026-01-31&order_start_date=2026-01-01&service_type=&source=&store_name=&tab=207-visualization&twelve_month_trend=1,dashboard,dashboard-3604,3604,Cross Sell Dashboard,72384,Coupon Article_Type Repeat Category  Month Wise User Count,,0,cte,,freebie_user_category,freebie_user_category,unresolved,,query_sql|metadata_json|result_blocked,,Relation not found in local dbt manifest.
25,https://metabase.curefit.co/dashboard/3604-cross-sell-dashboard?active_end_date=2026-01-31&active_start_date=2025-04-01&business_line=&category=Indoor+Equipment&category=Indoor_Equipment-Strength&cohort=&compare_with_current_date=1&compare_with_current_month=1&consider_active_time=1&consider_city=0&coupon_code=&current_month_active_vs_expired=&current_month_trend=1&date_filter=Month&date_of_month_end_date=&date_of_month_start_date=&first_membership_created_end_date=&first_membership_created_start_date=&is_freebie_order=1&is_fs_member=1&membership_created_end_date=&membership_created_start_date=&month_end_date=&month_start_date=&no_of_month=2&order_end_date=2026-01-31&order_start_date=2026-01-01&service_type=&source=&store_name=&tab=207-visualization&twelve_month_trend=1,dashboard,dashboard-3604,3604,Cross Sell Dashboard,72384,Coupon Article_Type Repeat Category  Month Wise User Count,,0,cte,,order_data_freebie_users,order_data_freebie_users,unresolved,,query_sql|metadata_json|result_blocked,,Relation not found in local dbt manifest.
25,https://metabase.curefit.co/dashboard/3604-cross-sell-dashboard?active_end_date=2026-01-31&active_start_date=2025-04-01&business_line=&category=Indoor+Equipment&category=Indoor_Equipment-Strength&cohort=&compare_with_current_date=1&compare_with_current_month=1&consider_active_time=1&consider_city=0&coupon_code=&current_month_active_vs_expired=&current_month_trend=1&date_filter=Month&date_of_month_end_date=&date_of_month_start_date=&first_membership_created_end_date=&first_membership_created_start_date=&is_freebie_order=1&is_fs_member=1&membership_created_end_date=&membership_created_start_date=&month_end_date=&month_start_date=&no_of_month=2&order_end_date=2026-01-31&order_start_date=2026-01-01&service_type=&source=&store_name=&tab=207-visualization&twelve_month_trend=1,dashboard,dashboard-3604,3604,Cross Sell Dashboard,71754,Repeat Count,,0,table,dwh_fitness_metrics,cross_sell_orders,dwh_fitness_metrics.cross_sell_orders,unresolved,,query_sql|metadata_json|result_blocked,,Relation not found in local dbt manifest.
25,https://metabase.curefit.co/dashboard/3604-cross-sell-dashboard?active_end_date=2026-01-31&active_start_date=2025-04-01&business_line=&category=Indoor+Equipment&category=Indoor_Equipment-Strength&cohort=&compare_with_current_date=1&compare_with_current_month=1&consider_active_time=1&consider_city=0&coupon_code=&current_month_active_vs_expired=&current_month_trend=1&date_filter=Month&date_of_month_end_date=&date_of_month_start_date=&first_membership_created_end_date=&first_membership_created_start_date=&is_freebie_order=1&is_fs_member=1&membership_created_end_date=&membership_created_start_date=&month_end_date=&month_start_date=&no_of_month=2&order_end_date=2026-01-31&order_start_date=2026-01-01&service_type=&source=&store_name=&tab=207-visualization&twelve_month_trend=1,dashboard,dashboard-3604,3604,Cross Sell Dashboard,71754,Repeat Count,,0,cte,,freebie_data,freebie_data,unresolved,,query_sql|metadata_json|result_blocked,,Relation not found in local dbt manifest.
25,https://metabase.curefit.co/dashboard/3604-cross-sell-dashboard?active_end_date=2026-01-31&active_start_date=2025-04-01&business_line=&category=Indoor+Equipment&category=Indoor_Equipment-Strength&cohort=&compare_with_current_date=1&compare_with_current_month=1&consider_active_time=1&consider_city=0&coupon_code=&current_month_active_vs_expired=&current_month_trend=1&date_filter=Month&date_of_month_end_date=&date_of_month_start_date=&first_membership_created_end_date=&first_membership_created_start_date=&is_freebie_order=1&is_fs_member=1&membership_created_end_date=&membership_created_start_date=&month_end_date=&month_start_date=&no_of_month=2&order_end_date=2026-01-31&order_start_date=2026-01-01&service_type=&source=&store_name=&tab=207-visualization&twelve_month_trend=1,dashboard,dashboard-3604,3604,Cross Sell Dashboard,71754,Repeat Count,,0,cte,,freebie_user_date,freebie_user_date,unresolved,,query_sql|metadata_json|result_blocked,,Relation not found in local dbt manifest.
25,https://metabase.curefit.co/dashboard/3604-cross-sell-dashboard?active_end_date=2026-01-31&active_start_date=2025-04-01&business_line=&category=Indoor+Equipment&category=Indoor_Equipment-Strength&cohort=&compare_with_current_date=1&compare_with_current_month=1&consider_active_time=1&consider_city=0&coupon_code=&current_month_active_vs_expired=&current_month_trend=1&date_filter=Month&date_of_month_end_date=&date_of_month_start_date=&first_membership_created_end_date=&first_membership_created_start_date=&is_freebie_order=1&is_fs_member=1&membership_created_end_date=&membership_created_start_date=&month_end_date=&month_start_date=&no_of_month=2&order_end_date=2026-01-31&order_start_date=2026-01-01&service_type=&source=&store_name=&tab=207-visualization&twelve_month_trend=1,dashboard,dashboard-3604,3604,Cross Sell Dashboard,71754,Repeat Count,,0,cte,,order_data_freebie_users,order_data_freebie_users,unresolved,,query_sql|metadata_json|result_blocked,,Relation not found in local dbt manifest.
25,https://metabase.curefit.co/dashboard/3604-cross-sell-dashboard?active_end_date=2026-01-31&active_start_date=2025-04-01&business_line=&category=Indoor+Equipment&category=Indoor_Equipment-Strength&cohort=&compare_with_current_date=1&compare_with_current_month=1&consider_active_time=1&consider_city=0&coupon_code=&current_month_active_vs_expired=&current_month_trend=1&date_filter=Month&date_of_month_end_date=&date_of_month_start_date=&first_membership_created_end_date=&first_membership_created_start_date=&is_freebie_order=1&is_fs_member=1&membership_created_end_date=&membership_created_start_date=&month_end_date=&month_start_date=&no_of_month=2&order_end_date=2026-01-31&order_start_date=2026-01-01&service_type=&source=&store_name=&tab=207-visualization&twelve_month_trend=1,dashboard,dashboard-3604,3604,Cross Sell Dashboard,72385,Coupon Repeat Funnel,,0,table,dwh_fitness_metrics,cross_sell_orders,dwh_fitness_metrics.cross_sell_orders,unresolved,,query_sql|metadata_json|result_blocked,,Relation not found in local dbt manifest.
25,https://metabase.curefit.co/dashboard/3604-cross-sell-dashboard?active_end_date=2026-01-31&active_start_date=2025-04-01&business_line=&category=Indoor+Equipment&category=Indoor_Equipment-Strength&cohort=&compare_with_current_date=1&compare_with_current_month=1&consider_active_time=1&consider_city=0&coupon_code=&current_month_active_vs_expired=&current_month_trend=1&date_filter=Month&date_of_month_end_date=&date_of_month_start_date=&first_membership_created_end_date=&first_membership_created_start_date=&is_freebie_order=1&is_fs_member=1&membership_created_end_date=&membership_created_start_date=&month_end_date=&month_start_date=&no_of_month=2&order_end_date=2026-01-31&order_start_date=2026-01-01&service_type=&source=&store_name=&tab=207-visualization&twelve_month_trend=1,dashboard,dashboard-3604,3604,Cross Sell Dashboard,72385,Coupon Repeat Funnel,,0,cte,,freebie_data,freebie_data,unresolved,,query_sql|metadata_json|result_blocked,,Relation not found in local dbt manifest.
25,https://metabase.curefit.co/dashboard/3604-cross-sell-dashboard?active_end_date=2026-01-31&active_start_date=2025-04-01&business_line=&category=Indoor+Equipment&category=Indoor_Equipment-Strength&cohort=&compare_with_current_date=1&compare_with_current_month=1&consider_active_time=1&consider_city=0&coupon_code=&current_month_active_vs_expired=&current_month_trend=1&date_filter=Month&date_of_month_end_date=&date_of_month_start_date=&first_membership_created_end_date=&first_membership_created_start_date=&is_freebie_order=1&is_fs_member=1&membership_created_end_date=&membership_created_start_date=&month_end_date=&month_start_date=&no_of_month=2&order_end_date=2026-01-31&order_start_date=2026-01-01&service_type=&source=&store_name=&tab=207-visualization&twelve_month_trend=1,dashboard,dashboard-3604,3604,Cross Sell Dashboard,72385,Coupon Repeat Funnel,,0,cte,,freebie_user_date,freebie_user_date,unresolved,,query_sql|metadata_json|result_blocked,,Relation not found in local dbt manifest.
25,https://metabase.curefit.co/dashboard/3604-cross-sell-dashboard?active_end_date=2026-01-31&active_start_date=2025-04-01&business_line=&category=Indoor+Equipment&category=Indoor_Equipment-Strength&cohort=&compare_with_current_date=1&compare_with_current_month=1&consider_active_time=1&consider_city=0&coupon_code=&current_month_active_vs_expired=&current_month_trend=1&date_filter=Month&date_of_month_end_date=&date_of_month_start_date=&first_membership_created_end_date=&first_membership_created_start_date=&is_freebie_order=1&is_fs_member=1&membership_created_end_date=&membership_created_start_date=&month_end_date=&month_start_date=&no_of_month=2&order_end_date=2026-01-31&order_start_date=2026-01-01&service_type=&source=&store_name=&tab=207-visualization&twelve_month_trend=1,dashboard,dashboard-3604,3604,Cross Sell Dashboard,72385,Coupon Repeat Funnel,,0,table,pk_d2c_cultstore,PAGE_VIEW,pk_d2c_cultstore.PAGE_VIEW,unresolved,,query_sql|metadata_json|result_blocked,,Relation not found in local dbt manifest.
25,https://metabase.curefit.co/dashboard/3604-cross-sell-dashboard?active_end_date=2026-01-31&active_start_date=2025-04-01&business_line=&category=Indoor+Equipment&category=Indoor_Equipment-Strength&cohort=&compare_with_current_date=1&compare_with_current_month=1&consider_active_time=1&consider_city=0&coupon_code=&current_month_active_vs_expired=&current_month_trend=1&date_filter=Month&date_of_month_end_date=&date_of_month_start_date=&first_membership_created_end_date=&first_membership_created_start_date=&is_freebie_order=1&is_fs_member=1&membership_created_end_date=&membership_created_start_date=&month_end_date=&month_start_date=&no_of_month=2&order_end_date=2026-01-31&order_start_date=2026-01-01&service_type=&source=&store_name=&tab=207-visualization&twelve_month_trend=1,dashboard,dashboard-3604,3604,Cross Sell Dashboard,72385,Coupon Repeat Funnel,,0,cte,,shopify_event_data,shopify_event_data,unresolved,,query_sql|metadata_json|result_blocked,,Relation not found in local dbt manifest.
25,https://metabase.curefit.co/dashboard/3604-cross-sell-dashboard?active_end_date=2026-01-31&active_start_date=2025-04-01&business_line=&category=Indoor+Equipment&category=Indoor_Equipment-Strength&cohort=&compare_with_current_date=1&compare_with_current_month=1&consider_active_time=1&consider_city=0&coupon_code=&current_month_active_vs_expired=&current_month_trend=1&date_filter=Month&date_of_month_end_date=&date_of_month_start_date=&first_membership_created_end_date=&first_membership_created_start_date=&is_freebie_order=1&is_fs_member=1&membership_created_end_date=&membership_created_start_date=&month_end_date=&month_start_date=&no_of_month=2&order_end_date=2026-01-31&order_start_date=2026-01-01&service_type=&source=&store_name=&tab=207-visualization&twelve_month_trend=1,dashboard,dashboard-3604,3604,Cross Sell Dashboard,72385,Coupon Repeat Funnel,,0,table,pk_d2c_cultstore,atc,pk_d2c_cultstore.atc,unresolved,,query_sql|metadata_json|result_blocked,,Relation not found in local dbt manifest.
25,https://metabase.curefit.co/dashboard/3604-cross-sell-dashboard?active_end_date=2026-01-31&active_start_date=2025-04-01&business_line=&category=Indoor+Equipment&category=Indoor_Equipment-Strength&cohort=&compare_with_current_date=1&compare_with_current_month=1&consider_active_time=1&consider_city=0&coupon_code=&current_month_active_vs_expired=&current_month_trend=1&date_filter=Month&date_of_month_end_date=&date_of_month_start_date=&first_membership_created_end_date=&first_membership_created_start_date=&is_freebie_order=1&is_fs_member=1&membership_created_end_date=&membership_created_start_date=&month_end_date=&month_start_date=&no_of_month=2&order_end_date=2026-01-31&order_start_date=2026-01-01&service_type=&source=&store_name=&tab=207-visualization&twelve_month_trend=1,dashboard,dashboard-3604,3604,Cross Sell Dashboard,72385,Coupon Repeat Funnel,,0,table,pk_d2c_cultstore,checkout_clicked,pk_d2c_cultstore.checkout_clicked,unresolved,,query_sql|metadata_json|result_blocked,,Relation not found in local dbt manifest.
25,https://metabase.curefit.co/dashboard/3604-cross-sell-dashboard?active_end_date=2026-01-31&active_start_date=2025-04-01&business_line=&category=Indoor+Equipment&category=Indoor_Equipment-Strength&cohort=&compare_with_current_date=1&compare_with_current_month=1&consider_active_time=1&consider_city=0&coupon_code=&current_month_active_vs_expired=&current_month_trend=1&date_filter=Month&date_of_month_end_date=&date_of_month_start_date=&first_membership_created_end_date=&first_membership_created_start_date=&is_freebie_order=1&is_fs_member=1&membership_created_end_date=&membership_created_start_date=&month_end_date=&month_start_date=&no_of_month=2&order_end_date=2026-01-31&order_start_date=2026-01-01&service_type=&source=&store_name=&tab=207-visualization&twelve_month_trend=1,dashboard,dashboard-3604,3604,Cross Sell Dashboard,72385,Coupon Repeat Funnel,,0,table,pk_curefit_app_events,web_cultsport_page_view,pk_curefit_app_events.web_cultsport_page_view,unresolved,,query_sql|metadata_json|result_blocked,,Relation not found in local dbt manifest.
25,https://metabase.curefit.co/dashboard/3604-cross-sell-dashboard?active_end_date=2026-01-31&active_start_date=2025-04-01&business_line=&category=Indoor+Equipment&category=Indoor_Equipment-Strength&cohort=&compare_with_current_date=1&compare_with_current_month=1&consider_active_time=1&consider_city=0&coupon_code=&current_month_active_vs_expired=&current_month_trend=1&date_filter=Month&date_of_month_end_date=&date_of_month_start_date=&first_membership_created_end_date=&first_membership_created_start_date=&is_freebie_order=1&is_fs_member=1&membership_created_end_date=&membership_created_start_date=&month_end_date=&month_start_date=&no_of_month=2&order_end_date=2026-01-31&order_start_date=2026-01-01&service_type=&source=&store_name=&tab=207-visualization&twelve_month_trend=1,dashboard,dashboard-3604,3604,Cross Sell Dashboard,72385,Coupon Repeat Funnel,,0,cte,,custom_event_data,custom_event_data,unresolved,,query_sql|metadata_json|result_blocked,,Relation not found in local dbt manifest.
25,https://metabase.curefit.co/dashboard/3604-cross-sell-dashboard?active_end_date=2026-01-31&active_start_date=2025-04-01&business_line=&category=Indoor+Equipment&category=Indoor_Equipment-Strength&cohort=&compare_with_current_date=1&compare_with_current_month=1&consider_active_time=1&consider_city=0&coupon_code=&current_month_active_vs_expired=&current_month_trend=1&date_filter=Month&date_of_month_end_date=&date_of_month_start_date=&first_membership_created_end_date=&first_membership_created_start_date=&is_freebie_order=1&is_fs_member=1&membership_created_end_date=&membership_created_start_date=&month_end_date=&month_start_date=&no_of_month=2&order_end_date=2026-01-31&order_start_date=2026-01-01&service_type=&source=&store_name=&tab=207-visualization&twelve_month_trend=1,dashboard,dashboard-3604,3604,Cross Sell Dashboard,72385,Coupon Repeat Funnel,,0,table,pk_cultsport_app_events,web_cultsport_gearaddtocartclicked,pk_cultsport_app_events.web_cultsport_gearaddtocartclicked,unresolved,,query_sql|metadata_json|result_blocked,,Relation not found in local dbt manifest.
25,https://metabase.curefit.co/dashboard/3604-cross-sell-dashboard?active_end_date=2026-01-31&active_start_date=2025-04-01&business_line=&category=Indoor+Equipment&category=Indoor_Equipment-Strength&cohort=&compare_with_current_date=1&compare_with_current_month=1&consider_active_time=1&consider_city=0&coupon_code=&current_month_active_vs_expired=&current_month_trend=1&date_filter=Month&date_of_month_end_date=&date_of_month_start_date=&first_membership_created_end_date=&first_membership_created_start_date=&is_freebie_order=1&is_fs_member=1&membership_created_end_date=&membership_created_start_date=&month_end_date=&month_start_date=&no_of_month=2&order_end_date=2026-01-31&order_start_date=2026-01-01&service_type=&source=&store_name=&tab=207-visualization&twelve_month_trend=1,dashboard,dashboard-3604,3604,Cross Sell Dashboard,72385,Coupon Repeat Funnel,,0,table,pk_cultsport_app_events_backend,cultsportcartcheckoutitem_backend,pk_cultsport_app_events_backend.cultsportcartcheckoutitem_backend,unresolved,,query_sql|metadata_json|result_blocked,,Relation not found in local dbt manifest.
25,https://metabase.curefit.co/dashboard/3604-cross-sell-dashboard?active_end_date=2026-01-31&active_start_date=2025-04-01&business_line=&category=Indoor+Equipment&category=Indoor_Equipment-Strength&cohort=&compare_with_current_date=1&compare_with_current_month=1&consider_active_time=1&consider_city=0&coupon_code=&current_month_active_vs_expired=&current_month_trend=1&date_filter=Month&date_of_month_end_date=&date_of_month_start_date=&first_membership_created_end_date=&first_membership_created_start_date=&is_freebie_order=1&is_fs_member=1&membership_created_end_date=&membership_created_start_date=&month_end_date=&month_start_date=&no_of_month=2&order_end_date=2026-01-31&order_start_date=2026-01-01&service_type=&source=&store_name=&tab=207-visualization&twelve_month_trend=1,dashboard,dashboard-3604,3604,Cross Sell Dashboard,72385,Coupon Repeat Funnel,,0,cte,,shopify_home_page_view,shopify_home_page_view,unresolved,,query_sql|metadata_json|result_blocked,,Relation not found in local dbt manifest.
25,https://metabase.curefit.co/dashboard/3604-cross-sell-dashboard?active_end_date=2026-01-31&active_start_date=2025-04-01&business_line=&category=Indoor+Equipment&category=Indoor_Equipment-Strength&cohort=&compare_with_current_date=1&compare_with_current_month=1&consider_active_time=1&consider_city=0&coupon_code=&current_month_active_vs_expired=&current_month_trend=1&date_filter=Month&date_of_month_end_date=&date_of_month_start_date=&first_membership_created_end_date=&first_membership_created_start_date=&is_freebie_order=1&is_fs_member=1&membership_created_end_date=&membership_created_start_date=&month_end_date=&month_start_date=&no_of_month=2&order_end_date=2026-01-31&order_start_date=2026-01-01&service_type=&source=&store_name=&tab=207-visualization&twelve_month_trend=1,dashboard,dashboard-3604,3604,Cross Sell Dashboard,72385,Coupon Repeat Funnel,,0,cte,,custom_home_page_view,custom_home_page_view,unresolved,,query_sql|metadata_json|result_blocked,,Relation not found in local dbt manifest.
25,https://metabase.curefit.co/dashboard/3604-cross-sell-dashboard?active_end_date=2026-01-31&active_start_date=2025-04-01&business_line=&category=Indoor+Equipment&category=Indoor_Equipment-Strength&cohort=&compare_with_current_date=1&compare_with_current_month=1&consider_active_time=1&consider_city=0&coupon_code=&current_month_active_vs_expired=&current_month_trend=1&date_filter=Month&date_of_month_end_date=&date_of_month_start_date=&first_membership_created_end_date=&first_membership_created_start_date=&is_freebie_order=1&is_fs_member=1&membership_created_end_date=&membership_created_start_date=&month_end_date=&month_start_date=&no_of_month=2&order_end_date=2026-01-31&order_start_date=2026-01-01&service_type=&source=&store_name=&tab=207-visualization&twelve_month_trend=1,dashboard,dashboard-3604,3604,Cross Sell Dashboard,72385,Coupon Repeat Funnel,,0,cte,,shopify_plp_page_view,shopify_plp_page_view,unresolved,,query_sql|metadata_json|result_blocked,,Relation not found in local dbt manifest.
25,https://metabase.curefit.co/dashboard/3604-cross-sell-dashboard?active_end_date=2026-01-31&active_start_date=2025-04-01&business_line=&category=Indoor+Equipment&category=Indoor_Equipment-Strength&cohort=&compare_with_current_date=1&compare_with_current_month=1&consider_active_time=1&consider_city=0&coupon_code=&current_month_active_vs_expired=&current_month_trend=1&date_filter=Month&date_of_month_end_date=&date_of_month_start_date=&first_membership_created_end_date=&first_membership_created_start_date=&is_freebie_order=1&is_fs_member=1&membership_created_end_date=&membership_created_start_date=&month_end_date=&month_start_date=&no_of_month=2&order_end_date=2026-01-31&order_start_date=2026-01-01&service_type=&source=&store_name=&tab=207-visualization&twelve_month_trend=1,dashboard,dashboard-3604,3604,Cross Sell Dashboard,72385,Coupon Repeat Funnel,,0,cte,,custom_plp_page_view,custom_plp_page_view,unresolved,,query_sql|metadata_json|result_blocked,,Relation not found in local dbt manifest.
25,https://metabase.curefit.co/dashboard/3604-cross-sell-dashboard?active_end_date=2026-01-31&active_start_date=2025-04-01&business_line=&category=Indoor+Equipment&category=Indoor_Equipment-Strength&cohort=&compare_with_current_date=1&compare_with_current_month=1&consider_active_time=1&consider_city=0&coupon_code=&current_month_active_vs_expired=&current_month_trend=1&date_filter=Month&date_of_month_end_date=&date_of_month_start_date=&first_membership_created_end_date=&first_membership_created_start_date=&is_freebie_order=1&is_fs_member=1&membership_created_end_date=&membership_created_start_date=&month_end_date=&month_start_date=&no_of_month=2&order_end_date=2026-01-31&order_start_date=2026-01-01&service_type=&source=&store_name=&tab=207-visualization&twelve_month_trend=1,dashboard,dashboard-3604,3604,Cross Sell Dashboard,72385,Coupon Repeat Funnel,,0,cte,,shopify_pdp_page_view,shopify_pdp_page_view,unresolved,,query_sql|metadata_json|result_blocked,,Relation not found in local dbt manifest.
25,https://metabase.curefit.co/dashboard/3604-cross-sell-dashboard?active_end_date=2026-01-31&active_start_date=2025-04-01&business_line=&category=Indoor+Equipment&category=Indoor_Equipment-Strength&cohort=&compare_with_current_date=1&compare_with_current_month=1&consider_active_time=1&consider_city=0&coupon_code=&current_month_active_vs_expired=&current_month_trend=1&date_filter=Month&date_of_month_end_date=&date_of_month_start_date=&first_membership_created_end_date=&first_membership_created_start_date=&is_freebie_order=1&is_fs_member=1&membership_created_end_date=&membership_created_start_date=&month_end_date=&month_start_date=&no_of_month=2&order_end_date=2026-01-31&order_start_date=2026-01-01&service_type=&source=&store_name=&tab=207-visualization&twelve_month_trend=1,dashboard,dashboard-3604,3604,Cross Sell Dashboard,72385,Coupon Repeat Funnel,,0,cte,,custom_pdp_page_view,custom_pdp_page_view,unresolved,,query_sql|metadata_json|result_blocked,,Relation not found in local dbt manifest.
25,https://metabase.curefit.co/dashboard/3604-cross-sell-dashboard?active_end_date=2026-01-31&active_start_date=2025-04-01&business_line=&category=Indoor+Equipment&category=Indoor_Equipment-Strength&cohort=&compare_with_current_date=1&compare_with_current_month=1&consider_active_time=1&consider_city=0&coupon_code=&current_month_active_vs_expired=&current_month_trend=1&date_filter=Month&date_of_month_end_date=&date_of_month_start_date=&first_membership_created_end_date=&first_membership_created_start_date=&is_freebie_order=1&is_fs_member=1&membership_created_end_date=&membership_created_start_date=&month_end_date=&month_start_date=&no_of_month=2&order_end_date=2026-01-31&order_start_date=2026-01-01&service_type=&source=&store_name=&tab=207-visualization&twelve_month_trend=1,dashboard,dashboard-3604,3604,Cross Sell Dashboard,72385,Coupon Repeat Funnel,,0,cte,,shopify_atc,shopify_atc,unresolved,,query_sql|metadata_json|result_blocked,,Relation not found in local dbt manifest.
25,https://metabase.curefit.co/dashboard/3604-cross-sell-dashboard?active_end_date=2026-01-31&active_start_date=2025-04-01&business_line=&category=Indoor+Equipment&category=Indoor_Equipment-Strength&cohort=&compare_with_current_date=1&compare_with_current_month=1&consider_active_time=1&consider_city=0&coupon_code=&current_month_active_vs_expired=&current_month_trend=1&date_filter=Month&date_of_month_end_date=&date_of_month_start_date=&first_membership_created_end_date=&first_membership_created_start_date=&is_freebie_order=1&is_fs_member=1&membership_created_end_date=&membership_created_start_date=&month_end_date=&month_start_date=&no_of_month=2&order_end_date=2026-01-31&order_start_date=2026-01-01&service_type=&source=&store_name=&tab=207-visualization&twelve_month_trend=1,dashboard,dashboard-3604,3604,Cross Sell Dashboard,72385,Coupon Repeat Funnel,,0,cte,,custom_atc,custom_atc,unresolved,,query_sql|metadata_json|result_blocked,,Relation not found in local dbt manifest.
25,https://metabase.curefit.co/dashboard/3604-cross-sell-dashboard?active_end_date=2026-01-31&active_start_date=2025-04-01&business_line=&category=Indoor+Equipment&category=Indoor_Equipment-Strength&cohort=&compare_with_current_date=1&compare_with_current_month=1&consider_active_time=1&consider_city=0&coupon_code=&current_month_active_vs_expired=&current_month_trend=1&date_filter=Month&date_of_month_end_date=&date_of_month_start_date=&first_membership_created_end_date=&first_membership_created_start_date=&is_freebie_order=1&is_fs_member=1&membership_created_end_date=&membership_created_start_date=&month_end_date=&month_start_date=&no_of_month=2&order_end_date=2026-01-31&order_start_date=2026-01-01&service_type=&source=&store_name=&tab=207-visualization&twelve_month_trend=1,dashboard,dashboard-3604,3604,Cross Sell Dashboard,72385,Coupon Repeat Funnel,,0,cte,,shopify_checkout,shopify_checkout,unresolved,,query_sql|metadata_json|result_blocked,,Relation not found in local dbt manifest.
25,https://metabase.curefit.co/dashboard/3604-cross-sell-dashboard?active_end_date=2026-01-31&active_start_date=2025-04-01&business_line=&category=Indoor+Equipment&category=Indoor_Equipment-Strength&cohort=&compare_with_current_date=1&compare_with_current_month=1&consider_active_time=1&consider_city=0&coupon_code=&current_month_active_vs_expired=&current_month_trend=1&date_filter=Month&date_of_month_end_date=&date_of_month_start_date=&first_membership_created_end_date=&first_membership_created_start_date=&is_freebie_order=1&is_fs_member=1&membership_created_end_date=&membership_created_start_date=&month_end_date=&month_start_date=&no_of_month=2&order_end_date=2026-01-31&order_start_date=2026-01-01&service_type=&source=&store_name=&tab=207-visualization&twelve_month_trend=1,dashboard,dashboard-3604,3604,Cross Sell Dashboard,72385,Coupon Repeat Funnel,,0,cte,,custom_checkout,custom_checkout,unresolved,,query_sql|metadata_json|result_blocked,,Relation not found in local dbt manifest.
25,https://metabase.curefit.co/dashboard/3604-cross-sell-dashboard?active_end_date=2026-01-31&active_start_date=2025-04-01&business_line=&category=Indoor+Equipment&category=Indoor_Equipment-Strength&cohort=&compare_with_current_date=1&compare_with_current_month=1&consider_active_time=1&consider_city=0&coupon_code=&current_month_active_vs_expired=&current_month_trend=1&date_filter=Month&date_of_month_end_date=&date_of_month_start_date=&first_membership_created_end_date=&first_membership_created_start_date=&is_freebie_order=1&is_fs_member=1&membership_created_end_date=&membership_created_start_date=&month_end_date=&month_start_date=&no_of_month=2&order_end_date=2026-01-31&order_start_date=2026-01-01&service_type=&source=&store_name=&tab=207-visualization&twelve_month_trend=1,dashboard,dashboard-3604,3604,Cross Sell Dashboard,72385,Coupon Repeat Funnel,,0,cte,,home_page_view_combined,home_page_view_combined,unresolved,,query_sql|metadata_json|result_blocked,,Relation not found in local dbt manifest.
25,https://metabase.curefit.co/dashboard/3604-cross-sell-dashboard?active_end_date=2026-01-31&active_start_date=2025-04-01&business_line=&category=Indoor+Equipment&category=Indoor_Equipment-Strength&cohort=&compare_with_current_date=1&compare_with_current_month=1&consider_active_time=1&consider_city=0&coupon_code=&current_month_active_vs_expired=&current_month_trend=1&date_filter=Month&date_of_month_end_date=&date_of_month_start_date=&first_membership_created_end_date=&first_membership_created_start_date=&is_freebie_order=1&is_fs_member=1&membership_created_end_date=&membership_created_start_date=&month_end_date=&month_start_date=&no_of_month=2&order_end_date=2026-01-31&order_start_date=2026-01-01&service_type=&source=&store_name=&tab=207-visualization&twelve_month_trend=1,dashboard,dashboard-3604,3604,Cross Sell Dashboard,72385,Coupon Repeat Funnel,,0,cte,,plp_page_view_combined,plp_page_view_combined,unresolved,,query_sql|metadata_json|result_blocked,,Relation not found in local dbt manifest.
25,https://metabase.curefit.co/dashboard/3604-cross-sell-dashboard?active_end_date=2026-01-31&active_start_date=2025-04-01&business_line=&category=Indoor+Equipment&category=Indoor_Equipment-Strength&cohort=&compare_with_current_date=1&compare_with_current_month=1&consider_active_time=1&consider_city=0&coupon_code=&current_month_active_vs_expired=&current_month_trend=1&date_filter=Month&date_of_month_end_date=&date_of_month_start_date=&first_membership_created_end_date=&first_membership_created_start_date=&is_freebie_order=1&is_fs_member=1&membership_created_end_date=&membership_created_start_date=&month_end_date=&month_start_date=&no_of_month=2&order_end_date=2026-01-31&order_start_date=2026-01-01&service_type=&source=&store_name=&tab=207-visualization&twelve_month_trend=1,dashboard,dashboard-3604,3604,Cross Sell Dashboard,72385,Coupon Repeat Funnel,,0,cte,,pdp_page_view_combined,pdp_page_view_combined,unresolved,,query_sql|metadata_json|result_blocked,,Relation not found in local dbt manifest.
25,https://metabase.curefit.co/dashboard/3604-cross-sell-dashboard?active_end_date=2026-01-31&active_start_date=2025-04-01&business_line=&category=Indoor+Equipment&category=Indoor_Equipment-Strength&cohort=&compare_with_current_date=1&compare_with_current_month=1&consider_active_time=1&consider_city=0&coupon_code=&current_month_active_vs_expired=&current_month_trend=1&date_filter=Month&date_of_month_end_date=&date_of_month_start_date=&first_membership_created_end_date=&first_membership_created_start_date=&is_freebie_order=1&is_fs_member=1&membership_created_end_date=&membership_created_start_date=&month_end_date=&month_start_date=&no_of_month=2&order_end_date=2026-01-31&order_start_date=2026-01-01&service_type=&source=&store_name=&tab=207-visualization&twelve_month_trend=1,dashboard,dashboard-3604,3604,Cross Sell Dashboard,72385,Coupon Repeat Funnel,,0,cte,,atc_combined,atc_combined,unresolved,,query_sql|metadata_json|result_blocked,,Relation not found in local dbt manifest.
25,https://metabase.curefit.co/dashboard/3604-cross-sell-dashboard?active_end_date=2026-01-31&active_start_date=2025-04-01&business_line=&category=Indoor+Equipment&category=Indoor_Equipment-Strength&cohort=&compare_with_current_date=1&compare_with_current_month=1&consider_active_time=1&consider_city=0&coupon_code=&current_month_active_vs_expired=&current_month_trend=1&date_filter=Month&date_of_month_end_date=&date_of_month_start_date=&first_membership_created_end_date=&first_membership_created_start_date=&is_freebie_order=1&is_fs_member=1&membership_created_end_date=&membership_created_start_date=&month_end_date=&month_start_date=&no_of_month=2&order_end_date=2026-01-31&order_start_date=2026-01-01&service_type=&source=&store_name=&tab=207-visualization&twelve_month_trend=1,dashboard,dashboard-3604,3604,Cross Sell Dashboard,72385,Coupon Repeat Funnel,,0,cte,,checkout_combined,checkout_combined,unresolved,,query_sql|metadata_json|result_blocked,,Relation not found in local dbt manifest.
25,https://metabase.curefit.co/dashboard/3604-cross-sell-dashboard?active_end_date=2026-01-31&active_start_date=2025-04-01&business_line=&category=Indoor+Equipment&category=Indoor_Equipment-Strength&cohort=&compare_with_current_date=1&compare_with_current_month=1&consider_active_time=1&consider_city=0&coupon_code=&current_month_active_vs_expired=&current_month_trend=1&date_filter=Month&date_of_month_end_date=&date_of_month_start_date=&first_membership_created_end_date=&first_membership_created_start_date=&is_freebie_order=1&is_fs_member=1&membership_created_end_date=&membership_created_start_date=&month_end_date=&month_start_date=&no_of_month=2&order_end_date=2026-01-31&order_start_date=2026-01-01&service_type=&source=&store_name=&tab=207-visualization&twelve_month_trend=1,dashboard,dashboard-3604,3604,Cross Sell Dashboard,72385,Coupon Repeat Funnel,,0,cte,,order_data_freebie_users,order_data_freebie_users,unresolved,,query_sql|metadata_json|result_blocked,,Relation not found in local dbt manifest.
